{"credit":"Made with Blockbench","textures":{"3":"block/blue_wool","9":"block/jungle_log","particle":"block/gray_concrete"},"elements":[{"from":[-12.5,30.8,-11],"to":[27.5,31.8,26],"rotation":{"angle":0,"axis":"x","origin":[8.5,31.3,-2.5]},"faces":{"north":{"uv":[0,0,16,1],"texture":"#3"},"east":{"uv":[0,0,16,1],"texture":"#3"},"south":{"uv":[0,0,16,1],"texture":"#3"},"west":{"uv":[0,0,16,1],"texture":"#3"},"up":{"uv":[0,0,16,16],"texture":"#3"},"down":{"uv":[0,0,16,16],"texture":"#3"}}},{"from":[6.5,-3,6.5],"to":[8.5,31,8.5],"rotation":{"angle":0,"axis":"y","origin":[8,-2.5,8]},"faces":{"north":{"uv":[0,0,1,16],"texture":"#9"},"east":{"uv":[0,0,1,16],"texture":"#9"},"south":{"uv":[0,0,1,16],"texture":"#9"},"west":{"uv":[0,0,1,16],"texture":"#9"},"up":{"uv":[0,0,1,16],"texture":"#9"},"down":{"uv":[0,0,1,16],"texture":"#9"}}}],"display":{"thirdperson_righthand":{"rotation":[34,45,0],"translation":[0,0.5,0.25],"scale":[0.15,0.15,0.15]},"firstperson_righthand":{"rotation":[0,48,0],"translation":[-0.25,3,1.75],"scale":[0.3,0.3,0.3]},"ground":{"translation":[0,4.5,0],"scale":[0.15,0.15,0.15]},"gui":{"rotation":[12,60,0],"translation":[0.25,-3.25,0],"scale":[0.31,0.34,0.31]},"head":{"rotation":[0,-180,0],"translation":[-1.25,-16.5,-1.25],"scale":[2.5,2.5,2.5]},"fixed":{"rotation":[0,90,0],"translation":[0.75,-0.75,-2],"scale":[0.3,0.3,0.3]}}}