{
	"credit": "Made with Blockbench",
	"textures": {
		"0": "items/rgbsheet1",
		"1": "items/glasspanetexture",
		"2": "items/qavassets1",
		"3": "items/qavlicenseplates",
		"5": "items/negrosmooth",
		"particle": "items/rgbsheet1"
	},
	"elements": [
		{
			"from": [-0.01, 2.5, -4.25],
			"to": [0.24, 13, 11.5],
			"faces": {
				"north": {"uv": [8, 12, 16, 16], "texture": "#5"},
				"east": {"uv": [8, 12, 16, 16], "texture": "#5"},
				"south": {"uv": [8, 12, 16, 16], "texture": "#5"},
				"west": {"uv": [8, 12, 16, 16], "texture": "#5"},
				"up": {"uv": [8, 12, 16, 16], "texture": "#5"},
				"down": {"uv": [8, 12, 16, 16], "texture": "#5"}
			}
		},
		{
			"from": [15.75, 2.5, -4.25],
			"to": [16, 13, 11.5],
			"faces": {
				"north": {"uv": [8, 12, 16, 16], "texture": "#5"},
				"east": {"uv": [8, 12, 16, 16], "texture": "#5"},
				"south": {"uv": [8, 12, 16, 16], "texture": "#5"},
				"west": {"uv": [8, 12, 16, 16], "texture": "#5"},
				"up": {"uv": [8, 12, 16, 16], "texture": "#5"},
				"down": {"uv": [8, 12, 16, 16], "texture": "#5"}
			}
		},
		{
			"from": [0, 21.25, 1.75],
			"to": [16, 22.25, 11.5],
			"faces": {
				"north": {"uv": [8, 12, 16, 16], "texture": "#5"},
				"east": {"uv": [8, 12, 16, 16], "texture": "#5"},
				"south": {"uv": [8, 12, 16, 16], "texture": "#5"},
				"west": {"uv": [8, 12, 16, 16], "texture": "#5"},
				"up": {"uv": [8, 12, 16, 16], "texture": "#5"},
				"down": {"uv": [8, 12, 16, 16], "texture": "#5"}
			}
		},
		{
			"from": [0, 20.5, -1.25],
			"to": [16, 21.25, 11.5],
			"faces": {
				"north": {"uv": [8, 12, 16, 16], "texture": "#5"},
				"east": {"uv": [8, 12, 16, 16], "texture": "#5"},
				"south": {"uv": [8, 12, 16, 16], "texture": "#5"},
				"west": {"uv": [8, 12, 16, 16], "texture": "#5"},
				"up": {"uv": [8, 12, 16, 16], "texture": "#5"},
				"down": {"uv": [8, 12, 16, 16], "texture": "#5"}
			}
		},
		{
			"from": [14, 11.75, -2.25],
			"to": [16, 21.25, -1.75],
			"rotation": {"angle": 22.5, "axis": "x", "origin": [22, 18.5, -2]},
			"faces": {
				"north": {"uv": [8, 12, 16, 16], "rotation": 180, "texture": "#5"},
				"east": {"uv": [8, 12, 16, 16], "rotation": 180, "texture": "#5"},
				"south": {"uv": [8, 12, 16, 16], "rotation": 180, "texture": "#5"},
				"west": {"uv": [8, 12, 16, 16], "rotation": 180, "texture": "#5"},
				"up": {"uv": [8, 12, 16, 16], "rotation": 180, "texture": "#5"},
				"down": {"uv": [8, 12, 16, 16], "rotation": 180, "texture": "#5"}
			}
		},
		{
			"from": [2, 11.5, -2.25],
			"to": [14, 21.25, -1.75],
			"rotation": {"angle": 22.5, "axis": "x", "origin": [10, 18.5, -2]},
			"faces": {
				"north": {"uv": [0, 0, 16, 16], "rotation": 180, "texture": "#1"},
				"east": {"uv": [0, 0, 16, 16], "rotation": 180, "texture": "#1"},
				"south": {"uv": [0, 0, 16, 16], "rotation": 180, "texture": "#1"},
				"west": {"uv": [0, 0, 16, 16], "rotation": 180, "texture": "#1"},
				"up": {"uv": [0, 0, 16, 16], "rotation": 180, "texture": "#1"},
				"down": {"uv": [0, 0, 16, 16], "rotation": 180, "texture": "#1"}
			}
		},
		{
			"from": [0, 11.75, -2.25],
			"to": [2, 21.25, -1.75],
			"rotation": {"angle": 22.5, "axis": "x", "origin": [8, 18.5, -2]},
			"faces": {
				"north": {"uv": [8, 12, 16, 16], "rotation": 180, "texture": "#5"},
				"east": {"uv": [8, 12, 16, 16], "rotation": 180, "texture": "#5"},
				"south": {"uv": [8, 12, 16, 16], "rotation": 180, "texture": "#5"},
				"west": {"uv": [8, 12, 16, 16], "rotation": 180, "texture": "#5"},
				"up": {"uv": [8, 12, 16, 16], "rotation": 180, "texture": "#5"},
				"down": {"uv": [8, 12, 16, 16], "rotation": 180, "texture": "#5"}
			}
		},
		{
			"from": [0, 3.75, 31.5],
			"to": [15.75, 5.5, 32],
			"faces": {
				"north": {"uv": [14, 14, 15, 15], "texture": "#0"},
				"east": {"uv": [14, 14, 15, 15], "texture": "#0"},
				"south": {"uv": [14, 14, 15, 15], "texture": "#0"},
				"west": {"uv": [14, 14, 15, 15], "texture": "#0"},
				"up": {"uv": [14, 14, 15, 15], "texture": "#0"},
				"down": {"uv": [14, 14, 15, 15], "texture": "#0"}
			}
		},
		{
			"from": [15, 1.75, 9.25],
			"to": [17, 26.5, 11.25],
			"faces": {
				"north": {"uv": [9, 14, 10, 15], "texture": "#0"},
				"east": {"uv": [9, 14, 10, 15], "texture": "#0"},
				"south": {"uv": [9, 14, 10, 15], "texture": "#0"},
				"west": {"uv": [9, 14, 10, 15], "texture": "#0"},
				"up": {"uv": [9, 14, 10, 15], "texture": "#0"},
				"down": {"uv": [9, 14, 10, 15], "texture": "#0"}
			}
		},
		{
			"from": [-0.25, -0.25, -10.75],
			"to": [13.75, 0.5, -8.75],
			"faces": {
				"north": {"uv": [9, 14, 10, 15], "texture": "#0"},
				"east": {"uv": [9, 14, 10, 15], "texture": "#0"},
				"south": {"uv": [9, 14, 10, 15], "texture": "#0"},
				"west": {"uv": [9, 14, 10, 15], "texture": "#0"},
				"up": {"uv": [9, 14, 10, 15], "texture": "#0"},
				"down": {"uv": [9, 14, 10, 15], "texture": "#0"}
			}
		},
		{
			"from": [-0.25, -0.25, 17.25],
			"to": [13.75, 0.5, 19.25],
			"faces": {
				"north": {"uv": [9, 14, 10, 15], "texture": "#0"},
				"east": {"uv": [9, 14, 10, 15], "texture": "#0"},
				"south": {"uv": [9, 14, 10, 15], "texture": "#0"},
				"west": {"uv": [9, 14, 10, 15], "texture": "#0"},
				"up": {"uv": [9, 14, 10, 15], "texture": "#0"},
				"down": {"uv": [9, 14, 10, 15], "texture": "#0"}
			}
		},
		{
			"from": [-0.25, -0.25, 26.25],
			"to": [13.75, 0.5, 28.25],
			"faces": {
				"north": {"uv": [9, 14, 10, 15], "texture": "#0"},
				"east": {"uv": [9, 14, 10, 15], "texture": "#0"},
				"south": {"uv": [9, 14, 10, 15], "texture": "#0"},
				"west": {"uv": [9, 14, 10, 15], "texture": "#0"},
				"up": {"uv": [9, 14, 10, 15], "texture": "#0"},
				"down": {"uv": [9, 14, 10, 15], "texture": "#0"}
			}
		},
		{
			"from": [6.75, -0.25, -10.75],
			"to": [8.75, 0.5, 28.25],
			"faces": {
				"north": {"uv": [9, 14, 10, 15], "texture": "#0"},
				"east": {"uv": [9, 14, 10, 15], "texture": "#0"},
				"south": {"uv": [9, 14, 10, 15], "texture": "#0"},
				"west": {"uv": [9, 14, 10, 15], "texture": "#0"},
				"up": {"uv": [9, 14, 10, 15], "texture": "#0"},
				"down": {"uv": [9, 14, 10, 15], "texture": "#0"}
			}
		},
		{
			"from": [-1.25, 1.75, 9.25],
			"to": [0.75, 26.5, 11.25],
			"faces": {
				"north": {"uv": [9, 14, 10, 15], "texture": "#0"},
				"east": {"uv": [9, 14, 10, 15], "texture": "#0"},
				"south": {"uv": [9, 14, 10, 15], "texture": "#0"},
				"west": {"uv": [9, 14, 10, 15], "texture": "#0"},
				"up": {"uv": [9, 14, 10, 15], "texture": "#0"},
				"down": {"uv": [9, 14, 10, 15], "texture": "#0"}
			}
		},
		{
			"from": [0, 3.75, 8],
			"to": [15.75, 21, 11.5],
			"faces": {
				"north": {"uv": [8, 12, 16, 16], "texture": "#5"},
				"east": {"uv": [8, 12, 16, 16], "texture": "#5"},
				"south": {"uv": [8, 12, 16, 16], "texture": "#5"},
				"west": {"uv": [8, 12, 16, 16], "texture": "#5"},
				"up": {"uv": [8, 12, 16, 16], "texture": "#5"},
				"down": {"uv": [8, 12, 16, 16], "texture": "#5"}
			}
		},
		{
			"from": [1.75, 10, -4.25],
			"to": [14.25, 12, -2],
			"faces": {
				"north": {"uv": [14, 14, 15, 15], "texture": "#0"},
				"east": {"uv": [14, 14, 15, 15], "texture": "#0"},
				"south": {"uv": [14, 14, 15, 15], "texture": "#0"},
				"west": {"uv": [14, 14, 15, 15], "texture": "#0"},
				"up": {"uv": [14, 14, 15, 15], "texture": "#0"},
				"down": {"uv": [14, 14, 15, 15], "texture": "#0"}
			}
		},
		{
			"from": [5.25, 10.25, -2.75],
			"to": [9, 11.75, -1.25],
			"faces": {
				"north": {"uv": [10, 14, 13, 15], "texture": "#0"},
				"east": {"uv": [10, 14, 13, 15], "texture": "#0"},
				"south": {"uv": [10, 14, 13, 15], "texture": "#0"},
				"west": {"uv": [10, 14, 13, 15], "texture": "#0"},
				"up": {"uv": [10, 14, 13, 15], "texture": "#0"},
				"down": {"uv": [10, 14, 13, 15], "texture": "#0"}
			}
		},
		{
			"from": [6, 1.25, -16],
			"to": [11.5, 2.25, -15.9],
			"faces": {
				"north": {"uv": [0, 4, 8, 6], "texture": "#3"},
				"east": {"uv": [0, 12, 16, 16], "texture": "#0"},
				"south": {"uv": [0, 12, 16, 16], "texture": "#0"},
				"west": {"uv": [0, 12, 16, 16], "texture": "#0"},
				"up": {"uv": [0, 12, 16, 16], "texture": "#0"},
				"down": {"uv": [0, 12, 16, 16], "texture": "#0"}
			}
		},
		{
			"from": [0, 1.75, -6.75],
			"to": [16, 3.75, -4.5],
			"faces": {
				"north": {"uv": [14, 14, 15, 15], "texture": "#0"},
				"east": {"uv": [14, 14, 15, 15], "texture": "#0"},
				"south": {"uv": [14, 14, 15, 15], "texture": "#0"},
				"west": {"uv": [14, 14, 15, 15], "texture": "#0"},
				"up": {"uv": [14, 14, 15, 15], "texture": "#0"},
				"down": {"uv": [14, 14, 15, 15], "texture": "#0"}
			}
		},
		{
			"from": [3, 12.25, -16],
			"to": [13, 12.75, -15],
			"faces": {
				"north": {"uv": [14, 14, 15, 15], "texture": "#0"},
				"east": {"uv": [14, 14, 15, 15], "texture": "#0"},
				"south": {"uv": [14, 14, 15, 15], "texture": "#0"},
				"west": {"uv": [14, 14, 15, 15], "texture": "#0"},
				"up": {"uv": [14, 14, 15, 15], "texture": "#0"},
				"down": {"uv": [14, 14, 15, 15], "texture": "#0"}
			}
		},
		{
			"from": [0, 1.75, -15],
			"to": [16, 5.25, -5.75],
			"faces": {
				"north": {"uv": [8, 12, 16, 16], "texture": "#5"},
				"east": {"uv": [8, 12, 16, 16], "texture": "#5"},
				"south": {"uv": [8, 12, 16, 16], "texture": "#5"},
				"west": {"uv": [8, 12, 16, 16], "texture": "#5"},
				"up": {"uv": [8, 12, 16, 16], "texture": "#5"},
				"down": {"uv": [8, 12, 16, 16], "texture": "#5"}
			}
		},
		{
			"from": [0, 1.75, -6],
			"to": [16, 12.75, -3],
			"faces": {
				"north": {"uv": [8, 12, 16, 16], "texture": "#5"},
				"east": {"uv": [8, 12, 16, 16], "texture": "#5"},
				"south": {"uv": [8, 12, 16, 16], "texture": "#5"},
				"west": {"uv": [8, 12, 16, 16], "texture": "#5"},
				"up": {"uv": [8, 12, 16, 16], "texture": "#5"},
				"down": {"uv": [8, 12, 16, 16], "texture": "#5"}
			}
		},
		{
			"from": [3, 2.75, -15.25],
			"to": [13, 12.75, -5],
			"faces": {
				"north": {"uv": [8, 12, 16, 16], "texture": "#5"},
				"east": {"uv": [8, 12, 16, 16], "texture": "#5"},
				"south": {"uv": [8, 12, 16, 16], "texture": "#5"},
				"west": {"uv": [8, 12, 16, 16], "texture": "#5"},
				"up": {"uv": [8, 12, 16, 16], "texture": "#5"},
				"down": {"uv": [8, 12, 16, 16], "texture": "#5"}
			}
		},
		{
			"from": [3, 4.25, -15.75],
			"to": [13, 12.25, -15.25],
			"faces": {
				"north": {"uv": [7.5, 4, 12.5, 8], "texture": "#2"},
				"east": {"uv": [7.5, 4, 12.5, 8], "texture": "#2"},
				"south": {"uv": [7.5, 4, 12.5, 8], "texture": "#2"},
				"west": {"uv": [7.5, 4, 12.5, 8], "texture": "#2"},
				"up": {"uv": [7.5, 4, 12.5, 8], "texture": "#2"},
				"down": {"uv": [7.5, 4, 12.5, 8], "texture": "#2"}
			}
		},
		{
			"from": [0, 0.75, -15.75],
			"to": [16, 4.25, -15],
			"faces": {
				"north": {"uv": [8, 15, 9, 16], "texture": "#0"},
				"east": {"uv": [8, 15, 9, 16], "texture": "#0"},
				"south": {"uv": [8, 15, 9, 16], "texture": "#0"},
				"west": {"uv": [8, 15, 9, 16], "texture": "#0"},
				"up": {"uv": [8, 15, 9, 16], "texture": "#0"},
				"down": {"uv": [8, 15, 9, 16], "texture": "#0"}
			}
		},
		{
			"from": [4, 4, 11.25],
			"to": [12, 7.75, 31.45],
			"faces": {
				"north": {"uv": [0, 12, 4, 16], "texture": "#2"},
				"east": {"uv": [0, 12, 4, 16], "texture": "#2"},
				"south": {"uv": [0, 12, 4, 16], "texture": "#2"},
				"west": {"uv": [0, 12, 4, 16], "texture": "#2"},
				"up": {"uv": [0, 12, 4, 16], "texture": "#2"},
				"down": {"uv": [0, 12, 4, 16], "texture": "#2"}
			}
		},
		{
			"from": [0, 0.75, -15],
			"to": [16, 4, 31.5],
			"faces": {
				"north": {"uv": [8, 12, 16, 16], "texture": "#5"},
				"east": {"uv": [8, 12, 16, 16], "texture": "#5"},
				"south": {"uv": [8, 12, 16, 16], "texture": "#5"},
				"west": {"uv": [8, 12, 16, 16], "texture": "#5"},
				"up": {"uv": [8, 12, 16, 16], "texture": "#5"},
				"down": {"uv": [8, 12, 16, 16], "texture": "#5"}
			}
		},
		{
			"from": [8.5, 5.75, 0],
			"to": [15.5, 9.75, 6],
			"faces": {
				"north": {"uv": [0, 4, 4, 8], "texture": "#2"},
				"east": {"uv": [0, 4, 4, 8], "texture": "#2"},
				"south": {"uv": [0, 4, 4, 8], "texture": "#2"},
				"west": {"uv": [0, 4, 4, 8], "texture": "#2"},
				"up": {"uv": [0, 4, 4, 8], "texture": "#2"},
				"down": {"uv": [0, 4, 4, 8], "texture": "#2"}
			}
		},
		{
			"from": [8.5, 5.75, 6],
			"to": [15.5, 15.75, 7],
			"faces": {
				"north": {"uv": [0, 4, 4, 8], "texture": "#2"},
				"east": {"uv": [0, 4, 4, 8], "texture": "#2"},
				"south": {"uv": [0, 4, 4, 8], "texture": "#2"},
				"west": {"uv": [0, 4, 4, 8], "texture": "#2"},
				"up": {"uv": [0, 4, 4, 8], "texture": "#2"},
				"down": {"uv": [0, 4, 4, 8], "texture": "#2"}
			}
		},
		{
			"from": [0.75, 5.75, 0],
			"to": [7.75, 9.75, 6],
			"faces": {
				"north": {"uv": [0, 4, 4, 8], "texture": "#2"},
				"east": {"uv": [0, 4, 4, 8], "texture": "#2"},
				"south": {"uv": [0, 4, 4, 8], "texture": "#2"},
				"west": {"uv": [0, 4, 4, 8], "texture": "#2"},
				"up": {"uv": [0, 4, 4, 8], "texture": "#2"},
				"down": {"uv": [0, 4, 4, 8], "texture": "#2"}
			}
		},
		{
			"from": [0.75, 5.75, 6],
			"to": [7.75, 15.75, 7],
			"faces": {
				"north": {"uv": [0, 4, 4, 8], "texture": "#2"},
				"east": {"uv": [0, 4, 4, 8], "texture": "#2"},
				"south": {"uv": [0, 4, 4, 8], "texture": "#2"},
				"west": {"uv": [0, 4, 4, 8], "texture": "#2"},
				"up": {"uv": [0, 4, 4, 8], "texture": "#2"},
				"down": {"uv": [0, 4, 4, 8], "texture": "#2"}
			}
		},
		{
			"from": [2.5, 11, -2.5],
			"to": [3.5, 11.75, -0.5],
			"faces": {
				"north": {"uv": [12, 14, 13, 15], "texture": "#0"},
				"east": {"uv": [12, 14, 13, 15], "texture": "#0"},
				"south": {"uv": [12, 14, 13, 15], "texture": "#0"},
				"west": {"uv": [12, 14, 13, 15], "texture": "#0"},
				"up": {"uv": [12, 14, 13, 15], "texture": "#0"},
				"down": {"uv": [12, 14, 13, 15], "texture": "#0"}
			}
		},
		{
			"from": [1.75, 12.75, -0.5],
			"to": [2, 13, 0],
			"faces": {
				"north": {"uv": [12, 14, 13, 15], "texture": "#0"},
				"east": {"uv": [12, 14, 13, 15], "texture": "#0"},
				"south": {"uv": [12, 14, 13, 15], "texture": "#0"},
				"west": {"uv": [12, 14, 13, 15], "texture": "#0"},
				"up": {"uv": [12, 14, 13, 15], "texture": "#0"},
				"down": {"uv": [12, 14, 13, 15], "texture": "#0"}
			}
		},
		{
			"from": [1.5, 10.75, -0.5],
			"to": [1.75, 12.75, 0],
			"faces": {
				"north": {"uv": [12, 14, 13, 15], "texture": "#0"},
				"east": {"uv": [12, 14, 13, 15], "texture": "#0"},
				"south": {"uv": [12, 14, 13, 15], "texture": "#0"},
				"west": {"uv": [12, 14, 13, 15], "texture": "#0"},
				"up": {"uv": [12, 14, 13, 15], "texture": "#0"},
				"down": {"uv": [12, 14, 13, 15], "texture": "#0"}
			}
		},
		{
			"from": [2, 11, -0.5],
			"to": [4, 12.5, 0],
			"faces": {
				"north": {"uv": [12, 14, 13, 15], "texture": "#0"},
				"east": {"uv": [12, 14, 13, 15], "texture": "#0"},
				"south": {"uv": [12, 14, 13, 15], "texture": "#0"},
				"west": {"uv": [12, 14, 13, 15], "texture": "#0"},
				"up": {"uv": [12, 14, 13, 15], "texture": "#0"},
				"down": {"uv": [12, 14, 13, 15], "texture": "#0"}
			}
		},
		{
			"from": [2, 10.25, -0.5],
			"to": [4, 10.5, 0],
			"faces": {
				"north": {"uv": [12, 14, 13, 15], "texture": "#0"},
				"east": {"uv": [12, 14, 13, 15], "texture": "#0"},
				"south": {"uv": [12, 14, 13, 15], "texture": "#0"},
				"west": {"uv": [12, 14, 13, 15], "texture": "#0"},
				"up": {"uv": [12, 14, 13, 15], "texture": "#0"},
				"down": {"uv": [12, 14, 13, 15], "texture": "#0"}
			}
		},
		{
			"from": [1.75, 10.5, -0.5],
			"to": [2, 10.75, 0],
			"faces": {
				"north": {"uv": [12, 14, 13, 15], "texture": "#0"},
				"east": {"uv": [12, 14, 13, 15], "texture": "#0"},
				"south": {"uv": [12, 14, 13, 15], "texture": "#0"},
				"west": {"uv": [12, 14, 13, 15], "texture": "#0"},
				"up": {"uv": [12, 14, 13, 15], "texture": "#0"},
				"down": {"uv": [12, 14, 13, 15], "texture": "#0"}
			}
		},
		{
			"from": [4, 10.5, -0.5],
			"to": [4.25, 10.75, 0],
			"faces": {
				"north": {"uv": [12, 14, 13, 15], "texture": "#0"},
				"east": {"uv": [12, 14, 13, 15], "texture": "#0"},
				"south": {"uv": [12, 14, 13, 15], "texture": "#0"},
				"west": {"uv": [12, 14, 13, 15], "texture": "#0"},
				"up": {"uv": [12, 14, 13, 15], "texture": "#0"},
				"down": {"uv": [12, 14, 13, 15], "texture": "#0"}
			}
		},
		{
			"from": [4.25, 10.75, -0.5],
			"to": [4.5, 12.75, 0],
			"faces": {
				"north": {"uv": [12, 14, 13, 15], "texture": "#0"},
				"east": {"uv": [12, 14, 13, 15], "texture": "#0"},
				"south": {"uv": [12, 14, 13, 15], "texture": "#0"},
				"west": {"uv": [12, 14, 13, 15], "texture": "#0"},
				"up": {"uv": [12, 14, 13, 15], "texture": "#0"},
				"down": {"uv": [12, 14, 13, 15], "texture": "#0"}
			}
		},
		{
			"from": [4, 12.75, -0.5],
			"to": [4.25, 13, 0],
			"faces": {
				"north": {"uv": [12, 14, 13, 15], "texture": "#0"},
				"east": {"uv": [12, 14, 13, 15], "texture": "#0"},
				"south": {"uv": [12, 14, 13, 15], "texture": "#0"},
				"west": {"uv": [12, 14, 13, 15], "texture": "#0"},
				"up": {"uv": [12, 14, 13, 15], "texture": "#0"},
				"down": {"uv": [12, 14, 13, 15], "texture": "#0"}
			}
		},
		{
			"from": [2, 13, -0.5],
			"to": [4, 13.25, 0],
			"faces": {
				"north": {"uv": [12, 14, 13, 15], "texture": "#0"},
				"east": {"uv": [12, 14, 13, 15], "texture": "#0"},
				"south": {"uv": [12, 14, 13, 15], "texture": "#0"},
				"west": {"uv": [12, 14, 13, 15], "texture": "#0"},
				"up": {"uv": [12, 14, 13, 15], "texture": "#0"},
				"down": {"uv": [12, 14, 13, 15], "texture": "#0"}
			}
		},
		{
			"from": [-0.75, -1, 24.5],
			"to": [2.75, 1.5, 30.5],
			"rotation": {"angle": 45, "axis": "x", "origin": [1, 0.25, 27.5]},
			"faces": {
				"north": {"uv": [0, 12, 4, 16], "texture": "#2"},
				"east": {"uv": [0, 9, 4, 11], "texture": "#2"},
				"south": {"uv": [0, 12, 4, 16], "texture": "#2"},
				"west": {"uv": [0, 9, 4, 11], "texture": "#2"},
				"up": {"uv": [0, 12, 4, 16], "texture": "#2"},
				"down": {"uv": [0, 12, 4, 16], "texture": "#2"}
			}
		},
		{
			"from": [-0.75, -1, 24.5],
			"to": [2.75, 1.5, 30.5],
			"faces": {
				"north": {"uv": [0, 12, 4, 16], "texture": "#2"},
				"east": {"uv": [0, 9, 4, 11], "texture": "#2"},
				"south": {"uv": [0, 12, 4, 16], "texture": "#2"},
				"west": {"uv": [0, 9, 4, 11], "texture": "#2"},
				"up": {"uv": [0, 12, 4, 16], "texture": "#2"},
				"down": {"uv": [0, 12, 4, 16], "texture": "#2"}
			}
		},
		{
			"from": [-0.75, -1, 24.5],
			"to": [2.75, 1.5, 30.5],
			"rotation": {"angle": -45, "axis": "x", "origin": [1, 0.25, 27.5]},
			"faces": {
				"north": {"uv": [0, 12, 4, 16], "texture": "#2"},
				"east": {"uv": [0, 9, 4, 11], "texture": "#2"},
				"south": {"uv": [0, 12, 4, 16], "texture": "#2"},
				"west": {"uv": [0, 9, 4, 11], "texture": "#2"},
				"up": {"uv": [0, 12, 4, 16], "texture": "#2"},
				"down": {"uv": [0, 12, 4, 16], "texture": "#2"}
			}
		},
		{
			"from": [-0.75, -2.75, 26.25],
			"to": [2.75, 3.25, 28.75],
			"rotation": {"angle": 0, "axis": "x", "origin": [1, 0.25, 27.5]},
			"faces": {
				"north": {"uv": [0, 12, 4, 16], "rotation": 180, "texture": "#2"},
				"east": {"uv": [0, 9, 4, 11], "rotation": 90, "texture": "#2"},
				"south": {"uv": [0, 12, 4, 16], "texture": "#2"},
				"west": {"uv": [0, 9, 4, 11], "rotation": 270, "texture": "#2"},
				"up": {"uv": [0, 12, 4, 16], "texture": "#2"},
				"down": {"uv": [0, 12, 4, 16], "rotation": 180, "texture": "#2"}
			}
		},
		{
			"from": [13.25, -1, 24.5],
			"to": [16.75, 1.5, 30.5],
			"rotation": {"angle": 45, "axis": "x", "origin": [15, 0.25, 27.5]},
			"faces": {
				"north": {"uv": [0, 12, 4, 16], "texture": "#2"},
				"east": {"uv": [0, 9, 4, 11], "texture": "#2"},
				"south": {"uv": [0, 12, 4, 16], "texture": "#2"},
				"west": {"uv": [0, 9, 4, 11], "texture": "#2"},
				"up": {"uv": [0, 12, 4, 16], "texture": "#2"},
				"down": {"uv": [0, 12, 4, 16], "texture": "#2"}
			}
		},
		{
			"from": [13.25, -1, 24.5],
			"to": [16.75, 1.5, 30.5],
			"faces": {
				"north": {"uv": [0, 12, 4, 16], "texture": "#2"},
				"east": {"uv": [0, 9, 4, 11], "texture": "#2"},
				"south": {"uv": [0, 12, 4, 16], "texture": "#2"},
				"west": {"uv": [0, 9, 4, 11], "texture": "#2"},
				"up": {"uv": [0, 12, 4, 16], "texture": "#2"},
				"down": {"uv": [0, 12, 4, 16], "texture": "#2"}
			}
		},
		{
			"from": [13.25, -1, 24.5],
			"to": [16.75, 1.5, 30.5],
			"rotation": {"angle": -45, "axis": "x", "origin": [15, 0.25, 27.5]},
			"faces": {
				"north": {"uv": [0, 12, 4, 16], "texture": "#2"},
				"east": {"uv": [0, 9, 4, 11], "texture": "#2"},
				"south": {"uv": [0, 12, 4, 16], "texture": "#2"},
				"west": {"uv": [0, 9, 4, 11], "texture": "#2"},
				"up": {"uv": [0, 12, 4, 16], "texture": "#2"},
				"down": {"uv": [0, 12, 4, 16], "texture": "#2"}
			}
		},
		{
			"from": [13.25, -2.75, 26.25],
			"to": [16.75, 3.25, 28.75],
			"rotation": {"angle": 0, "axis": "x", "origin": [15, 0.25, 27.5]},
			"faces": {
				"north": {"uv": [0, 12, 4, 16], "rotation": 180, "texture": "#2"},
				"east": {"uv": [0, 9, 4, 11], "rotation": 90, "texture": "#2"},
				"south": {"uv": [0, 12, 4, 16], "texture": "#2"},
				"west": {"uv": [0, 9, 4, 11], "rotation": 270, "texture": "#2"},
				"up": {"uv": [0, 12, 4, 16], "texture": "#2"},
				"down": {"uv": [0, 12, 4, 16], "rotation": 180, "texture": "#2"}
			}
		},
		{
			"from": [13.25, -1, -12.5],
			"to": [16.75, 1.5, -6.5],
			"rotation": {"angle": 45, "axis": "x", "origin": [15, 0.25, -9.5]},
			"faces": {
				"north": {"uv": [0, 12, 4, 16], "texture": "#2"},
				"east": {"uv": [0, 9, 4, 11], "texture": "#2"},
				"south": {"uv": [0, 12, 4, 16], "texture": "#2"},
				"west": {"uv": [0, 9, 4, 11], "texture": "#2"},
				"up": {"uv": [0, 12, 4, 16], "texture": "#2"},
				"down": {"uv": [0, 12, 4, 16], "texture": "#2"}
			}
		},
		{
			"from": [13.25, -1, -12.5],
			"to": [16.75, 1.5, -6.5],
			"faces": {
				"north": {"uv": [0, 12, 4, 16], "texture": "#2"},
				"east": {"uv": [0, 9, 4, 11], "texture": "#2"},
				"south": {"uv": [0, 12, 4, 16], "texture": "#2"},
				"west": {"uv": [0, 9, 4, 11], "texture": "#2"},
				"up": {"uv": [0, 12, 4, 16], "texture": "#2"},
				"down": {"uv": [0, 12, 4, 16], "texture": "#2"}
			}
		},
		{
			"from": [13.25, -1, -12.5],
			"to": [16.75, 1.5, -6.5],
			"rotation": {"angle": -45, "axis": "x", "origin": [15, 0.25, -9.5]},
			"faces": {
				"north": {"uv": [0, 12, 4, 16], "texture": "#2"},
				"east": {"uv": [0, 9, 4, 11], "texture": "#2"},
				"south": {"uv": [0, 12, 4, 16], "texture": "#2"},
				"west": {"uv": [0, 9, 4, 11], "texture": "#2"},
				"up": {"uv": [0, 12, 4, 16], "texture": "#2"},
				"down": {"uv": [0, 12, 4, 16], "texture": "#2"}
			}
		},
		{
			"from": [13.25, -2.75, -10.75],
			"to": [16.75, 3.25, -8.25],
			"rotation": {"angle": 0, "axis": "x", "origin": [15, 0.25, -9.5]},
			"faces": {
				"north": {"uv": [0, 12, 4, 16], "rotation": 180, "texture": "#2"},
				"east": {"uv": [0, 9, 4, 11], "rotation": 90, "texture": "#2"},
				"south": {"uv": [0, 12, 4, 16], "texture": "#2"},
				"west": {"uv": [0, 9, 4, 11], "rotation": 270, "texture": "#2"},
				"up": {"uv": [0, 12, 4, 16], "texture": "#2"},
				"down": {"uv": [0, 12, 4, 16], "rotation": 180, "texture": "#2"}
			}
		},
		{
			"from": [-0.75, -1, -12.5],
			"to": [2.75, 1.5, -6.5],
			"rotation": {"angle": 45, "axis": "x", "origin": [1, 0.25, -9.5]},
			"faces": {
				"north": {"uv": [0, 12, 4, 16], "texture": "#2"},
				"east": {"uv": [0, 9, 4, 11], "texture": "#2"},
				"south": {"uv": [0, 12, 4, 16], "texture": "#2"},
				"west": {"uv": [0, 9, 4, 11], "texture": "#2"},
				"up": {"uv": [0, 12, 4, 16], "texture": "#2"},
				"down": {"uv": [0, 12, 4, 16], "texture": "#2"}
			}
		},
		{
			"from": [-0.75, -1, -12.5],
			"to": [2.75, 1.5, -6.5],
			"faces": {
				"north": {"uv": [0, 12, 4, 16], "texture": "#2"},
				"east": {"uv": [0, 9, 4, 11], "texture": "#2"},
				"south": {"uv": [0, 12, 4, 16], "texture": "#2"},
				"west": {"uv": [0, 9, 4, 11], "texture": "#2"},
				"up": {"uv": [0, 12, 4, 16], "texture": "#2"},
				"down": {"uv": [0, 12, 4, 16], "texture": "#2"}
			}
		},
		{
			"from": [-0.75, -1, -12.5],
			"to": [2.75, 1.5, -6.5],
			"rotation": {"angle": -45, "axis": "x", "origin": [1, 0.25, -9.5]},
			"faces": {
				"north": {"uv": [0, 12, 4, 16], "texture": "#2"},
				"east": {"uv": [0, 9, 4, 11], "texture": "#2"},
				"south": {"uv": [0, 12, 4, 16], "texture": "#2"},
				"west": {"uv": [0, 9, 4, 11], "texture": "#2"},
				"up": {"uv": [0, 12, 4, 16], "texture": "#2"},
				"down": {"uv": [0, 12, 4, 16], "texture": "#2"}
			}
		},
		{
			"from": [-0.75, -2.75, -10.75],
			"to": [2.75, 3.25, -8.25],
			"rotation": {"angle": 0, "axis": "x", "origin": [1, 0.25, -9.5]},
			"faces": {
				"north": {"uv": [0, 12, 4, 16], "rotation": 180, "texture": "#2"},
				"east": {"uv": [0, 9, 4, 11], "rotation": 90, "texture": "#2"},
				"south": {"uv": [0, 12, 4, 16], "texture": "#2"},
				"west": {"uv": [0, 9, 4, 11], "rotation": 270, "texture": "#2"},
				"up": {"uv": [0, 12, 4, 16], "texture": "#2"},
				"down": {"uv": [0, 12, 4, 16], "rotation": 180, "texture": "#2"}
			}
		},
		{
			"from": [13.25, -1, 15.5],
			"to": [16.75, 1.5, 21.5],
			"rotation": {"angle": 45, "axis": "x", "origin": [15, 0.25, 18.5]},
			"faces": {
				"north": {"uv": [0, 12, 4, 16], "texture": "#2"},
				"east": {"uv": [0, 9, 4, 11], "texture": "#2"},
				"south": {"uv": [0, 12, 4, 16], "texture": "#2"},
				"west": {"uv": [0, 9, 4, 11], "texture": "#2"},
				"up": {"uv": [0, 12, 4, 16], "texture": "#2"},
				"down": {"uv": [0, 12, 4, 16], "texture": "#2"}
			}
		},
		{
			"from": [13.25, -1, 15.5],
			"to": [16.75, 1.5, 21.5],
			"faces": {
				"north": {"uv": [0, 12, 4, 16], "texture": "#2"},
				"east": {"uv": [0, 9, 4, 11], "texture": "#2"},
				"south": {"uv": [0, 12, 4, 16], "texture": "#2"},
				"west": {"uv": [0, 9, 4, 11], "texture": "#2"},
				"up": {"uv": [0, 12, 4, 16], "texture": "#2"},
				"down": {"uv": [0, 12, 4, 16], "texture": "#2"}
			}
		},
		{
			"from": [13.25, -1, 15.5],
			"to": [16.75, 1.5, 21.5],
			"rotation": {"angle": -45, "axis": "x", "origin": [15, 0.25, 18.5]},
			"faces": {
				"north": {"uv": [0, 12, 4, 16], "texture": "#2"},
				"east": {"uv": [0, 9, 4, 11], "texture": "#2"},
				"south": {"uv": [0, 12, 4, 16], "texture": "#2"},
				"west": {"uv": [0, 9, 4, 11], "texture": "#2"},
				"up": {"uv": [0, 12, 4, 16], "texture": "#2"},
				"down": {"uv": [0, 12, 4, 16], "texture": "#2"}
			}
		},
		{
			"from": [13.25, -2.75, 17.25],
			"to": [16.75, 3.25, 19.75],
			"rotation": {"angle": 0, "axis": "x", "origin": [15, 0.25, 18.5]},
			"faces": {
				"north": {"uv": [0, 12, 4, 16], "rotation": 180, "texture": "#2"},
				"east": {"uv": [0, 9, 4, 11], "rotation": 90, "texture": "#2"},
				"south": {"uv": [0, 12, 4, 16], "texture": "#2"},
				"west": {"uv": [0, 9, 4, 11], "rotation": 270, "texture": "#2"},
				"up": {"uv": [0, 12, 4, 16], "texture": "#2"},
				"down": {"uv": [0, 12, 4, 16], "rotation": 180, "texture": "#2"}
			}
		},
		{
			"from": [-0.75, -1, 15.5],
			"to": [2.75, 1.5, 21.5],
			"rotation": {"angle": 45, "axis": "x", "origin": [1, 0.25, 18.5]},
			"faces": {
				"north": {"uv": [0, 12, 4, 16], "texture": "#2"},
				"east": {"uv": [0, 9, 4, 11], "texture": "#2"},
				"south": {"uv": [0, 12, 4, 16], "texture": "#2"},
				"west": {"uv": [0, 9, 4, 11], "texture": "#2"},
				"up": {"uv": [0, 12, 4, 16], "texture": "#2"},
				"down": {"uv": [0, 12, 4, 16], "texture": "#2"}
			}
		},
		{
			"from": [-0.75, -1, 15.5],
			"to": [2.75, 1.5, 21.5],
			"faces": {
				"north": {"uv": [0, 12, 4, 16], "texture": "#2"},
				"east": {"uv": [0, 9, 4, 11], "texture": "#2"},
				"south": {"uv": [0, 12, 4, 16], "texture": "#2"},
				"west": {"uv": [0, 9, 4, 11], "texture": "#2"},
				"up": {"uv": [0, 12, 4, 16], "texture": "#2"},
				"down": {"uv": [0, 12, 4, 16], "texture": "#2"}
			}
		},
		{
			"from": [-0.75, -1, 15.5],
			"to": [2.75, 1.5, 21.5],
			"rotation": {"angle": -45, "axis": "x", "origin": [1, 0.25, 18.5]},
			"faces": {
				"north": {"uv": [0, 12, 4, 16], "texture": "#2"},
				"east": {"uv": [0, 9, 4, 11], "texture": "#2"},
				"south": {"uv": [0, 12, 4, 16], "texture": "#2"},
				"west": {"uv": [0, 9, 4, 11], "texture": "#2"},
				"up": {"uv": [0, 12, 4, 16], "texture": "#2"},
				"down": {"uv": [0, 12, 4, 16], "texture": "#2"}
			}
		},
		{
			"from": [-0.75, -2.75, 17.25],
			"to": [2.75, 3.25, 19.75],
			"rotation": {"angle": 0, "axis": "x", "origin": [1, 0.25, 18.5]},
			"faces": {
				"north": {"uv": [0, 12, 4, 16], "rotation": 180, "texture": "#2"},
				"east": {"uv": [0, 9, 4, 11], "rotation": 90, "texture": "#2"},
				"south": {"uv": [0, 12, 4, 16], "texture": "#2"},
				"west": {"uv": [0, 9, 4, 11], "rotation": 270, "texture": "#2"},
				"up": {"uv": [0, 12, 4, 16], "texture": "#2"},
				"down": {"uv": [0, 12, 4, 16], "rotation": 180, "texture": "#2"}
			}
		}
	],
	"display": {
		"gui": {
			"rotation": [22, 57, 0],
			"scale": [0.3, 0.3, 0.3]
		},
		"head": {
			"translation": [15.5, -1.5, 19],
			"scale": [4, 4, 4]
		}
	},
	"groups": [0, 1, 2, 3, 4, 5, 6, 7, 8, 9, 10, 11, 12, 13, 14, 15, 16, 17, 18, 19, 20, 21, 22, 23, 24, 25, 26,
		{
			"name": "chair",
			"origin": [8, 8, 8],
			"children": [27, 28]
		},
		{
			"name": "chair",
			"origin": [8, 8, 8],
			"children": [29, 30]
		},
		{
			"name": "steeringwheel",
			"origin": [8, 8, 8],
			"children": [31, 32, 33, 34, 35, 36, 37, 38, 39, 40]
		},
		{
			"name": "group",
			"origin": [8, 8, 8],
			"children": [41, 42, 43, 44]
		},
		{
			"name": "group",
			"origin": [8, 8, 8],
			"children": [45, 46, 47, 48]
		},
		{
			"name": "group",
			"origin": [8, 8, 8],
			"children": [49, 50, 51, 52]
		},
		{
			"name": "group",
			"origin": [8, 8, 8],
			"children": [53, 54, 55, 56]
		},
		{
			"name": "group",
			"origin": [8, 8, 8],
			"children": [57, 58, 59, 60]
		},
		{
			"name": "group",
			"origin": [8, 8, 8],
			"children": [61, 62, 63, 64]
		}
	]
}