{
	"credit": "Made with Blockbench",
	"textures": {
		"0": "items/qavassets1",
		"1": "items/glasspanetexture",
		"2": "items/qavlicenseplates",
		"3": "items/rgbsheet1",
		"4": "items/bordo",
		"particle": "items/qavassets1"
	},
	"elements": [
		{
			"from": [0, 3.5, 21.75],
			"to": [0.75, 7.25, 21.75],
			"faces": {
				"north": {"uv": [14, 14, 15, 15], "texture": "#3"},
				"east": {"uv": [14, 14, 15, 15], "texture": "#3"},
				"south": {"uv": [1, 2, 2, 3], "texture": "#3"},
				"west": {"uv": [14, 14, 15, 15], "texture": "#3"},
				"up": {"uv": [14, 14, 15, 15], "texture": "#3"},
				"down": {"uv": [14, 14, 15, 15], "texture": "#3"}
			}
		},
		{
			"from": [15.25, 3.5, 21.75],
			"to": [16, 7.25, 21.75],
			"faces": {
				"north": {"uv": [14, 14, 15, 15], "texture": "#3"},
				"east": {"uv": [14, 14, 15, 15], "texture": "#3"},
				"south": {"uv": [1, 2, 2, 3], "texture": "#3"},
				"west": {"uv": [14, 14, 15, 15], "texture": "#3"},
				"up": {"uv": [14, 14, 15, 15], "texture": "#3"},
				"down": {"uv": [14, 14, 15, 15], "texture": "#3"}
			}
		},
		{
			"from": [-0.01, 1, 15],
			"to": [0.24, 18.5, 17.25],
			"faces": {
				"north": {"uv": [8, 12, 11, 16], "texture": "#4"},
				"east": {"uv": [8, 12, 11, 16], "texture": "#4"},
				"south": {"uv": [8, 12, 11, 16], "texture": "#4"},
				"west": {"uv": [10, 12, 13, 16], "texture": "#4"},
				"up": {"uv": [8, 12, 11, 16], "texture": "#4"},
				"down": {"uv": [8, 12, 11, 16], "texture": "#4"}
			}
		},
		{
			"from": [15.75, 1, 15],
			"to": [16, 18.75, 17.5],
			"faces": {
				"north": {"uv": [8, 12, 11, 16], "texture": "#4"},
				"east": {"uv": [8, 12, 11, 16], "texture": "#4"},
				"south": {"uv": [8, 12, 11, 16], "texture": "#4"},
				"west": {"uv": [10, 12, 13, 16], "texture": "#4"},
				"up": {"uv": [8, 12, 11, 16], "texture": "#4"},
				"down": {"uv": [8, 12, 11, 16], "texture": "#4"}
			}
		},
		{
			"from": [-0.01, 1, 5.5],
			"to": [0.24, 11.75, 15],
			"faces": {
				"north": {"uv": [8, 12, 16, 16], "texture": "#4"},
				"east": {"uv": [8, 12, 16, 16], "texture": "#4"},
				"south": {"uv": [8, 12, 16, 16], "texture": "#4"},
				"west": {"uv": [8, 12, 16, 16], "texture": "#4"},
				"up": {"uv": [8, 12, 16, 16], "texture": "#4"},
				"down": {"uv": [8, 12, 16, 16], "texture": "#4"}
			}
		},
		{
			"from": [15.75, 11.75, -2],
			"to": [16, 15.75, 4.75],
			"faces": {
				"north": {"uv": [1, 1, 15, 15], "texture": "#1"},
				"east": {"uv": [1, 1, 15, 15], "texture": "#1"},
				"south": {"uv": [1, 1, 15, 15], "texture": "#1"},
				"west": {"uv": [1, 1, 15, 15], "texture": "#1"},
				"up": {"uv": [1, 1, 15, 15], "texture": "#1"},
				"down": {"uv": [1, 1, 15, 15], "texture": "#1"}
			}
		},
		{
			"from": [0, 11.75, -2],
			"to": [0.25, 15.75, 4.75],
			"faces": {
				"north": {"uv": [1, 1, 15, 15], "texture": "#1"},
				"east": {"uv": [1, 1, 15, 15], "texture": "#1"},
				"south": {"uv": [1, 1, 15, 15], "texture": "#1"},
				"west": {"uv": [1, 1, 15, 15], "texture": "#1"},
				"up": {"uv": [1, 1, 15, 15], "texture": "#1"},
				"down": {"uv": [1, 1, 15, 15], "texture": "#1"}
			}
		},
		{
			"from": [0, 11.75, 5.5],
			"to": [0.25, 18, 15],
			"faces": {
				"north": {"uv": [1, 1, 15, 15], "texture": "#1"},
				"east": {"uv": [1, 1, 15, 15], "texture": "#1"},
				"south": {"uv": [1, 1, 15, 15], "texture": "#1"},
				"west": {"uv": [1, 1, 15, 15], "texture": "#1"},
				"up": {"uv": [1, 1, 15, 15], "texture": "#1"},
				"down": {"uv": [1, 1, 15, 15], "texture": "#1"}
			}
		},
		{
			"from": [15.75, 11.75, 5.5],
			"to": [16, 18, 15],
			"faces": {
				"north": {"uv": [1, 1, 15, 15], "texture": "#1"},
				"east": {"uv": [1, 1, 15, 15], "texture": "#1"},
				"south": {"uv": [1, 1, 15, 15], "texture": "#1"},
				"west": {"uv": [1, 1, 15, 15], "texture": "#1"},
				"up": {"uv": [1, 1, 15, 15], "texture": "#1"},
				"down": {"uv": [1, 1, 15, 15], "texture": "#1"}
			}
		},
		{
			"from": [15.75, 1, 5.5],
			"to": [16, 11.75, 15],
			"faces": {
				"north": {"uv": [8, 12, 16, 16], "texture": "#4"},
				"east": {"uv": [8, 12, 16, 16], "texture": "#4"},
				"south": {"uv": [8, 12, 16, 16], "texture": "#4"},
				"west": {"uv": [8, 12, 16, 16], "texture": "#4"},
				"up": {"uv": [8, 12, 16, 16], "texture": "#4"},
				"down": {"uv": [8, 12, 16, 16], "texture": "#4"}
			}
		},
		{
			"from": [-0.01, 1, 4.75],
			"to": [0.24, 18.25, 5.5],
			"faces": {
				"north": {"uv": [8, 12, 11, 16], "texture": "#4"},
				"east": {"uv": [8, 12, 11, 16], "texture": "#4"},
				"south": {"uv": [8, 12, 11, 16], "texture": "#4"},
				"west": {"uv": [10, 12, 13, 16], "texture": "#4"},
				"up": {"uv": [8, 12, 11, 16], "texture": "#4"},
				"down": {"uv": [8, 12, 11, 16], "texture": "#4"}
			}
		},
		{
			"from": [15.75, 1, 4.75],
			"to": [16, 18.25, 5.5],
			"faces": {
				"north": {"uv": [8, 12, 11, 16], "texture": "#4"},
				"east": {"uv": [8, 12, 11, 16], "texture": "#4"},
				"south": {"uv": [8, 12, 11, 16], "texture": "#4"},
				"west": {"uv": [10, 12, 13, 16], "texture": "#4"},
				"up": {"uv": [8, 12, 11, 16], "texture": "#4"},
				"down": {"uv": [8, 12, 11, 16], "texture": "#4"}
			}
		},
		{
			"from": [-0.01, 1, -4.5],
			"to": [0.24, 11.75, 4.75],
			"faces": {
				"north": {"uv": [8, 12, 16, 16], "texture": "#4"},
				"east": {"uv": [8, 12, 16, 16], "texture": "#4"},
				"south": {"uv": [8, 12, 16, 16], "texture": "#4"},
				"west": {"uv": [8, 12, 16, 16], "texture": "#4"},
				"up": {"uv": [8, 12, 16, 16], "texture": "#4"},
				"down": {"uv": [8, 12, 16, 16], "texture": "#4"}
			}
		},
		{
			"from": [15.75, 1, -4.5],
			"to": [16, 11.75, 4.75],
			"faces": {
				"north": {"uv": [8, 12, 16, 16], "texture": "#4"},
				"east": {"uv": [8, 12, 16, 16], "texture": "#4"},
				"south": {"uv": [8, 12, 16, 16], "texture": "#4"},
				"west": {"uv": [8, 12, 16, 16], "texture": "#4"},
				"up": {"uv": [8, 12, 16, 16], "texture": "#4"},
				"down": {"uv": [8, 12, 16, 16], "texture": "#4"}
			}
		},
		{
			"from": [0, 18, -1.25],
			"to": [16, 18.75, 17.5],
			"faces": {
				"north": {"uv": [8, 12, 16, 16], "texture": "#4"},
				"east": {"uv": [8, 12, 16, 16], "texture": "#4"},
				"south": {"uv": [8, 12, 16, 16], "texture": "#4"},
				"west": {"uv": [8, 12, 16, 16], "texture": "#4"},
				"up": {"uv": [8, 12, 16, 16], "texture": "#4"},
				"down": {"uv": [8, 12, 16, 16], "texture": "#4"}
			}
		},
		{
			"from": [14, 10, -4.25],
			"to": [16, 19, -3.75],
			"rotation": {"angle": 22.5, "axis": "x", "origin": [22, 11.5, -4]},
			"faces": {
				"north": {"uv": [8, 12, 11, 16], "rotation": 90, "texture": "#4"},
				"east": {"uv": [8, 12, 11, 16], "rotation": 90, "texture": "#4"},
				"south": {"uv": [8, 12, 11, 16], "rotation": 90, "texture": "#4"},
				"west": {"uv": [10, 12, 13, 16], "rotation": 90, "texture": "#4"},
				"up": {"uv": [8, 12, 11, 16], "rotation": 90, "texture": "#4"},
				"down": {"uv": [8, 12, 11, 16], "rotation": 90, "texture": "#4"}
			}
		},
		{
			"from": [2, 10.75, 20],
			"to": [14, 19.25, 20.5],
			"rotation": {"angle": -22.5, "axis": "x", "origin": [20, 11.5, 20.25]},
			"faces": {
				"north": {"uv": [1, 1, 15, 15], "rotation": 90, "texture": "#1"},
				"east": {"uv": [1, 1, 15, 15], "rotation": 90, "texture": "#1"},
				"south": {"uv": [1, 1, 15, 15], "rotation": 90, "texture": "#1"},
				"west": {"uv": [1, 1, 15, 15], "rotation": 90, "texture": "#1"},
				"up": {"uv": [1, 1, 15, 15], "rotation": 90, "texture": "#1"},
				"down": {"uv": [1, 1, 15, 15], "rotation": 90, "texture": "#1"}
			}
		},
		{
			"from": [14, 10.75, 20],
			"to": [16, 19.25, 20.5],
			"rotation": {"angle": -22.5, "axis": "x", "origin": [22, 11.5, 20.25]},
			"faces": {
				"north": {"uv": [8, 12, 11, 16], "rotation": 90, "texture": "#4"},
				"east": {"uv": [8, 12, 11, 16], "rotation": 90, "texture": "#4"},
				"south": {"uv": [8, 12, 11, 16], "rotation": 90, "texture": "#4"},
				"west": {"uv": [10, 12, 13, 16], "rotation": 90, "texture": "#4"},
				"up": {"uv": [8, 12, 11, 16], "rotation": 90, "texture": "#4"},
				"down": {"uv": [8, 12, 11, 16], "rotation": 90, "texture": "#4"}
			}
		},
		{
			"from": [0, 10.75, 20],
			"to": [2, 19.25, 20.5],
			"rotation": {"angle": -22.5, "axis": "x", "origin": [8, 11.5, 20.25]},
			"faces": {
				"north": {"uv": [8, 12, 11, 16], "rotation": 90, "texture": "#4"},
				"east": {"uv": [8, 12, 11, 16], "rotation": 90, "texture": "#4"},
				"south": {"uv": [8, 12, 11, 16], "rotation": 90, "texture": "#4"},
				"west": {"uv": [10, 12, 13, 16], "rotation": 90, "texture": "#4"},
				"up": {"uv": [8, 12, 11, 16], "rotation": 90, "texture": "#4"},
				"down": {"uv": [8, 12, 11, 16], "rotation": 90, "texture": "#4"}
			}
		},
		{
			"from": [2, 10, -4.25],
			"to": [14, 19, -3.75],
			"rotation": {"angle": 22.5, "axis": "x", "origin": [8, 11.5, -4]},
			"faces": {
				"north": {"uv": [1, 1, 15, 15], "rotation": 180, "texture": "#1"},
				"east": {"uv": [1, 1, 15, 15], "rotation": 180, "texture": "#1"},
				"south": {"uv": [1, 1, 15, 15], "rotation": 180, "texture": "#1"},
				"west": {"uv": [1, 1, 15, 15], "rotation": 180, "texture": "#1"},
				"up": {"uv": [1, 1, 15, 15], "rotation": 180, "texture": "#1"},
				"down": {"uv": [1, 1, 15, 15], "rotation": 180, "texture": "#1"}
			}
		},
		{
			"from": [0, 10, -4.25],
			"to": [2, 19, -3.75],
			"rotation": {"angle": 22.5, "axis": "x", "origin": [8, 11.5, -4]},
			"faces": {
				"north": {"uv": [8, 12, 11, 16], "rotation": 90, "texture": "#4"},
				"east": {"uv": [8, 12, 11, 16], "rotation": 90, "texture": "#4"},
				"south": {"uv": [8, 12, 11, 16], "rotation": 90, "texture": "#4"},
				"west": {"uv": [10, 12, 13, 16], "rotation": 90, "texture": "#4"},
				"up": {"uv": [8, 12, 11, 16], "rotation": 90, "texture": "#4"},
				"down": {"uv": [8, 12, 11, 16], "rotation": 90, "texture": "#4"}
			}
		},
		{
			"from": [0, 0.25, 21.5],
			"to": [15.75, 2, 21.75],
			"faces": {
				"north": {"uv": [14, 14, 15, 15], "texture": "#3"},
				"east": {"uv": [14, 14, 15, 15], "texture": "#3"},
				"south": {"uv": [9, 14, 10, 15], "texture": "#3"},
				"west": {"uv": [14, 14, 15, 15], "texture": "#3"},
				"up": {"uv": [14, 14, 15, 15], "texture": "#3"},
				"down": {"uv": [14, 14, 15, 15], "texture": "#3"}
			}
		},
		{
			"from": [0, 1, 19],
			"to": [16, 11, 21.5],
			"faces": {
				"north": {"uv": [8, 12, 16, 16], "texture": "#4"},
				"east": {"uv": [8, 12, 16, 16], "texture": "#4"},
				"south": {"uv": [8, 12, 16, 16], "texture": "#4"},
				"west": {"uv": [8, 12, 16, 16], "texture": "#4"},
				"up": {"uv": [8, 12, 16, 16], "texture": "#4"},
				"down": {"uv": [8, 12, 16, 16], "texture": "#4"}
			}
		},
		{
			"from": [0, 6.25, -6.25],
			"to": [16, 10.75, -4],
			"faces": {
				"north": {"uv": [8, 12, 11, 16], "texture": "#4"},
				"east": {"uv": [8, 12, 11, 16], "texture": "#4"},
				"south": {"uv": [10, 12, 13, 16], "texture": "#4"},
				"west": {"uv": [10, 12, 13, 16], "texture": "#4"},
				"up": {"uv": [8, 12, 11, 16], "texture": "#4"},
				"down": {"uv": [8, 12, 11, 16], "texture": "#4"}
			}
		},
		{
			"from": [5.25, 5.75, -4.75],
			"to": [9, 7.25, -3.25],
			"faces": {
				"north": {"uv": [14, 14, 15, 15], "texture": "#3"},
				"east": {"uv": [14, 14, 15, 15], "texture": "#3"},
				"south": {"uv": [14, 14, 15, 15], "texture": "#3"},
				"west": {"uv": [14, 14, 15, 15], "texture": "#3"},
				"up": {"uv": [14, 14, 15, 15], "texture": "#3"},
				"down": {"uv": [14, 14, 15, 15], "texture": "#3"}
			}
		},
		{
			"from": [1.5, 8, -15.5],
			"to": [14.75, 10, -3.75],
			"faces": {
				"north": {"uv": [8, 12, 21.25, 14], "texture": "#4"},
				"east": {"uv": [8, 12, 11, 16], "texture": "#4"},
				"south": {"uv": [8, 12, 11, 16], "texture": "#4"},
				"west": {"uv": [10, 12, 13, 16], "texture": "#4"},
				"up": {"uv": [8, 12, 16, 16], "texture": "#4"},
				"down": {"uv": [8, 12, 11, 16], "texture": "#4"}
			}
		},
		{
			"from": [1, 3.25, -15.5],
			"to": [15, 8, -4],
			"faces": {
				"north": {"uv": [4, 4, 16, 8], "texture": "#0"},
				"east": {"uv": [10, 12, 13, 16], "texture": "#4"},
				"south": {"uv": [14, 14, 15, 15], "texture": "#3"},
				"west": {"uv": [10, 12, 13, 16], "texture": "#4"},
				"up": {"uv": [14, 14, 15, 15], "texture": "#3"},
				"down": {"uv": [14, 14, 15, 15], "texture": "#3"}
			}
		},
		{
			"from": [5.75, 1.5, -16],
			"to": [11.25, 2.5, -15.9],
			"faces": {
				"north": {"uv": [0, 14, 8, 16], "texture": "#2"},
				"east": {"uv": [14, 14, 15, 15], "texture": "#3"},
				"south": {"uv": [14, 14, 15, 15], "texture": "#3"},
				"west": {"uv": [14, 14, 15, 15], "texture": "#3"},
				"up": {"uv": [14, 14, 15, 15], "texture": "#3"},
				"down": {"uv": [14, 14, 15, 15], "texture": "#3"}
			}
		},
		{
			"from": [0, 0.75, -6],
			"to": [16, 3.75, -3.75],
			"faces": {
				"north": {"uv": [10, 12, 13, 16], "texture": "#4"},
				"east": {"uv": [10, 12, 13, 16], "texture": "#4"},
				"south": {"uv": [10, 12, 13, 16], "texture": "#4"},
				"west": {"uv": [10, 12, 13, 16], "texture": "#4"},
				"up": {"uv": [10, 12, 13, 16], "texture": "#4"},
				"down": {"uv": [10, 12, 13, 16], "texture": "#4"}
			}
		},
		{
			"from": [0, 4, -15],
			"to": [16, 7, -12.75],
			"faces": {
				"north": {"uv": [8, 12, 11, 16], "texture": "#4"},
				"east": {"uv": [8, 12, 11, 16], "texture": "#4"},
				"south": {"uv": [8, 12, 11, 16], "texture": "#4"},
				"west": {"uv": [10, 12, 13, 16], "texture": "#4"},
				"up": {"uv": [8, 12, 11, 16], "texture": "#4"},
				"down": {"uv": [8, 12, 11, 16], "texture": "#4"}
			}
		},
		{
			"from": [0, 2.5, -15.25],
			"to": [16, 6.5, -4.5],
			"faces": {
				"north": {"uv": [8, 12, 11, 16], "texture": "#4"},
				"east": {"uv": [8, 12, 11, 16], "texture": "#4"},
				"south": {"uv": [8, 12, 11, 16], "texture": "#4"},
				"west": {"uv": [10, 12, 13, 16], "texture": "#4"},
				"up": {"uv": [8, 12, 11, 16], "texture": "#4"},
				"down": {"uv": [8, 12, 11, 16], "texture": "#4"}
			}
		},
		{
			"from": [0, 1.5, -15.25],
			"to": [16, 2.5, -4],
			"faces": {
				"north": {"uv": [9, 14, 10, 15], "texture": "#3"},
				"east": {"uv": [14, 14, 15, 15], "texture": "#3"},
				"south": {"uv": [14, 14, 15, 15], "texture": "#3"},
				"west": {"uv": [14, 14, 15, 15], "texture": "#3"},
				"up": {"uv": [14, 14, 15, 15], "texture": "#3"},
				"down": {"uv": [14, 14, 15, 15], "texture": "#3"}
			}
		},
		{
			"from": [0, 0.75, -6],
			"to": [16, 1.75, 19.5],
			"faces": {
				"north": {"uv": [14, 14, 15, 15], "texture": "#3"},
				"east": {"uv": [13, 13, 15, 15], "texture": "#4"},
				"south": {"uv": [14, 14, 15, 15], "texture": "#3"},
				"west": {"uv": [14, 14, 15, 15], "texture": "#3"},
				"up": {"uv": [14, 14, 15, 15], "texture": "#3"},
				"down": {"uv": [14, 14, 15, 15], "texture": "#3"}
			}
		},
		{
			"from": [8.5, 1, 0],
			"to": [15.5, 5, 6],
			"faces": {
				"north": {"uv": [0, 4, 4, 8], "texture": "#0"},
				"east": {"uv": [0, 4, 4, 8], "texture": "#0"},
				"south": {"uv": [0, 4, 4, 8], "texture": "#0"},
				"west": {"uv": [0, 4, 4, 8], "texture": "#0"},
				"up": {"uv": [0, 4, 4, 8], "texture": "#0"},
				"down": {"uv": [0, 4, 4, 8], "texture": "#0"}
			}
		},
		{
			"from": [8.5, 1, 6],
			"to": [15.5, 11, 7],
			"faces": {
				"north": {"uv": [0, 4, 4, 8], "texture": "#0"},
				"east": {"uv": [0, 4, 4, 8], "texture": "#0"},
				"south": {"uv": [0, 4, 4, 8], "texture": "#0"},
				"west": {"uv": [0, 4, 4, 8], "texture": "#0"},
				"up": {"uv": [0, 4, 4, 8], "texture": "#0"},
				"down": {"uv": [0, 4, 4, 8], "texture": "#0"}
			}
		},
		{
			"from": [0.75, 1, 9],
			"to": [15.25, 5, 15],
			"faces": {
				"north": {"uv": [0, 4, 4, 8], "texture": "#0"},
				"east": {"uv": [0, 4, 4, 8], "texture": "#0"},
				"south": {"uv": [0, 4, 4, 8], "texture": "#0"},
				"west": {"uv": [0, 4, 4, 8], "texture": "#0"},
				"up": {"uv": [0, 4, 4, 8], "texture": "#0"},
				"down": {"uv": [0, 4, 4, 8], "texture": "#0"}
			}
		},
		{
			"from": [0.75, 1, 15],
			"to": [15.25, 11, 16],
			"faces": {
				"north": {"uv": [0, 4, 4, 8], "texture": "#0"},
				"east": {"uv": [0, 4, 4, 8], "texture": "#0"},
				"south": {"uv": [0, 4, 4, 8], "texture": "#0"},
				"west": {"uv": [0, 4, 4, 8], "texture": "#0"},
				"up": {"uv": [0, 4, 4, 8], "texture": "#0"},
				"down": {"uv": [0, 4, 4, 8], "texture": "#0"}
			}
		},
		{
			"from": [0.75, 1, 0],
			"to": [7.75, 5, 6],
			"faces": {
				"north": {"uv": [0, 4, 4, 8], "texture": "#0"},
				"east": {"uv": [0, 4, 4, 8], "texture": "#0"},
				"south": {"uv": [0, 4, 4, 8], "texture": "#0"},
				"west": {"uv": [0, 4, 4, 8], "texture": "#0"},
				"up": {"uv": [0, 4, 4, 8], "texture": "#0"},
				"down": {"uv": [0, 4, 4, 8], "texture": "#0"}
			}
		},
		{
			"from": [0.75, 1, 6],
			"to": [7.75, 11, 7],
			"faces": {
				"north": {"uv": [0, 4, 4, 8], "texture": "#0"},
				"east": {"uv": [0, 4, 4, 8], "texture": "#0"},
				"south": {"uv": [0, 4, 4, 8], "texture": "#0"},
				"west": {"uv": [0, 4, 4, 8], "texture": "#0"},
				"up": {"uv": [0, 4, 4, 8], "texture": "#0"},
				"down": {"uv": [0, 4, 4, 8], "texture": "#0"}
			}
		},
		{
			"from": [2.5, 6.5, -4.5],
			"to": [3.5, 7.25, -2.5],
			"faces": {
				"north": {"uv": [10, 14, 11, 15], "texture": "#3"},
				"east": {"uv": [10, 14, 11, 15], "texture": "#3"},
				"south": {"uv": [10, 14, 11, 15], "texture": "#3"},
				"west": {"uv": [10, 14, 11, 15], "texture": "#3"},
				"up": {"uv": [10, 14, 11, 15], "texture": "#3"},
				"down": {"uv": [10, 14, 11, 15], "texture": "#3"}
			}
		},
		{
			"from": [1.75, 8.25, -2.5],
			"to": [2, 8.5, -2],
			"faces": {
				"north": {"uv": [10, 14, 11, 15], "texture": "#3"},
				"east": {"uv": [10, 14, 11, 15], "texture": "#3"},
				"south": {"uv": [10, 14, 11, 15], "texture": "#3"},
				"west": {"uv": [10, 14, 11, 15], "texture": "#3"},
				"up": {"uv": [10, 14, 11, 15], "texture": "#3"},
				"down": {"uv": [10, 14, 11, 15], "texture": "#3"}
			}
		},
		{
			"from": [1.5, 6.25, -2.5],
			"to": [1.75, 8.25, -2],
			"faces": {
				"north": {"uv": [10, 14, 11, 15], "texture": "#3"},
				"east": {"uv": [10, 14, 11, 15], "texture": "#3"},
				"south": {"uv": [10, 14, 11, 15], "texture": "#3"},
				"west": {"uv": [10, 14, 11, 15], "texture": "#3"},
				"up": {"uv": [10, 14, 11, 15], "texture": "#3"},
				"down": {"uv": [10, 14, 11, 15], "texture": "#3"}
			}
		},
		{
			"from": [2, 6.5, -2.5],
			"to": [4, 8, -2],
			"faces": {
				"north": {"uv": [10, 14, 11, 15], "texture": "#3"},
				"east": {"uv": [10, 14, 11, 15], "texture": "#3"},
				"south": {"uv": [10, 14, 11, 15], "texture": "#3"},
				"west": {"uv": [10, 14, 11, 15], "texture": "#3"},
				"up": {"uv": [10, 14, 11, 15], "texture": "#3"},
				"down": {"uv": [10, 14, 11, 15], "texture": "#3"}
			}
		},
		{
			"from": [2, 5.75, -2.5],
			"to": [4, 6, -2],
			"faces": {
				"north": {"uv": [10, 14, 11, 15], "texture": "#3"},
				"east": {"uv": [10, 14, 11, 15], "texture": "#3"},
				"south": {"uv": [10, 14, 11, 15], "texture": "#3"},
				"west": {"uv": [10, 14, 11, 15], "texture": "#3"},
				"up": {"uv": [10, 14, 11, 15], "texture": "#3"},
				"down": {"uv": [10, 14, 11, 15], "texture": "#3"}
			}
		},
		{
			"from": [1.75, 6, -2.5],
			"to": [2, 6.25, -2],
			"faces": {
				"north": {"uv": [10, 14, 11, 15], "texture": "#3"},
				"east": {"uv": [10, 14, 11, 15], "texture": "#3"},
				"south": {"uv": [10, 14, 11, 15], "texture": "#3"},
				"west": {"uv": [10, 14, 11, 15], "texture": "#3"},
				"up": {"uv": [10, 14, 11, 15], "texture": "#3"},
				"down": {"uv": [10, 14, 11, 15], "texture": "#3"}
			}
		},
		{
			"from": [4, 6, -2.5],
			"to": [4.25, 6.25, -2],
			"faces": {
				"north": {"uv": [10, 14, 11, 15], "texture": "#3"},
				"east": {"uv": [10, 14, 11, 15], "texture": "#3"},
				"south": {"uv": [10, 14, 11, 15], "texture": "#3"},
				"west": {"uv": [10, 14, 11, 15], "texture": "#3"},
				"up": {"uv": [10, 14, 11, 15], "texture": "#3"},
				"down": {"uv": [10, 14, 11, 15], "texture": "#3"}
			}
		},
		{
			"from": [4.25, 6.25, -2.5],
			"to": [4.5, 8.25, -2],
			"faces": {
				"north": {"uv": [10, 14, 11, 15], "texture": "#3"},
				"east": {"uv": [10, 14, 11, 15], "texture": "#3"},
				"south": {"uv": [10, 14, 11, 15], "texture": "#3"},
				"west": {"uv": [10, 14, 11, 15], "texture": "#3"},
				"up": {"uv": [10, 14, 11, 15], "texture": "#3"},
				"down": {"uv": [10, 14, 11, 15], "texture": "#3"}
			}
		},
		{
			"from": [4, 8.25, -2.5],
			"to": [4.25, 8.5, -2],
			"faces": {
				"north": {"uv": [10, 14, 11, 15], "texture": "#3"},
				"east": {"uv": [10, 14, 11, 15], "texture": "#3"},
				"south": {"uv": [10, 14, 11, 15], "texture": "#3"},
				"west": {"uv": [10, 14, 11, 15], "texture": "#3"},
				"up": {"uv": [10, 14, 11, 15], "texture": "#3"},
				"down": {"uv": [10, 14, 11, 15], "texture": "#3"}
			}
		},
		{
			"from": [2, 8.5, -2.5],
			"to": [4, 8.75, -2],
			"faces": {
				"north": {"uv": [10, 14, 11, 15], "texture": "#3"},
				"east": {"uv": [10, 14, 11, 15], "texture": "#3"},
				"south": {"uv": [10, 14, 11, 15], "texture": "#3"},
				"west": {"uv": [10, 14, 11, 15], "texture": "#3"},
				"up": {"uv": [10, 14, 11, 15], "texture": "#3"},
				"down": {"uv": [10, 14, 11, 15], "texture": "#3"}
			}
		},
		{
			"from": [-0.01, 1, 17.25],
			"to": [0.24, 12.5, 20],
			"faces": {
				"north": {"uv": [8, 12, 11, 16], "texture": "#4"},
				"east": {"uv": [8, 12, 11, 16], "texture": "#4"},
				"south": {"uv": [8, 12, 11, 16], "texture": "#4"},
				"west": {"uv": [10, 12, 13, 16], "texture": "#4"},
				"up": {"uv": [8, 12, 11, 16], "texture": "#4"},
				"down": {"uv": [8, 12, 11, 16], "texture": "#4"}
			}
		},
		{
			"from": [15.75, 1, 17.5],
			"to": [16, 12.75, 20],
			"faces": {
				"north": {"uv": [8, 12, 11, 16], "texture": "#4"},
				"east": {"uv": [8, 12, 11, 16], "texture": "#4"},
				"south": {"uv": [8, 12, 11, 16], "texture": "#4"},
				"west": {"uv": [10, 12, 13, 16], "texture": "#4"},
				"up": {"uv": [8, 12, 11, 16], "texture": "#4"},
				"down": {"uv": [8, 12, 11, 16], "texture": "#4"}
			}
		},
		{
			"from": [13.25, -2.5, 15.25],
			"to": [16.75, 3.5, 17.75],
			"rotation": {"angle": 0, "axis": "x", "origin": [15, 0.5, 16.5]},
			"faces": {
				"north": {"uv": [0, 12, 4, 16], "rotation": 180, "texture": "#0"},
				"east": {"uv": [0, 9, 4, 11], "rotation": 90, "texture": "#0"},
				"south": {"uv": [0, 12, 4, 16], "texture": "#0"},
				"west": {"uv": [0, 9, 4, 11], "rotation": 270, "texture": "#0"},
				"up": {"uv": [0, 12, 4, 16], "texture": "#0"},
				"down": {"uv": [0, 12, 4, 16], "rotation": 180, "texture": "#0"}
			}
		},
		{
			"from": [13.25, -0.75, 13.5],
			"to": [16.75, 1.75, 19.5],
			"rotation": {"angle": -45, "axis": "x", "origin": [15, 0.5, 16.5]},
			"faces": {
				"north": {"uv": [0, 12, 4, 16], "texture": "#0"},
				"east": {"uv": [0, 9, 4, 11], "texture": "#0"},
				"south": {"uv": [0, 12, 4, 16], "texture": "#0"},
				"west": {"uv": [0, 9, 4, 11], "texture": "#0"},
				"up": {"uv": [0, 12, 4, 16], "texture": "#0"},
				"down": {"uv": [0, 12, 4, 16], "texture": "#0"}
			}
		},
		{
			"from": [13.25, -0.75, 13.5],
			"to": [16.75, 1.75, 19.5],
			"rotation": {"angle": 45, "axis": "x", "origin": [15, 0.5, 16.5]},
			"faces": {
				"north": {"uv": [0, 12, 4, 16], "texture": "#0"},
				"east": {"uv": [0, 9, 4, 11], "texture": "#0"},
				"south": {"uv": [0, 12, 4, 16], "texture": "#0"},
				"west": {"uv": [0, 9, 4, 11], "texture": "#0"},
				"up": {"uv": [0, 12, 4, 16], "texture": "#0"},
				"down": {"uv": [0, 12, 4, 16], "texture": "#0"}
			}
		},
		{
			"from": [13.25, -0.75, 13.5],
			"to": [16.75, 1.75, 19.5],
			"faces": {
				"north": {"uv": [0, 12, 4, 16], "texture": "#0"},
				"east": {"uv": [0, 9, 4, 11], "texture": "#0"},
				"south": {"uv": [0, 12, 4, 16], "texture": "#0"},
				"west": {"uv": [0, 9, 4, 11], "texture": "#0"},
				"up": {"uv": [0, 12, 4, 16], "texture": "#0"},
				"down": {"uv": [0, 12, 4, 16], "texture": "#0"}
			}
		},
		{
			"from": [13.25, -2.5, -10.75],
			"to": [16.75, 3.5, -8.25],
			"rotation": {"angle": 0, "axis": "x", "origin": [15, 0.5, -9.5]},
			"faces": {
				"north": {"uv": [0, 12, 4, 16], "rotation": 180, "texture": "#0"},
				"east": {"uv": [0, 9, 4, 11], "rotation": 90, "texture": "#0"},
				"south": {"uv": [0, 12, 4, 16], "texture": "#0"},
				"west": {"uv": [0, 9, 4, 11], "rotation": 270, "texture": "#0"},
				"up": {"uv": [0, 12, 4, 16], "texture": "#0"},
				"down": {"uv": [0, 12, 4, 16], "rotation": 180, "texture": "#0"}
			}
		},
		{
			"from": [13.25, -0.75, -12.5],
			"to": [16.75, 1.75, -6.5],
			"rotation": {"angle": -45, "axis": "x", "origin": [15, 0.5, -9.5]},
			"faces": {
				"north": {"uv": [0, 12, 4, 16], "texture": "#0"},
				"east": {"uv": [0, 9, 4, 11], "texture": "#0"},
				"south": {"uv": [0, 12, 4, 16], "texture": "#0"},
				"west": {"uv": [0, 9, 4, 11], "texture": "#0"},
				"up": {"uv": [0, 12, 4, 16], "texture": "#0"},
				"down": {"uv": [0, 12, 4, 16], "texture": "#0"}
			}
		},
		{
			"from": [13.25, -0.75, -12.5],
			"to": [16.75, 1.75, -6.5],
			"rotation": {"angle": 45, "axis": "x", "origin": [15, 0.5, -9.5]},
			"faces": {
				"north": {"uv": [0, 12, 4, 16], "texture": "#0"},
				"east": {"uv": [0, 9, 4, 11], "texture": "#0"},
				"south": {"uv": [0, 12, 4, 16], "texture": "#0"},
				"west": {"uv": [0, 9, 4, 11], "texture": "#0"},
				"up": {"uv": [0, 12, 4, 16], "texture": "#0"},
				"down": {"uv": [0, 12, 4, 16], "texture": "#0"}
			}
		},
		{
			"from": [13.25, -0.75, -12.5],
			"to": [16.75, 1.75, -6.5],
			"faces": {
				"north": {"uv": [0, 12, 4, 16], "texture": "#0"},
				"east": {"uv": [0, 9, 4, 11], "texture": "#0"},
				"south": {"uv": [0, 12, 4, 16], "texture": "#0"},
				"west": {"uv": [0, 9, 4, 11], "texture": "#0"},
				"up": {"uv": [0, 12, 4, 16], "texture": "#0"},
				"down": {"uv": [0, 12, 4, 16], "texture": "#0"}
			}
		},
		{
			"from": [-0.75, -2.5, -10.75],
			"to": [2.75, 3.5, -8.25],
			"rotation": {"angle": 0, "axis": "x", "origin": [1, 0.5, -9.5]},
			"faces": {
				"north": {"uv": [0, 12, 4, 16], "rotation": 180, "texture": "#0"},
				"east": {"uv": [0, 9, 4, 11], "rotation": 90, "texture": "#0"},
				"south": {"uv": [0, 12, 4, 16], "texture": "#0"},
				"west": {"uv": [0, 9, 4, 11], "rotation": 270, "texture": "#0"},
				"up": {"uv": [0, 12, 4, 16], "texture": "#0"},
				"down": {"uv": [0, 12, 4, 16], "rotation": 180, "texture": "#0"}
			}
		},
		{
			"from": [-0.75, -0.75, -12.5],
			"to": [2.75, 1.75, -6.5],
			"rotation": {"angle": -45, "axis": "x", "origin": [1, 0.5, -9.5]},
			"faces": {
				"north": {"uv": [0, 12, 4, 16], "texture": "#0"},
				"east": {"uv": [0, 9, 4, 11], "texture": "#0"},
				"south": {"uv": [0, 12, 4, 16], "texture": "#0"},
				"west": {"uv": [0, 9, 4, 11], "texture": "#0"},
				"up": {"uv": [0, 12, 4, 16], "texture": "#0"},
				"down": {"uv": [0, 12, 4, 16], "texture": "#0"}
			}
		},
		{
			"from": [-0.75, -0.75, -12.5],
			"to": [2.75, 1.75, -6.5],
			"rotation": {"angle": 45, "axis": "x", "origin": [1, 0.5, -9.5]},
			"faces": {
				"north": {"uv": [0, 12, 4, 16], "texture": "#0"},
				"east": {"uv": [0, 9, 4, 11], "texture": "#0"},
				"south": {"uv": [0, 12, 4, 16], "texture": "#0"},
				"west": {"uv": [0, 9, 4, 11], "texture": "#0"},
				"up": {"uv": [0, 12, 4, 16], "texture": "#0"},
				"down": {"uv": [0, 12, 4, 16], "texture": "#0"}
			}
		},
		{
			"from": [-0.75, -0.75, -12.5],
			"to": [2.75, 1.75, -6.5],
			"faces": {
				"north": {"uv": [0, 12, 4, 16], "texture": "#0"},
				"east": {"uv": [0, 9, 4, 11], "texture": "#0"},
				"south": {"uv": [0, 12, 4, 16], "texture": "#0"},
				"west": {"uv": [0, 9, 4, 11], "texture": "#0"},
				"up": {"uv": [0, 12, 4, 16], "texture": "#0"},
				"down": {"uv": [0, 12, 4, 16], "texture": "#0"}
			}
		},
		{
			"from": [-0.75, -2.5, 15.25],
			"to": [2.75, 3.5, 17.75],
			"rotation": {"angle": 0, "axis": "x", "origin": [1, 0.5, 16.5]},
			"faces": {
				"north": {"uv": [0, 12, 4, 16], "rotation": 180, "texture": "#0"},
				"east": {"uv": [0, 9, 4, 11], "rotation": 90, "texture": "#0"},
				"south": {"uv": [0, 12, 4, 16], "texture": "#0"},
				"west": {"uv": [0, 9, 4, 11], "rotation": 270, "texture": "#0"},
				"up": {"uv": [0, 12, 4, 16], "texture": "#0"},
				"down": {"uv": [0, 12, 4, 16], "rotation": 180, "texture": "#0"}
			}
		},
		{
			"from": [-0.75, -0.75, 13.5],
			"to": [2.75, 1.75, 19.5],
			"rotation": {"angle": -45, "axis": "x", "origin": [1, 0.5, 16.5]},
			"faces": {
				"north": {"uv": [0, 12, 4, 16], "texture": "#0"},
				"east": {"uv": [0, 9, 4, 11], "texture": "#0"},
				"south": {"uv": [0, 12, 4, 16], "texture": "#0"},
				"west": {"uv": [0, 9, 4, 11], "texture": "#0"},
				"up": {"uv": [0, 12, 4, 16], "texture": "#0"},
				"down": {"uv": [0, 12, 4, 16], "texture": "#0"}
			}
		},
		{
			"from": [-0.75, -0.75, 13.5],
			"to": [2.75, 1.75, 19.5],
			"rotation": {"angle": 45, "axis": "x", "origin": [1, 0.5, 16.5]},
			"faces": {
				"north": {"uv": [0, 12, 4, 16], "texture": "#0"},
				"east": {"uv": [0, 9, 4, 11], "texture": "#0"},
				"south": {"uv": [0, 12, 4, 16], "texture": "#0"},
				"west": {"uv": [0, 9, 4, 11], "texture": "#0"},
				"up": {"uv": [0, 12, 4, 16], "texture": "#0"},
				"down": {"uv": [0, 12, 4, 16], "texture": "#0"}
			}
		},
		{
			"from": [-0.75, -0.75, 13.5],
			"to": [2.75, 1.75, 19.5],
			"faces": {
				"north": {"uv": [0, 12, 4, 16], "texture": "#0"},
				"east": {"uv": [0, 9, 4, 11], "texture": "#0"},
				"south": {"uv": [0, 12, 4, 16], "texture": "#0"},
				"west": {"uv": [0, 9, 4, 11], "texture": "#0"},
				"up": {"uv": [0, 12, 4, 16], "texture": "#0"},
				"down": {"uv": [0, 12, 4, 16], "texture": "#0"}
			}
		}
	],
	"display": {
		"gui": {
			"rotation": [22, 40, 0],
			"translation": [1, 0, 0],
			"scale": [0.4, 0.4, 0.4]
		},
		"head": {
			"translation": [15.5, 11, 19],
			"scale": [4, 4, 4]
		}
	},
	"groups": [0, 1, 2, 3, 4, 5, 6, 7, 8, 9, 10, 11, 12, 13, 14, 15, 16, 17, 18, 19, 20, 21, 22, 23, 24, 25, 26, 27, 28, 29, 30, 31, 32,
		{
			"name": "chair",
			"origin": [8, 8, 8],
			"children": [33, 34]
		},
		{
			"name": "bench",
			"origin": [8, 8, 8],
			"children": [35, 36]
		},
		{
			"name": "chair",
			"origin": [8, 8, 8],
			"children": [37, 38]
		},
		{
			"name": "steeringwheel",
			"origin": [8, 8, 8],
			"children": [39, 40, 41, 42, 43, 44, 45, 46, 47, 48]
		}, 49, 50,
		{
			"name": "group",
			"origin": [8, 8, 8],
			"children": [51, 52, 53, 54]
		},
		{
			"name": "group",
			"origin": [8, 8, 8],
			"children": [55, 56, 57, 58]
		},
		{
			"name": "group",
			"origin": [8, 8, 8],
			"children": [59, 60, 61, 62]
		},
		{
			"name": "group",
			"origin": [8, 8, 8],
			"children": [63, 64, 65, 66]
		}
	]
}