{"credit":"Made with Blockbench","textures":{"texture":"3dfantasyweaponscit:item/nongfu/colet","z3DColetEffect":"3dfantasyweaponscit:item/nongfu/coleteffect","z3DColetEffectREV":"3dfantasyweaponscit:item/nongfu/coleteffectrev"},"elements":[{"name":"z3DColet x128","from":[4.875,9.5,7.9],"to":[7.625,10,8.15],"faces":{"north":{"uv":[7.625,6,4.875,6.5],"texture":"#texture"},"east":{"uv":[7.625,6,7.5,6.5],"texture":"#texture"},"south":{"uv":[4.875,6,7.625,6.5],"texture":"#texture"},"west":{"uv":[4.875,6,5,6.5],"texture":"#texture"},"up":{"uv":[4.875,6.125,7.625,6],"texture":"#texture"},"down":{"uv":[4.875,6.375,7.625,6.5],"texture":"#texture"}}},{"name":"z3DColet x128","from":[5,10,7.9],"to":[5.25,10.375,8.15],"faces":{"north":{"uv":[5.25,5.625,5,6],"texture":"#texture"},"east":{"uv":[5.25,5.625,5.125,6],"texture":"#texture"},"south":{"uv":[5,5.625,5.25,6],"texture":"#texture"},"west":{"uv":[5,5.625,5.125,6],"texture":"#texture"},"up":{"uv":[5,5.75,5.25,5.625],"texture":"#texture"},"down":{"uv":[5,5.875,5.25,6],"texture":"#texture"}}},{"name":"z3DColet x128","from":[5,9,7.9],"to":[9.5,9.5,8.15],"faces":{"north":{"uv":[9.5,6.5,5,7],"texture":"#texture"},"east":{"uv":[9.5,6.5,9.375,7],"texture":"#texture"},"south":{"uv":[5,6.5,9.5,7],"texture":"#texture"},"west":{"uv":[5,6.5,5.125,7],"texture":"#texture"},"up":{"uv":[5,6.625,9.5,6.5],"texture":"#texture"},"down":{"uv":[5,6.875,9.5,7],"texture":"#texture"}}},{"name":"z3DColet x128","from":[5.125,8.5,7.9],"to":[9.375,9,8.15],"faces":{"north":{"uv":[9.375,7,5.125,7.5],"texture":"#texture"},"east":{"uv":[9.375,7,9.25,7.5],"texture":"#texture"},"south":{"uv":[5.125,7,9.375,7.5],"texture":"#texture"},"west":{"uv":[5.125,7,5.25,7.5],"texture":"#texture"},"up":{"uv":[5.125,7.125,9.375,7],"texture":"#texture"},"down":{"uv":[5.125,7.375,9.375,7.5],"texture":"#texture"}}},{"name":"z3DColet x128","from":[5.25,10,7.9],"to":[5.75,10.25,8.15],"faces":{"north":{"uv":[5.75,5.75,5.25,6],"texture":"#texture"},"east":{"uv":[5.75,5.75,5.625,6],"texture":"#texture"},"south":{"uv":[5.25,5.75,5.75,6],"texture":"#texture"},"west":{"uv":[5.25,5.75,5.375,6],"texture":"#texture"},"up":{"uv":[5.25,5.875,5.75,5.75],"texture":"#texture"}}},{"name":"z3DColet x128","from":[5.25,8.125,7.9],"to":[6.75,8.5,8.15],"faces":{"north":{"uv":[6.75,7.5,5.25,7.875],"texture":"#texture"},"east":{"uv":[6.75,7.5,6.625,7.875],"texture":"#texture"},"south":{"uv":[5.25,7.5,6.75,7.875],"texture":"#texture"},"west":{"uv":[5.25,7.5,5.375,7.875],"texture":"#texture"},"down":{"uv":[5.25,7.75,6.75,7.875],"texture":"#texture"}}},{"name":"z3DColet x128","from":[5.375,7.875,7.9],"to":[6.5,8.125,8.15],"faces":{"north":{"uv":[6.5,7.875,5.375,8.125],"texture":"#texture"},"east":{"uv":[6.5,7.875,6.375,8.125],"texture":"#texture"},"south":{"uv":[5.375,7.875,6.5,8.125],"texture":"#texture"},"west":{"uv":[5.375,7.875,5.5,8.125],"texture":"#texture"},"down":{"uv":[5.375,8.125,6.5,8],"texture":"#texture"}}},{"name":"z3DColet x128","from":[5.5,7.5,7.9],"to":[6.375,7.875,8.15],"faces":{"north":{"uv":[6.375,8.125,5.5,8.5],"texture":"#texture"},"east":{"uv":[6.375,8.125,6.25,8.5],"texture":"#texture"},"south":{"uv":[5.5,8.125,6.375,8.5],"texture":"#texture"},"west":{"uv":[5.5,8.125,5.625,8.5],"texture":"#texture"},"down":{"uv":[5.5,8.5,6.375,8.375],"texture":"#texture"}}},{"name":"z3DColet x128","from":[5.625,7.25,7.9],"to":[6.25,7.5,8.15],"faces":{"north":{"uv":[6.25,8.5,5.625,8.75],"texture":"#texture"},"east":{"uv":[6.25,8.5,6.125,8.75],"texture":"#texture"},"south":{"uv":[5.625,8.5,6.25,8.75],"texture":"#texture"},"west":{"uv":[5.625,8.5,5.75,8.75],"texture":"#texture"},"up":{"uv":[5.625,8.5,6.25,8.625],"texture":"#texture"},"down":{"uv":[5.625,8.75,6.25,8.625],"texture":"#texture"}}},{"name":"z3DColet x128","from":[5.75,10,7.9],"to":[6.375,10.125,8.15],"faces":{"north":{"uv":[6.375,5.875,5.75,6],"texture":"#texture"},"east":{"uv":[6.375,5.875,6.25,6],"texture":"#texture"},"south":{"uv":[5.75,5.875,6.375,6],"texture":"#texture"},"west":{"uv":[5.75,5.875,5.875,6],"texture":"#texture"},"up":{"uv":[5.75,5.875,6.375,6],"texture":"#texture"},"down":{"uv":[5.75,6,6.375,5.875],"texture":"#texture"}}},{"name":"z3DColet x128","from":[5.75,7,7.9],"to":[6.25,7.25,8.15],"faces":{"north":{"uv":[6.25,8.75,5.75,9],"texture":"#texture"},"east":{"uv":[6.25,8.75,6.125,9],"texture":"#texture"},"south":{"uv":[5.75,8.75,6.25,9],"texture":"#texture"},"west":{"uv":[5.75,8.75,5.875,9],"texture":"#texture"},"up":{"uv":[5.75,8.75,6.25,8.875],"texture":"#texture"},"down":{"uv":[5.75,9,6.25,8.875],"texture":"#texture"}}},{"name":"z3DColet x128","from":[5.875,6.875,7.9],"to":[6.25,7,8.15],"faces":{"north":{"uv":[6.25,9,5.875,9.125],"texture":"#texture"},"east":{"uv":[6.25,9,6.125,9.125],"texture":"#texture"},"south":{"uv":[5.875,9,6.25,9.125],"texture":"#texture"},"west":{"uv":[5.875,9,6,9.125],"texture":"#texture"},"up":{"uv":[5.875,9,6.25,9.125],"texture":"#texture"},"down":{"uv":[5.875,9.125,6.25,9],"texture":"#texture"}}},{"name":"z3DColet x128","from":[6,6.75,7.9],"to":[6.375,6.875,8.15],"faces":{"north":{"uv":[6.375,9.125,6,9.25],"texture":"#texture"},"east":{"uv":[6.375,9.125,6.25,9.25],"texture":"#texture"},"south":{"uv":[6,9.125,6.375,9.25],"texture":"#texture"},"west":{"uv":[6,9.125,6.125,9.25],"texture":"#texture"},"up":{"uv":[6,9.125,6.375,9.25],"texture":"#texture"},"down":{"uv":[6,9.25,6.375,9.125],"texture":"#texture"}}},{"name":"z3DColet x128","from":[6.125,6.625,7.9],"to":[6.375,6.75,8.15],"faces":{"north":{"uv":[6.375,9.25,6.125,9.375],"texture":"#texture"},"east":{"uv":[6.375,9.25,6.25,9.375],"texture":"#texture"},"south":{"uv":[6.125,9.25,6.375,9.375],"texture":"#texture"},"west":{"uv":[6.125,9.25,6.25,9.375],"texture":"#texture"},"up":{"uv":[6.125,9.25,6.375,9.375],"texture":"#texture"},"down":{"uv":[6.125,9.375,6.375,9.25],"texture":"#texture"}}},{"name":"z3DColet x128","from":[6.25,7.375,7.9],"to":[6.375,7.5,8.15],"faces":{"north":{"uv":[6.375,8.5,6.25,8.625],"texture":"#texture"},"east":{"uv":[6.375,8.5,6.25,8.625],"texture":"#texture"},"south":{"uv":[6.25,8.5,6.375,8.625],"texture":"#texture"},"west":{"uv":[6.25,8.5,6.375,8.625],"texture":"#texture"},"up":{"uv":[6.25,8.5,6.375,8.625],"texture":"#texture"},"down":{"uv":[6.25,8.625,6.375,8.5],"texture":"#texture"}}},{"name":"z3DColet x128","from":[6.25,6.5,7.9],"to":[6.375,6.625,8.15],"faces":{"north":{"uv":[6.375,9.375,6.25,9.5],"texture":"#texture"},"east":{"uv":[6.375,9.375,6.25,9.5],"texture":"#texture"},"south":{"uv":[6.25,9.375,6.375,9.5],"texture":"#texture"},"west":{"uv":[6.25,9.375,6.375,9.5],"texture":"#texture"},"up":{"uv":[6.25,9.375,6.375,9.5],"texture":"#texture"},"down":{"uv":[6.25,9.5,6.375,9.375],"texture":"#texture"}}},{"name":"z3DColet x128","from":[6.375,7.75,7.9],"to":[6.5,7.875,8.15],"faces":{"north":{"uv":[6.5,8.125,6.375,8.25],"texture":"#texture"},"east":{"uv":[6.5,8.125,6.375,8.25],"texture":"#texture"},"south":{"uv":[6.375,8.125,6.5,8.25],"texture":"#texture"},"west":{"uv":[6.375,8.125,6.5,8.25],"texture":"#texture"},"up":{"uv":[6.375,8.125,6.5,8.25],"texture":"#texture"},"down":{"uv":[6.375,8.25,6.5,8.125],"texture":"#texture"}}},{"name":"z3DColet x128","from":[6.5,8,7.9],"to":[6.625,8.125,8.15],"faces":{"north":{"uv":[6.625,7.875,6.5,8],"texture":"#texture"},"east":{"uv":[6.625,7.875,6.5,8],"texture":"#texture"},"south":{"uv":[6.5,7.875,6.625,8],"texture":"#texture"},"west":{"uv":[6.5,7.875,6.625,8],"texture":"#texture"},"down":{"uv":[6.5,8,6.625,7.875],"texture":"#texture"}}},{"name":"z3DColet x128","from":[6.625,10.375,7.9],"to":[7.25,10.5,8.15],"faces":{"north":{"uv":[7.25,5.5,6.625,5.625],"texture":"#texture"},"east":{"uv":[7.25,5.5,7.125,5.625],"texture":"#texture"},"south":{"uv":[6.625,5.5,7.25,5.625],"texture":"#texture"},"west":{"uv":[6.625,5.5,6.75,5.625],"texture":"#texture"},"up":{"uv":[6.625,5.5,7.25,5.625],"texture":"#texture"},"down":{"uv":[6.625,5.625,7.25,5.5],"texture":"#texture"}}},{"name":"z3DColet x128","from":[6.75,8.25,7.9],"to":[6.875,8.5,8.15],"faces":{"north":{"uv":[6.875,7.5,6.75,7.75],"texture":"#texture"},"east":{"uv":[6.875,7.5,6.75,7.75],"texture":"#texture"},"south":{"uv":[6.75,7.5,6.875,7.75],"texture":"#texture"},"west":{"uv":[6.75,7.5,6.875,7.75],"texture":"#texture"},"up":{"uv":[6.75,7.5,6.875,7.625],"texture":"#texture"},"down":{"uv":[6.75,7.75,6.875,7.625],"texture":"#texture"}}},{"name":"z3DColet x128","from":[6.875,8.375,7.9],"to":[7,8.5,8.15],"faces":{"north":{"uv":[7,7.5,6.875,7.625],"texture":"#texture"},"east":{"uv":[7,7.5,6.875,7.625],"texture":"#texture"},"south":{"uv":[6.875,7.5,7,7.625],"texture":"#texture"},"west":{"uv":[6.875,7.5,7,7.625],"texture":"#texture"},"up":{"uv":[6.875,7.5,7,7.625],"texture":"#texture"},"down":{"uv":[6.875,7.625,7,7.5],"texture":"#texture"}}},{"name":"z3DColet x128","from":[7,10.25,7.9],"to":[7.375,10.375,8.15],"faces":{"north":{"uv":[7.375,5.625,7,5.75],"texture":"#texture"},"east":{"uv":[7.375,5.625,7.25,5.75],"texture":"#texture"},"south":{"uv":[7,5.625,7.375,5.75],"texture":"#texture"},"west":{"uv":[7,5.625,7.125,5.75],"texture":"#texture"},"up":{"uv":[7,5.625,7.375,5.75],"texture":"#texture"},"down":{"uv":[7,5.75,7.375,5.625],"texture":"#texture"}}},{"name":"z3DColet x128","from":[7,10,7.9],"to":[7.625,10.125,8.15],"faces":{"north":{"uv":[7.625,5.875,7,6],"texture":"#texture"},"east":{"uv":[7.625,5.875,7.5,6],"texture":"#texture"},"south":{"uv":[7,5.875,7.625,6],"texture":"#texture"},"west":{"uv":[7,5.875,7.125,6],"texture":"#texture"},"up":{"uv":[7,5.875,7.625,6],"texture":"#texture"},"down":{"uv":[7,6,7.625,5.875],"texture":"#texture"}}},{"name":"z3DColet x128","from":[7.125,10.125,7.9],"to":[7.5,10.25,8.15],"faces":{"north":{"uv":[7.5,5.75,7.125,5.875],"texture":"#texture"},"east":{"uv":[7.5,5.75,7.375,5.875],"texture":"#texture"},"south":{"uv":[7.125,5.75,7.5,5.875],"texture":"#texture"},"west":{"uv":[7.125,5.75,7.25,5.875],"texture":"#texture"},"up":{"uv":[7.125,5.75,7.5,5.875],"texture":"#texture"},"down":{"uv":[7.125,5.875,7.5,5.75],"texture":"#texture"}}},{"name":"z3DColet x128","from":[7.25,8.375,7.9],"to":[8.5,8.5,8.15],"faces":{"north":{"uv":[8.5,7.5,7.25,7.625],"texture":"#texture"},"east":{"uv":[8.5,7.5,8.375,7.625],"texture":"#texture"},"south":{"uv":[7.25,7.5,8.5,7.625],"texture":"#texture"},"west":{"uv":[7.25,7.5,7.375,7.625],"texture":"#texture"},"up":{"uv":[7.25,7.5,8.5,7.625],"texture":"#texture"},"down":{"uv":[7.25,7.625,8.5,7.5],"texture":"#texture"}}},{"name":"z3DColet x128","from":[7.25,2.125,7.9],"to":[7.375,2.375,8.15],"faces":{"north":{"uv":[7.375,13.625,7.25,13.875],"texture":"#texture"},"east":{"uv":[7.375,13.625,7.25,13.875],"texture":"#texture"},"south":{"uv":[7.25,13.625,7.375,13.875],"texture":"#texture"},"west":{"uv":[7.25,13.625,7.375,13.875],"texture":"#texture"},"up":{"uv":[7.25,13.625,7.375,13.75],"texture":"#texture"},"down":{"uv":[7.25,13.875,7.375,13.75],"texture":"#texture"}}},{"name":"z3DColet x128","from":[7.25,1.625,7.9],"to":[7.375,1.875,8.15],"faces":{"north":{"uv":[7.375,14.125,7.25,14.375],"texture":"#texture"},"east":{"uv":[7.375,14.125,7.25,14.375],"texture":"#texture"},"south":{"uv":[7.25,14.125,7.375,14.375],"texture":"#texture"},"west":{"uv":[7.25,14.125,7.375,14.375],"texture":"#texture"},"up":{"uv":[7.25,14.125,7.375,14.25],"texture":"#texture"},"down":{"uv":[7.25,14.375,7.375,14.25],"texture":"#texture"}}},{"name":"z3DColet x128","from":[7.375,2.375,7.9],"to":[7.5,2.5,8.15],"faces":{"north":{"uv":[7.5,13.5,7.375,13.625],"texture":"#texture"},"east":{"uv":[7.5,13.5,7.375,13.625],"texture":"#texture"},"south":{"uv":[7.375,13.5,7.5,13.625],"texture":"#texture"},"west":{"uv":[7.375,13.5,7.5,13.625],"texture":"#texture"},"up":{"uv":[7.375,13.5,7.5,13.625],"texture":"#texture"},"down":{"uv":[7.375,13.625,7.5,13.5],"texture":"#texture"}}},{"name":"z3DColet x128","from":[7.375,1.875,7.9],"to":[7.625,2.25,8.15],"faces":{"north":{"uv":[7.625,13.75,7.375,14.125],"texture":"#texture"},"east":{"uv":[7.625,13.75,7.5,14.125],"texture":"#texture"},"south":{"uv":[7.375,13.75,7.625,14.125],"texture":"#texture"},"west":{"uv":[7.375,13.75,7.5,14.125],"texture":"#texture"},"up":{"uv":[7.375,13.75,7.625,13.875],"texture":"#texture"},"down":{"uv":[7.375,14.125,7.625,14],"texture":"#texture"}}},{"name":"z3DColet x128","from":[7.375,1.5,7.9],"to":[7.625,1.75,8.15],"faces":{"north":{"uv":[7.625,14.25,7.375,14.5],"texture":"#texture"},"east":{"uv":[7.625,14.25,7.5,14.5],"texture":"#texture"},"south":{"uv":[7.375,14.25,7.625,14.5],"texture":"#texture"},"west":{"uv":[7.375,14.25,7.5,14.5],"texture":"#texture"},"up":{"uv":[7.375,14.25,7.625,14.375],"texture":"#texture"},"down":{"uv":[7.375,14.5,7.625,14.375],"texture":"#texture"}}},{"name":"z3DColet x128","from":[7.5,8.125,7.9],"to":[8.5,8.375,8.15],"faces":{"north":{"uv":[8.5,7.625,7.5,7.875],"texture":"#texture"},"east":{"uv":[8.5,7.625,8.375,7.875],"texture":"#texture"},"south":{"uv":[7.5,7.625,8.5,7.875],"texture":"#texture"},"west":{"uv":[7.5,7.625,7.625,7.875],"texture":"#texture"},"up":{"uv":[7.5,7.625,8.5,7.75],"texture":"#texture"},"down":{"uv":[7.5,7.875,8.5,7.75],"texture":"#texture"}}},{"name":"z3DColet x128","from":[7.5,2.875,7.9],"to":[8.5,3.125,8.15],"faces":{"north":{"uv":[8.5,12.875,7.5,13.125],"texture":"#texture"},"east":{"uv":[8.5,12.875,8.375,13.125],"texture":"#texture"},"south":{"uv":[7.5,12.875,8.5,13.125],"texture":"#texture"},"west":{"uv":[7.5,12.875,7.625,13.125],"texture":"#texture"},"up":{"uv":[7.5,12.875,8.5,13],"texture":"#texture"},"down":{"uv":[7.5,13.125,8.5,13],"texture":"#texture"}}},{"name":"z3DColet x128","from":[7.5,1.375,7.9],"to":[8.375,1.5,8.15],"faces":{"north":{"uv":[8.375,14.5,7.5,14.625],"texture":"#texture"},"east":{"uv":[8.375,14.5,8.25,14.625],"texture":"#texture"},"south":{"uv":[7.5,14.5,8.375,14.625],"texture":"#texture"},"west":{"uv":[7.5,14.5,7.625,14.625],"texture":"#texture"},"up":{"uv":[7.5,14.5,8.375,14.625],"texture":"#texture"},"down":{"uv":[7.5,14.625,8.375,14.5],"texture":"#texture"}}},{"name":"z3DColet x128","from":[7.625,9.5,7.9],"to":[9.625,9.875,8.15],"faces":{"north":{"uv":[9.625,6.125,7.625,6.5],"texture":"#texture"},"east":{"uv":[9.625,6.125,9.5,6.5],"texture":"#texture"},"south":{"uv":[7.625,6.125,9.625,6.5],"texture":"#texture"},"west":{"uv":[7.625,6.125,7.75,6.5],"texture":"#texture"},"up":{"uv":[7.625,6.125,9.625,6.25],"texture":"#texture"},"down":{"uv":[7.625,6.5,9.625,6.375],"texture":"#texture"}}},{"name":"z3DColet x128","from":[7.625,7.625,7.9],"to":[8.375,8.125,8.15],"faces":{"north":{"uv":[8.375,7.875,7.625,8.375],"texture":"#texture"},"east":{"uv":[8.375,7.875,8.25,8.375],"texture":"#texture"},"south":{"uv":[7.625,7.875,8.375,8.375],"texture":"#texture"},"west":{"uv":[7.625,7.875,7.75,8.375],"texture":"#texture"},"down":{"uv":[7.625,8.375,8.375,8.25],"texture":"#texture"}}},{"name":"z3DColet x128","from":[7.625,1.75,7.9],"to":[8.125,2.125,8.15],"faces":{"north":{"uv":[8.125,13.875,7.625,14.25],"texture":"#texture"},"east":{"uv":[8.125,13.875,8,14.25],"texture":"#texture"},"south":{"uv":[7.625,13.875,8.125,14.25],"texture":"#texture"},"west":{"uv":[7.625,13.875,7.75,14.25],"texture":"#texture"},"up":{"uv":[7.625,13.875,8.125,14],"texture":"#texture"},"down":{"uv":[7.625,14.25,8.125,14.125],"texture":"#texture"}}},{"name":"z3DColet x128","from":[7.625,1.5,7.9],"to":[8.375,1.625,8.15],"faces":{"north":{"uv":[8.375,14.375,7.625,14.5],"texture":"#texture"},"east":{"uv":[8.375,14.375,8.25,14.5],"texture":"#texture"},"south":{"uv":[7.625,14.375,8.375,14.5],"texture":"#texture"},"west":{"uv":[7.625,14.375,7.75,14.5],"texture":"#texture"},"up":{"uv":[7.625,14.375,8.375,14.5],"texture":"#texture"},"down":{"uv":[7.625,14.5,8.375,14.375],"texture":"#texture"}}},{"name":"z3DColet x128","from":[7.625,1.25,7.9],"to":[8.375,1.375,8.15],"faces":{"north":{"uv":[8.375,14.625,7.625,14.75],"texture":"#texture"},"east":{"uv":[8.375,14.625,8.25,14.75],"texture":"#texture"},"south":{"uv":[7.625,14.625,8.375,14.75],"texture":"#texture"},"west":{"uv":[7.625,14.625,7.75,14.75],"texture":"#texture"},"up":{"uv":[7.625,14.625,8.375,14.75],"texture":"#texture"},"down":{"uv":[7.625,14.75,8.375,14.625],"texture":"#texture"}}},{"name":"z3DColet x128","from":[7.75,9.875,7.9],"to":[8.25,10.125,8.15],"faces":{"north":{"uv":[8.25,5.875,7.75,6.125],"texture":"#texture"},"east":{"uv":[8.25,5.875,8.125,6.125],"texture":"#texture"},"south":{"uv":[7.75,5.875,8.25,6.125],"texture":"#texture"},"west":{"uv":[7.75,5.875,7.875,6.125],"texture":"#texture"},"up":{"uv":[7.75,5.875,8.25,6],"texture":"#texture"},"down":{"uv":[7.75,6.125,8.25,6],"texture":"#texture"}}},{"name":"z3DColet x128","from":[7.75,7.375,7.9],"to":[8.25,7.625,8.15],"faces":{"north":{"uv":[8.25,8.375,7.75,8.625],"texture":"#texture"},"east":{"uv":[8.25,8.375,8.125,8.625],"texture":"#texture"},"south":{"uv":[7.75,8.375,8.25,8.625],"texture":"#texture"},"west":{"uv":[7.75,8.375,7.875,8.625],"texture":"#texture"},"down":{"uv":[7.75,8.625,8.25,8.5],"texture":"#texture"}}},{"name":"z3DColet x128","from":[7.75,6.75,7.9],"to":[8.25,6.875,8.15],"faces":{"north":{"uv":[8.25,9.125,7.75,9.25],"texture":"#texture"},"east":{"uv":[8.25,9.125,8.125,9.25],"texture":"#texture"},"south":{"uv":[7.75,9.125,8.25,9.25],"texture":"#texture"},"west":{"uv":[7.75,9.125,7.875,9.25],"texture":"#texture"},"up":{"uv":[7.75,9.125,8.25,9.25],"texture":"#texture"},"down":{"uv":[7.75,9.25,8.25,9.125],"texture":"#texture"}}},{"name":"z3DColet x128","from":[7.75,6.125,7.9],"to":[8.25,6.25,8.15],"faces":{"north":{"uv":[8.25,9.75,7.75,9.875],"texture":"#texture"},"east":{"uv":[8.25,9.75,8.125,9.875],"texture":"#texture"},"south":{"uv":[7.75,9.75,8.25,9.875],"texture":"#texture"},"west":{"uv":[7.75,9.75,7.875,9.875],"texture":"#texture"},"up":{"uv":[7.75,9.75,8.25,9.875],"texture":"#texture"},"down":{"uv":[7.75,9.875,8.25,9.75],"texture":"#texture"}}},{"name":"z3DColet x128","from":[7.75,5.5,7.9],"to":[8.25,5.625,8.15],"faces":{"north":{"uv":[8.25,10.375,7.75,10.5],"texture":"#texture"},"east":{"uv":[8.25,10.375,8.125,10.5],"texture":"#texture"},"south":{"uv":[7.75,10.375,8.25,10.5],"texture":"#texture"},"west":{"uv":[7.75,10.375,7.875,10.5],"texture":"#texture"},"up":{"uv":[7.75,10.375,8.25,10.5],"texture":"#texture"},"down":{"uv":[7.75,10.5,8.25,10.375],"texture":"#texture"}}},{"name":"z3DColet x128","from":[7.75,4.875,7.9],"to":[8.25,5,8.15],"faces":{"north":{"uv":[8.25,11,7.75,11.125],"texture":"#texture"},"east":{"uv":[8.25,11,8.125,11.125],"texture":"#texture"},"south":{"uv":[7.75,11,8.25,11.125],"texture":"#texture"},"west":{"uv":[7.75,11,7.875,11.125],"texture":"#texture"},"up":{"uv":[7.75,11,8.25,11.125],"texture":"#texture"},"down":{"uv":[7.75,11.125,8.25,11],"texture":"#texture"}}},{"name":"z3DColet x128","from":[7.75,4.25,7.9],"to":[8.25,4.375,8.15],"faces":{"north":{"uv":[8.25,11.625,7.75,11.75],"texture":"#texture"},"east":{"uv":[8.25,11.625,8.125,11.75],"texture":"#texture"},"south":{"uv":[7.75,11.625,8.25,11.75],"texture":"#texture"},"west":{"uv":[7.75,11.625,7.875,11.75],"texture":"#texture"},"up":{"uv":[7.75,11.625,8.25,11.75],"texture":"#texture"},"down":{"uv":[7.75,11.75,8.25,11.625],"texture":"#texture"}}},{"name":"z3DColet x128","from":[7.75,3.625,7.9],"to":[8.25,3.75,8.15],"faces":{"north":{"uv":[8.25,12.25,7.75,12.375],"texture":"#texture"},"east":{"uv":[8.25,12.25,8.125,12.375],"texture":"#texture"},"south":{"uv":[7.75,12.25,8.25,12.375],"texture":"#texture"},"west":{"uv":[7.75,12.25,7.875,12.375],"texture":"#texture"},"up":{"uv":[7.75,12.25,8.25,12.375],"texture":"#texture"},"down":{"uv":[7.75,12.375,8.25,12.25],"texture":"#texture"}}},{"name":"z3DColet x128","from":[7.75,3.125,7.9],"to":[8.25,3.25,8.15],"faces":{"north":{"uv":[8.25,12.75,7.75,12.875],"texture":"#texture"},"east":{"uv":[8.25,12.75,8.125,12.875],"texture":"#texture"},"south":{"uv":[7.75,12.75,8.25,12.875],"texture":"#texture"},"west":{"uv":[7.75,12.75,7.875,12.875],"texture":"#texture"},"up":{"uv":[7.75,12.75,8.25,12.875],"texture":"#texture"}}},{"name":"z3DColet x128","from":[7.75,2.75,7.9],"to":[8.25,2.875,8.15],"faces":{"north":{"uv":[8.25,13.125,7.75,13.25],"texture":"#texture"},"east":{"uv":[8.25,13.125,8.125,13.25],"texture":"#texture"},"south":{"uv":[7.75,13.125,8.25,13.25],"texture":"#texture"},"west":{"uv":[7.75,13.125,7.875,13.25],"texture":"#texture"},"down":{"uv":[7.75,13.25,8.25,13.125],"texture":"#texture"}}},{"name":"z3DColet x128","from":[7.75,2.375,7.9],"to":[8.25,2.625,8.15],"faces":{"north":{"uv":[8.25,13.375,7.75,13.625],"texture":"#texture"},"east":{"uv":[8.25,13.375,8.125,13.625],"texture":"#texture"},"south":{"uv":[7.75,13.375,8.25,13.625],"texture":"#texture"},"west":{"uv":[7.75,13.375,7.875,13.625],"texture":"#texture"},"up":{"uv":[7.75,13.375,8.25,13.5],"texture":"#texture"},"down":{"uv":[7.75,13.625,8.25,13.5],"texture":"#texture"}}},{"name":"z3DColet x128","from":[7.75,2.125,7.9],"to":[8.25,2.25,8.15],"faces":{"north":{"uv":[8.25,13.75,7.75,13.875],"texture":"#texture"},"east":{"uv":[8.25,13.75,8.125,13.875],"texture":"#texture"},"south":{"uv":[7.75,13.75,8.25,13.875],"texture":"#texture"},"west":{"uv":[7.75,13.75,7.875,13.875],"texture":"#texture"},"up":{"uv":[7.75,13.75,8.25,13.875],"texture":"#texture"},"down":{"uv":[7.75,13.875,8.25,13.75],"texture":"#texture"}}},{"name":"z3DColet x128","from":[7.75,1.625,7.9],"to":[8.25,1.75,8.15],"faces":{"north":{"uv":[8.25,14.25,7.75,14.375],"texture":"#texture"},"east":{"uv":[8.25,14.25,8.125,14.375],"texture":"#texture"},"south":{"uv":[7.75,14.25,8.25,14.375],"texture":"#texture"},"west":{"uv":[7.75,14.25,7.875,14.375],"texture":"#texture"},"up":{"uv":[7.75,14.25,8.25,14.375],"texture":"#texture"},"down":{"uv":[7.75,14.375,8.25,14.25],"texture":"#texture"}}},{"name":"z3DColet x128","from":[7.75,1.125,7.9],"to":[8.375,1.25,8.15],"faces":{"north":{"uv":[8.375,14.75,7.75,14.875],"texture":"#texture"},"east":{"uv":[8.375,14.75,8.25,14.875],"texture":"#texture"},"south":{"uv":[7.75,14.75,8.375,14.875],"texture":"#texture"},"west":{"uv":[7.75,14.75,7.875,14.875],"texture":"#texture"},"up":{"uv":[7.75,14.75,8.375,14.875],"texture":"#texture"},"down":{"uv":[7.75,14.875,8.375,14.75],"texture":"#texture"}}},{"name":"z3DColet x128","from":[7.875,10.125,7.9],"to":[8.125,10.5,8.15],"faces":{"north":{"uv":[8.125,5.5,7.875,5.875],"texture":"#texture"},"east":{"uv":[8.125,5.5,8,5.875],"texture":"#texture"},"south":{"uv":[7.875,5.5,8.125,5.875],"texture":"#texture"},"west":{"uv":[7.875,5.5,8,5.875],"texture":"#texture"},"up":{"uv":[7.875,5.5,8.125,5.625],"texture":"#texture"},"down":{"uv":[7.875,5.875,8.125,5.75],"texture":"#texture"}}},{"name":"z3DColet x128","from":[7.875,6.875,7.9],"to":[8.125,7.375,8.15],"faces":{"north":{"uv":[8.125,8.625,7.875,9.125],"texture":"#texture"},"east":{"uv":[8.125,8.625,8,9.125],"texture":"#texture"},"south":{"uv":[7.875,8.625,8.125,9.125],"texture":"#texture"},"west":{"uv":[7.875,8.625,8,9.125],"texture":"#texture"}}},{"name":"z3DColet x128","from":[7.875,6.25,7.9],"to":[8.125,6.75,8.15],"faces":{"north":{"uv":[8.125,9.25,7.875,9.75],"texture":"#texture"},"east":{"uv":[8.125,9.25,8,9.75],"texture":"#texture"},"south":{"uv":[7.875,9.25,8.125,9.75],"texture":"#texture"},"west":{"uv":[7.875,9.25,8,9.75],"texture":"#texture"}}},{"name":"z3DColet x128","from":[7.875,5.625,7.9],"to":[8.125,6.125,8.15],"faces":{"north":{"uv":[8.125,9.875,7.875,10.375],"texture":"#texture"},"east":{"uv":[8.125,9.875,8,10.375],"texture":"#texture"},"south":{"uv":[7.875,9.875,8.125,10.375],"texture":"#texture"},"west":{"uv":[7.875,9.875,8,10.375],"texture":"#texture"}}},{"name":"z3DColet x128","from":[7.875,5,7.9],"to":[8.125,5.5,8.15],"faces":{"north":{"uv":[8.125,10.5,7.875,11],"texture":"#texture"},"east":{"uv":[8.125,10.5,8,11],"texture":"#texture"},"south":{"uv":[7.875,10.5,8.125,11],"texture":"#texture"},"west":{"uv":[7.875,10.5,8,11],"texture":"#texture"}}},{"name":"z3DColet x128","from":[7.875,4.375,7.9],"to":[8.125,4.875,8.15],"faces":{"north":{"uv":[8.125,11.125,7.875,11.625],"texture":"#texture"},"east":{"uv":[8.125,11.125,8,11.625],"texture":"#texture"},"south":{"uv":[7.875,11.125,8.125,11.625],"texture":"#texture"},"west":{"uv":[7.875,11.125,8,11.625],"texture":"#texture"}}},{"name":"z3DColet x128","from":[7.875,3.75,7.9],"to":[8.125,4.25,8.15],"faces":{"north":{"uv":[8.125,11.75,7.875,12.25],"texture":"#texture"},"east":{"uv":[8.125,11.75,8,12.25],"texture":"#texture"},"south":{"uv":[7.875,11.75,8.125,12.25],"texture":"#texture"},"west":{"uv":[7.875,11.75,8,12.25],"texture":"#texture"}}},{"name":"z3DColet x128","from":[7.875,3.25,7.9],"to":[8.125,3.625,8.15],"faces":{"north":{"uv":[8.125,12.375,7.875,12.75],"texture":"#texture"},"east":{"uv":[8.125,12.375,8,12.75],"texture":"#texture"},"south":{"uv":[7.875,12.375,8.125,12.75],"texture":"#texture"},"west":{"uv":[7.875,12.375,8,12.75],"texture":"#texture"},"down":{"uv":[7.875,12.75,8.125,12.625],"texture":"#texture"}}},{"name":"z3DColet x128","from":[7.875,2.625,7.9],"to":[8.125,2.75,8.15],"faces":{"north":{"uv":[8.125,13.25,7.875,13.375],"texture":"#texture"},"east":{"uv":[8.125,13.25,8,13.375],"texture":"#texture"},"south":{"uv":[7.875,13.25,8.125,13.375],"texture":"#texture"},"west":{"uv":[7.875,13.25,8,13.375],"texture":"#texture"},"up":{"uv":[7.875,13.25,8.125,13.375],"texture":"#texture"}}},{"name":"z3DColet x128","from":[7.875,2.25,7.9],"to":[8.125,2.375,8.15],"faces":{"north":{"uv":[8.125,13.625,7.875,13.75],"texture":"#texture"},"east":{"uv":[8.125,13.625,8,13.75],"texture":"#texture"},"south":{"uv":[7.875,13.625,8.125,13.75],"texture":"#texture"},"west":{"uv":[7.875,13.625,8,13.75],"texture":"#texture"}}},{"name":"z3DColet x128","from":[7.875,1,7.9],"to":[8.375,1.125,8.15],"faces":{"north":{"uv":[8.375,14.875,7.875,15],"texture":"#texture"},"east":{"uv":[8.375,14.875,8.25,15],"texture":"#texture"},"south":{"uv":[7.875,14.875,8.375,15],"texture":"#texture"},"west":{"uv":[7.875,14.875,8,15],"texture":"#texture"},"up":{"uv":[7.875,14.875,8.375,15],"texture":"#texture"},"down":{"uv":[7.875,15,8.375,14.875],"texture":"#texture"}}},{"name":"z3DColet x128","from":[8,10.5,7.9],"to":[8.125,10.75,8.15],"faces":{"north":{"uv":[8.125,5.25,8,5.5],"texture":"#texture"},"east":{"uv":[8.125,5.25,8,5.5],"texture":"#texture"},"south":{"uv":[8,5.25,8.125,5.5],"texture":"#texture"},"west":{"uv":[8,5.25,8.125,5.5],"texture":"#texture"},"up":{"uv":[8,5.25,8.125,5.375],"texture":"#texture"},"down":{"uv":[8,5.5,8.125,5.375],"texture":"#texture"}}},{"name":"z3DColet x128","from":[8,0.625,7.9],"to":[8.75,0.875,8.15],"faces":{"north":{"uv":[8.75,15.125,8,15.375],"texture":"#texture"},"east":{"uv":[8.75,15.125,8.625,15.375],"texture":"#texture"},"south":{"uv":[8,15.125,8.75,15.375],"texture":"#texture"},"west":{"uv":[8,15.125,8.125,15.375],"texture":"#texture"},"up":{"uv":[8,15.125,8.75,15.25],"texture":"#texture"},"down":{"uv":[8,15.375,8.75,15.25],"texture":"#texture"}}},{"name":"z3DColet x128","from":[8.125,2,7.9],"to":[8.25,2.125,8.15],"faces":{"north":{"uv":[8.25,13.875,8.125,14],"texture":"#texture"},"east":{"uv":[8.25,13.875,8.125,14],"texture":"#texture"},"south":{"uv":[8.125,13.875,8.25,14],"texture":"#texture"},"up":{"uv":[8.125,13.875,8.25,14],"texture":"#texture"},"down":{"uv":[8.125,14,8.25,13.875],"texture":"#texture"}}},{"name":"z3DColet x128","from":[8.125,0.875,7.9],"to":[8.5,1,8.15],"faces":{"north":{"uv":[8.5,15,8.125,15.125],"texture":"#texture"},"east":{"uv":[8.5,15,8.375,15.125],"texture":"#texture"},"south":{"uv":[8.125,15,8.5,15.125],"texture":"#texture"},"west":{"uv":[8.125,15,8.25,15.125],"texture":"#texture"},"up":{"uv":[8.125,15,8.5,15.125],"texture":"#texture"},"down":{"uv":[8.125,15.125,8.5,15],"texture":"#texture"}}},{"name":"z3DColet x128","from":[8.125,0.5,7.9],"to":[8.75,0.625,8.15],"faces":{"north":{"uv":[8.75,15.375,8.125,15.5],"texture":"#texture"},"east":{"uv":[8.75,15.375,8.625,15.5],"texture":"#texture"},"south":{"uv":[8.125,15.375,8.75,15.5],"texture":"#texture"},"west":{"uv":[8.125,15.375,8.25,15.5],"texture":"#texture"},"up":{"uv":[8.125,15.375,8.75,15.5],"texture":"#texture"},"down":{"uv":[8.125,15.5,8.75,15.375],"texture":"#texture"}}},{"name":"z3DColet x128","from":[8.25,0.375,7.9],"to":[8.625,0.5,8.15],"faces":{"north":{"uv":[8.625,15.5,8.25,15.625],"texture":"#texture"},"east":{"uv":[8.625,15.5,8.5,15.625],"texture":"#texture"},"south":{"uv":[8.25,15.5,8.625,15.625],"texture":"#texture"},"west":{"uv":[8.25,15.5,8.375,15.625],"texture":"#texture"},"up":{"uv":[8.25,15.5,8.625,15.625],"texture":"#texture"},"down":{"uv":[8.25,15.625,8.625,15.5],"texture":"#texture"}}},{"name":"z3DColet x128","from":[8.375,9.875,7.9],"to":[9.75,10.125,8.15],"faces":{"north":{"uv":[9.75,5.875,8.375,6.125],"texture":"#texture"},"east":{"uv":[9.75,5.875,9.625,6.125],"texture":"#texture"},"south":{"uv":[8.375,5.875,9.75,6.125],"texture":"#texture"},"west":{"uv":[8.375,5.875,8.5,6.125],"texture":"#texture"},"up":{"uv":[8.375,5.875,9.75,6],"texture":"#texture"},"down":{"uv":[8.375,6.125,9.75,6],"texture":"#texture"}}},{"name":"z3DColet x128","from":[8.5,10.125,7.9],"to":[8.875,10.25,8.15],"faces":{"north":{"uv":[8.875,5.75,8.5,5.875],"texture":"#texture"},"east":{"uv":[8.875,5.75,8.75,5.875],"texture":"#texture"},"south":{"uv":[8.5,5.75,8.875,5.875],"texture":"#texture"},"west":{"uv":[8.5,5.75,8.625,5.875],"texture":"#texture"},"up":{"uv":[8.5,5.75,8.875,5.875],"texture":"#texture"},"down":{"uv":[8.5,5.875,8.875,5.75],"texture":"#texture"}}},{"name":"z3DColet x128","from":[8.625,10.25,7.9],"to":[9,10.375,8.15],"faces":{"north":{"uv":[9,5.625,8.625,5.75],"texture":"#texture"},"east":{"uv":[9,5.625,8.875,5.75],"texture":"#texture"},"south":{"uv":[8.625,5.625,9,5.75],"texture":"#texture"},"west":{"uv":[8.625,5.625,8.75,5.75],"texture":"#texture"},"up":{"uv":[8.625,5.625,9,5.75],"texture":"#texture"},"down":{"uv":[8.625,5.75,9,5.625],"texture":"#texture"}}},{"name":"z3DColet x128","from":[8.625,8.375,7.9],"to":[9.375,8.5,8.15],"faces":{"north":{"uv":[9.375,7.5,8.625,7.625],"texture":"#texture"},"east":{"uv":[9.375,7.5,9.25,7.625],"texture":"#texture"},"south":{"uv":[8.625,7.5,9.375,7.625],"texture":"#texture"},"west":{"uv":[8.625,7.5,8.75,7.625],"texture":"#texture"},"up":{"uv":[8.625,7.5,9.375,7.625],"texture":"#texture"},"down":{"uv":[8.625,7.625,9.375,7.5],"texture":"#texture"}}},{"name":"z3DColet x128","from":[8.75,10.375,7.9],"to":[9.375,10.5,8.15],"faces":{"north":{"uv":[9.375,5.5,8.75,5.625],"texture":"#texture"},"east":{"uv":[9.375,5.5,9.25,5.625],"texture":"#texture"},"south":{"uv":[8.75,5.5,9.375,5.625],"texture":"#texture"},"west":{"uv":[8.75,5.5,8.875,5.625],"texture":"#texture"},"up":{"uv":[8.75,5.5,9.375,5.625],"texture":"#texture"},"down":{"uv":[8.75,5.625,9.375,5.5],"texture":"#texture"}}},{"name":"z3DColet x128","from":[8.75,8.25,7.9],"to":[9.25,8.375,8.15],"faces":{"north":{"uv":[9.25,7.625,8.75,7.75],"texture":"#texture"},"east":{"uv":[9.25,7.625,9.125,7.75],"texture":"#texture"},"south":{"uv":[8.75,7.625,9.25,7.75],"texture":"#texture"},"west":{"uv":[8.75,7.625,8.875,7.75],"texture":"#texture"},"up":{"uv":[8.75,7.625,9.25,7.75],"texture":"#texture"},"down":{"uv":[8.75,7.75,9.25,7.625],"texture":"#texture"}}},{"name":"z3DColet x128","from":[8.75,0.625,7.9],"to":[8.875,0.75,8.15],"faces":{"north":{"uv":[8.875,15.25,8.75,15.375],"texture":"#texture"},"east":{"uv":[8.875,15.25,8.75,15.375],"texture":"#texture"},"south":{"uv":[8.75,15.25,8.875,15.375],"texture":"#texture"},"west":{"uv":[8.75,15.25,8.875,15.375],"texture":"#texture"},"up":{"uv":[8.75,15.25,8.875,15.375],"texture":"#texture"},"down":{"uv":[8.75,15.375,8.875,15.25],"texture":"#texture"}}},{"name":"z3DColet x128","from":[9,8,7.9],"to":[9.25,8.25,8.15],"faces":{"north":{"uv":[9.25,7.75,9,8],"texture":"#texture"},"east":{"uv":[9.25,7.75,9.125,8],"texture":"#texture"},"south":{"uv":[9,7.75,9.25,8],"texture":"#texture"},"west":{"uv":[9,7.75,9.125,8],"texture":"#texture"},"up":{"uv":[9,7.75,9.25,7.875],"texture":"#texture"},"down":{"uv":[9,8,9.25,7.875],"texture":"#texture"}}},{"name":"z3DColet x128","from":[9.125,7.875,7.9],"to":[9.25,8,8.15],"faces":{"north":{"uv":[9.25,8,9.125,8.125],"texture":"#texture"},"east":{"uv":[9.25,8,9.125,8.125],"texture":"#texture"},"south":{"uv":[9.125,8,9.25,8.125],"texture":"#texture"},"west":{"uv":[9.125,8,9.25,8.125],"texture":"#texture"},"up":{"uv":[9.125,8,9.25,8.125],"texture":"#texture"},"down":{"uv":[9.125,8.125,9.25,8],"texture":"#texture"}}},{"name":"z3DColet x128","from":[9.375,8.75,7.9],"to":[9.5,9,8.15],"faces":{"north":{"uv":[9.5,7,9.375,7.25],"texture":"#texture"},"east":{"uv":[9.5,7,9.375,7.25],"texture":"#texture"},"south":{"uv":[9.375,7,9.5,7.25],"texture":"#texture"},"west":{"uv":[9.375,7,9.5,7.25],"texture":"#texture"},"up":{"uv":[9.375,7,9.5,7.125],"texture":"#texture"},"down":{"uv":[9.375,7.25,9.5,7.125],"texture":"#texture"}}},{"name":"z3DColet x128","from":[9.5,10.125,7.9],"to":[9.75,10.25,8.15],"faces":{"north":{"uv":[9.75,5.75,9.5,5.875],"texture":"#texture"},"east":{"uv":[9.75,5.75,9.625,5.875],"texture":"#texture"},"south":{"uv":[9.5,5.75,9.75,5.875],"texture":"#texture"},"west":{"uv":[9.5,5.75,9.625,5.875],"texture":"#texture"},"up":{"uv":[9.5,5.75,9.75,5.875],"texture":"#texture"},"down":{"uv":[9.5,5.875,9.75,5.75],"texture":"#texture"}}},{"name":"z3DColet x128","from":[9.5,9.25,7.9],"to":[9.625,9.5,8.15],"faces":{"north":{"uv":[9.625,6.5,9.5,6.75],"texture":"#texture"},"east":{"uv":[9.625,6.5,9.5,6.75],"texture":"#texture"},"south":{"uv":[9.5,6.5,9.625,6.75],"texture":"#texture"},"west":{"uv":[9.5,6.5,9.625,6.75],"texture":"#texture"},"up":{"uv":[9.5,6.5,9.625,6.625],"texture":"#texture"},"down":{"uv":[9.5,6.75,9.625,6.625],"texture":"#texture"}}},{"name":"z3DColet x128","from":[9.625,9.75,7.9],"to":[9.75,9.875,8.15],"faces":{"north":{"uv":[9.75,6.125,9.625,6.25],"texture":"#texture"},"east":{"uv":[9.75,6.125,9.625,6.25],"texture":"#texture"},"south":{"uv":[9.625,6.125,9.75,6.25],"texture":"#texture"},"west":{"uv":[9.625,6.125,9.75,6.25],"texture":"#texture"},"up":{"uv":[9.625,6.125,9.75,6.25],"texture":"#texture"},"down":{"uv":[9.625,6.25,9.75,6.125],"texture":"#texture"}}},{"name":"Element","from":[7.5,8.125,7.775],"to":[8.5,9.75,8.275],"faces":{"north":{"uv":[8.5,6.25,7.5,7.875],"texture":"#texture"},"east":{"uv":[8.5,6.25,8.375,7.875],"texture":"#texture"},"south":{"uv":[7.5,6.25,8.5,7.875],"texture":"#texture"},"west":{"uv":[7.5,6.25,7.625,7.875],"texture":"#texture"},"up":{"uv":[7.5,6.375,8.5,6.25],"texture":"#texture"},"down":{"uv":[7.5,7.75,8.5,7.875],"texture":"#texture"}}},{"name":"Element","from":[7.375,8.5,7.775],"to":[8.625,9.75,8.275],"faces":{"north":{"uv":[8.625,6.25,7.375,7.5],"texture":"#texture"},"east":{"uv":[8.625,6.25,8.5,7.5],"texture":"#texture"},"south":{"uv":[7.375,6.25,8.625,7.5],"texture":"#texture"},"west":{"uv":[7.375,6.25,7.5,7.5],"texture":"#texture"},"up":{"uv":[7.375,6.375,8.625,6.25],"texture":"#texture"},"down":{"uv":[7.375,7.375,8.625,7.5],"texture":"#texture"}}},{"name":"Element","from":[7.25,9.625,7.775],"to":[7.625,10,8.275],"faces":{"north":{"uv":[7.625,6,7.25,6.375],"texture":"#texture"},"east":{"uv":[7.625,6,7.5,6.375],"texture":"#texture"},"south":{"uv":[7.25,6,7.625,6.375],"texture":"#texture"},"west":{"uv":[7.25,6,7.375,6.375],"texture":"#texture"},"up":{"uv":[7.25,6.125,7.625,6],"texture":"#texture"},"down":{"uv":[7.25,6.25,7.625,6.375],"texture":"#texture"}}},{"name":"Element","from":[8.375,9.625,7.775],"to":[8.75,10,8.275],"faces":{"north":{"uv":[8.75,6,8.375,6.375],"texture":"#texture"},"east":{"uv":[8.75,6,8.625,6.375],"texture":"#texture"},"south":{"uv":[8.375,6,8.75,6.375],"texture":"#texture"},"west":{"uv":[8.375,6,8.5,6.375],"texture":"#texture"},"up":{"uv":[8.375,6.125,8.75,6],"texture":"#texture"},"down":{"uv":[8.375,6.25,8.75,6.375],"texture":"#texture"}}},{"name":"Element","from":[7.25,10,7.775],"to":[7.5,10.125,8.275],"faces":{"north":{"uv":[7.5,5.875,7.25,6],"texture":"#texture"},"east":{"uv":[7.5,5.875,7.375,6],"texture":"#texture"},"south":{"uv":[7.25,5.875,7.5,6],"texture":"#texture"},"west":{"uv":[7.25,5.875,7.375,6],"texture":"#texture"},"up":{"uv":[7.25,6,7.5,5.875],"texture":"#texture"},"down":{"uv":[7.25,5.875,7.5,6],"texture":"#texture"}}},{"name":"Element","from":[8.5,10,7.775],"to":[8.75,10.125,8.275],"faces":{"north":{"uv":[8.75,5.875,8.5,6],"texture":"#texture"},"east":{"uv":[8.75,5.875,8.625,6],"texture":"#texture"},"south":{"uv":[8.5,5.875,8.75,6],"texture":"#texture"},"west":{"uv":[8.5,5.875,8.625,6],"texture":"#texture"},"up":{"uv":[8.5,6,8.75,5.875],"texture":"#texture"},"down":{"uv":[8.5,5.875,8.75,6],"texture":"#texture"}}},{"name":"Element","from":[7.25,10.125,7.775],"to":[7.375,10.25,8.275],"faces":{"north":{"uv":[7.375,5.75,7.25,5.875],"texture":"#texture"},"east":{"uv":[7.375,5.75,7.25,5.875],"texture":"#texture"},"south":{"uv":[7.25,5.75,7.375,5.875],"texture":"#texture"},"west":{"uv":[7.25,5.75,7.375,5.875],"texture":"#texture"},"up":{"uv":[7.25,5.875,7.375,5.75],"texture":"#texture"},"down":{"uv":[7.25,5.75,7.375,5.875],"texture":"#texture"}}},{"name":"Element","from":[8.625,10,7.775],"to":[8.75,10.125,8.275],"faces":{"north":{"uv":[8.75,5.875,8.625,6],"texture":"#texture"},"east":{"uv":[8.75,5.875,8.625,6],"texture":"#texture"},"south":{"uv":[8.625,5.875,8.75,6],"texture":"#texture"},"west":{"uv":[8.625,5.875,8.75,6],"texture":"#texture"},"up":{"uv":[8.625,6,8.75,5.875],"texture":"#texture"},"down":{"uv":[8.625,5.875,8.75,6],"texture":"#texture"}}},{"name":"Element","from":[7.625,7.625,7.775],"to":[8.375,8.625,8.275],"faces":{"north":{"uv":[8.375,7.375,7.625,8.375],"texture":"#texture"},"east":{"uv":[8.375,7.375,8.25,8.375],"texture":"#texture"},"south":{"uv":[7.625,7.375,8.375,8.375],"texture":"#texture"},"west":{"uv":[7.625,7.375,7.75,8.375],"texture":"#texture"},"up":{"uv":[7.625,7.5,8.375,7.375],"texture":"#texture"},"down":{"uv":[7.625,8.25,8.375,8.375],"texture":"#texture"}}},{"name":"Element","from":[7.75,7.375,7.775],"to":[8.25,7.625,8.275],"faces":{"north":{"uv":[8.25,8.375,7.75,8.625],"texture":"#texture"},"east":{"uv":[8.25,8.375,8.125,8.625],"texture":"#texture"},"south":{"uv":[7.75,8.375,8.25,8.625],"texture":"#texture"},"west":{"uv":[7.75,8.375,7.875,8.625],"texture":"#texture"},"up":{"uv":[7.75,8.5,8.25,8.375],"texture":"#texture"},"down":{"uv":[7.75,8.5,8.25,8.625],"texture":"#texture"}}},{"name":"Element","from":[7.875,6.75,7.775],"to":[8.125,6.875,8.275],"faces":{"north":{"uv":[8.125,9.125,7.875,9.25],"texture":"#texture"},"east":{"uv":[8.125,9.125,8,9.25],"texture":"#texture"},"south":{"uv":[7.875,9.125,8.125,9.25],"texture":"#texture"},"west":{"uv":[7.875,9.125,8,9.25],"texture":"#texture"},"up":{"uv":[7.875,9.25,8.125,9.125],"texture":"#texture"},"down":{"uv":[7.875,9.125,8.125,9.25],"texture":"#texture"}}},{"name":"Element","from":[7.875,6.125,7.775],"to":[8.125,6.25,8.275],"faces":{"north":{"uv":[8.125,9.75,7.875,9.875],"texture":"#texture"},"east":{"uv":[8.125,9.75,8,9.875],"texture":"#texture"},"south":{"uv":[7.875,9.75,8.125,9.875],"texture":"#texture"},"west":{"uv":[7.875,9.75,8,9.875],"texture":"#texture"},"up":{"uv":[7.875,9.875,8.125,9.75],"texture":"#texture"},"down":{"uv":[7.875,9.75,8.125,9.875],"texture":"#texture"}}},{"name":"Element","from":[7.875,5.5,7.775],"to":[8.125,5.625,8.275],"faces":{"north":{"uv":[8.125,10.375,7.875,10.5],"texture":"#texture"},"east":{"uv":[8.125,10.375,8,10.5],"texture":"#texture"},"south":{"uv":[7.875,10.375,8.125,10.5],"texture":"#texture"},"west":{"uv":[7.875,10.375,8,10.5],"texture":"#texture"},"up":{"uv":[7.875,10.5,8.125,10.375],"texture":"#texture"},"down":{"uv":[7.875,10.375,8.125,10.5],"texture":"#texture"}}},{"name":"Element","from":[7.875,4.875,7.775],"to":[8.125,5,8.275],"faces":{"north":{"uv":[8.125,11,7.875,11.125],"texture":"#texture"},"east":{"uv":[8.125,11,8,11.125],"texture":"#texture"},"south":{"uv":[7.875,11,8.125,11.125],"texture":"#texture"},"west":{"uv":[7.875,11,8,11.125],"texture":"#texture"},"up":{"uv":[7.875,11.125,8.125,11],"texture":"#texture"},"down":{"uv":[7.875,11,8.125,11.125],"texture":"#texture"}}},{"name":"Element","from":[7.875,4.25,7.775],"to":[8.125,4.375,8.275],"faces":{"north":{"uv":[8.125,11.625,7.875,11.75],"texture":"#texture"},"east":{"uv":[8.125,11.625,8,11.75],"texture":"#texture"},"south":{"uv":[7.875,11.625,8.125,11.75],"texture":"#texture"},"west":{"uv":[7.875,11.625,8,11.75],"texture":"#texture"},"up":{"uv":[7.875,11.75,8.125,11.625],"texture":"#texture"},"down":{"uv":[7.875,11.625,8.125,11.75],"texture":"#texture"}}},{"name":"Element","from":[7.875,3.625,7.775],"to":[8.125,3.75,8.275],"faces":{"north":{"uv":[8.125,12.25,7.875,12.375],"texture":"#texture"},"east":{"uv":[8.125,12.25,8,12.375],"texture":"#texture"},"south":{"uv":[7.875,12.25,8.125,12.375],"texture":"#texture"},"west":{"uv":[7.875,12.25,8,12.375],"texture":"#texture"},"up":{"uv":[7.875,12.375,8.125,12.25],"texture":"#texture"},"down":{"uv":[7.875,12.25,8.125,12.375],"texture":"#texture"}}},{"name":"Element","from":[7.875,2.375,7.775],"to":[8.125,2.625,8.275],"faces":{"north":{"uv":[8.125,13.375,7.875,13.625],"texture":"#texture"},"east":{"uv":[8.125,13.375,8,13.625],"texture":"#texture"},"south":{"uv":[7.875,13.375,8.125,13.625],"texture":"#texture"},"west":{"uv":[7.875,13.375,8,13.625],"texture":"#texture"},"up":{"uv":[7.875,13.5,8.125,13.375],"texture":"#texture"},"down":{"uv":[7.875,13.5,8.125,13.625],"texture":"#texture"}}},{"name":"Element","from":[7.875,2,7.775],"to":[8.125,2.25,8.275],"faces":{"north":{"uv":[8.125,13.75,7.875,14],"texture":"#texture"},"east":{"uv":[8.125,13.75,8,14],"texture":"#texture"},"south":{"uv":[7.875,13.75,8.125,14],"texture":"#texture"},"west":{"uv":[7.875,13.75,8,14],"texture":"#texture"},"up":{"uv":[7.875,13.875,8.125,13.75],"texture":"#texture"},"down":{"uv":[7.875,13.875,8.125,14],"texture":"#texture"}}},{"name":"Element","from":[7.75,2.875,7.775],"to":[8.25,3.125,8.275],"faces":{"north":{"uv":[8.25,12.875,7.75,13.125],"texture":"#texture"},"east":{"uv":[8.25,12.875,8.125,13.125],"texture":"#texture"},"south":{"uv":[7.75,12.875,8.25,13.125],"texture":"#texture"},"west":{"uv":[7.75,12.875,7.875,13.125],"texture":"#texture"},"up":{"uv":[7.75,13,8.25,12.875],"texture":"#texture"},"down":{"uv":[7.75,13,8.25,13.125],"texture":"#texture"}}},{"name":"Element","from":[7.875,2.875,7.65],"to":[8.125,3.125,8.4],"faces":{"north":{"uv":[8.125,12.875,7.875,13.125],"texture":"#texture"},"east":{"uv":[8.125,12.875,8,13.125],"texture":"#texture"},"south":{"uv":[7.875,12.875,8.125,13.125],"texture":"#texture"},"west":{"uv":[7.875,12.875,8,13.125],"texture":"#texture"},"up":{"uv":[7.875,13,8.125,12.875],"texture":"#texture"},"down":{"uv":[7.875,13,8.125,13.125],"texture":"#texture"}}},{"name":"Element","from":[7.625,8,7.65],"to":[8.375,9.625,8.4],"faces":{"north":{"uv":[8.375,6.375,7.625,8],"texture":"#texture"},"east":{"uv":[8.375,6.375,8.25,8],"texture":"#texture"},"south":{"uv":[7.625,6.375,8.375,8],"texture":"#texture"},"west":{"uv":[7.625,6.375,7.75,8],"texture":"#texture"},"up":{"uv":[7.625,6.5,8.375,6.375],"texture":"#texture"},"down":{"uv":[7.625,7.875,8.375,8],"texture":"#texture"}}},{"name":"Element","from":[7.75,7.875,7.65],"to":[8.25,9.75,8.4],"faces":{"north":{"uv":[8.25,6.25,7.75,8.125],"texture":"#texture"},"east":{"uv":[8.25,6.25,8.125,8.125],"texture":"#texture"},"south":{"uv":[7.75,6.25,8.25,8.125],"texture":"#texture"},"west":{"uv":[7.75,6.25,7.875,8.125],"texture":"#texture"},"up":{"uv":[7.75,6.375,8.25,6.25],"texture":"#texture"},"down":{"uv":[7.75,8,8.25,8.125],"texture":"#texture"}}},{"name":"Element","from":[5.125,9,7.775],"to":[6,10,8.275],"faces":{"north":{"uv":[6,6,5.125,7],"texture":"#texture"},"east":{"uv":[6,6,5.875,7],"texture":"#texture"},"south":{"uv":[5.125,6,6,7],"texture":"#texture"},"west":{"uv":[5.125,6,5.25,7],"texture":"#texture"},"up":{"uv":[5.125,6.125,6,6],"texture":"#texture"},"down":{"uv":[5.125,6.875,6,7],"texture":"#texture"}}},{"name":"Element","from":[5.25,8.5,7.775],"to":[6.75,9,8.275],"faces":{"north":{"uv":[6.75,7,5.25,7.5],"texture":"#texture"},"east":{"uv":[6.75,7,6.625,7.5],"texture":"#texture"},"south":{"uv":[5.25,7,6.75,7.5],"texture":"#texture"},"west":{"uv":[5.25,7,5.375,7.5],"texture":"#texture"},"up":{"uv":[5.25,7.125,6.75,7],"texture":"#texture"},"down":{"uv":[5.25,7.375,6.75,7.5],"texture":"#texture"}}},{"name":"Element","from":[5.375,8.125,7.775],"to":[6.625,8.5,8.275],"faces":{"north":{"uv":[6.625,7.5,5.375,7.875],"texture":"#texture"},"east":{"uv":[6.625,7.5,6.5,7.875],"texture":"#texture"},"south":{"uv":[5.375,7.5,6.625,7.875],"texture":"#texture"},"west":{"uv":[5.375,7.5,5.5,7.875],"texture":"#texture"},"up":{"uv":[5.375,7.625,6.625,7.5],"texture":"#texture"},"down":{"uv":[5.375,7.75,6.625,7.875],"texture":"#texture"}}},{"name":"Element","from":[5.5,7.875,7.775],"to":[6.375,8.125,8.275],"faces":{"north":{"uv":[6.375,7.875,5.5,8.125],"texture":"#texture"},"east":{"uv":[6.375,7.875,6.25,8.125],"texture":"#texture"},"south":{"uv":[5.5,7.875,6.375,8.125],"texture":"#texture"},"west":{"uv":[5.5,7.875,5.625,8.125],"texture":"#texture"},"up":{"uv":[5.5,8,6.375,7.875],"texture":"#texture"},"down":{"uv":[5.5,8,6.375,8.125],"texture":"#texture"}}},{"name":"Element","from":[5.625,7.625,7.775],"to":[6.25,7.875,8.275],"faces":{"north":{"uv":[6.25,8.125,5.625,8.375],"texture":"#texture"},"east":{"uv":[6.25,8.125,6.125,8.375],"texture":"#texture"},"south":{"uv":[5.625,8.125,6.25,8.375],"texture":"#texture"},"west":{"uv":[5.625,8.125,5.75,8.375],"texture":"#texture"},"up":{"uv":[5.625,8.25,6.25,8.125],"texture":"#texture"},"down":{"uv":[5.625,8.25,6.25,8.375],"texture":"#texture"}}},{"name":"Element","from":[5.75,7.375,7.775],"to":[6.125,7.625,8.275],"faces":{"north":{"uv":[6.125,8.375,5.75,8.625],"texture":"#texture"},"east":{"uv":[6.125,8.375,6,8.625],"texture":"#texture"},"south":{"uv":[5.75,8.375,6.125,8.625],"texture":"#texture"},"west":{"uv":[5.75,8.375,5.875,8.625],"texture":"#texture"},"up":{"uv":[5.75,8.5,6.125,8.375],"texture":"#texture"},"down":{"uv":[5.75,8.5,6.125,8.625],"texture":"#texture"}}},{"name":"Element","from":[5.875,7.125,7.775],"to":[6.125,7.375,8.275],"faces":{"north":{"uv":[6.125,8.625,5.875,8.875],"texture":"#texture"},"east":{"uv":[6.125,8.625,6,8.875],"texture":"#texture"},"south":{"uv":[5.875,8.625,6.125,8.875],"texture":"#texture"},"west":{"uv":[5.875,8.625,6,8.875],"texture":"#texture"},"up":{"uv":[5.875,8.75,6.125,8.625],"texture":"#texture"},"down":{"uv":[5.875,8.75,6.125,8.875],"texture":"#texture"}}},{"name":"Element","from":[6,9,7.775],"to":[6.125,9.625,8.275],"faces":{"north":{"uv":[6.125,6.375,6,7],"texture":"#texture"},"east":{"uv":[6.125,6.375,6,7],"texture":"#texture"},"south":{"uv":[6,6.375,6.125,7],"texture":"#texture"},"west":{"uv":[6,6.375,6.125,7],"texture":"#texture"},"up":{"uv":[6,6.5,6.125,6.375],"texture":"#texture"},"down":{"uv":[6,6.875,6.125,7],"texture":"#texture"}}},{"name":"Element","from":[6.125,9,7.775],"to":[6.375,9.375,8.275],"faces":{"north":{"uv":[6.375,6.625,6.125,7],"texture":"#texture"},"east":{"uv":[6.375,6.625,6.25,7],"texture":"#texture"},"south":{"uv":[6.125,6.625,6.375,7],"texture":"#texture"},"west":{"uv":[6.125,6.625,6.25,7],"texture":"#texture"},"up":{"uv":[6.125,6.75,6.375,6.625],"texture":"#texture"},"down":{"uv":[6.125,6.875,6.375,7],"texture":"#texture"}}},{"name":"Element","from":[6.375,9,7.775],"to":[6.625,9.25,8.275],"faces":{"north":{"uv":[6.625,6.75,6.375,7],"texture":"#texture"},"east":{"uv":[6.625,6.75,6.5,7],"texture":"#texture"},"south":{"uv":[6.375,6.75,6.625,7],"texture":"#texture"},"west":{"uv":[6.375,6.75,6.5,7],"texture":"#texture"},"up":{"uv":[6.375,6.875,6.625,6.75],"texture":"#texture"},"down":{"uv":[6.375,6.875,6.625,7],"texture":"#texture"}}},{"name":"Element","from":[4.5,0,8],"to":[10,12,8.0625],"faces":{"north":{"uv":[6,4,11.5,16],"texture":"#z3DColetEffectREV"},"south":{"uv":[4.5,4,10,16],"texture":"#z3DColetEffect"}}}],"display":{"thirdperson_righthand":{"rotation":[0,-90,0],"translation":[0,7,1],"scale":[2.4,2.4,2.4]},"thirdperson_lefthand":{"rotation":[0,90,0],"translation":[0,7,1],"scale":[2.4,2.4,2.4]},"firstperson_righthand":{"rotation":[17,-90,0],"translation":[2.6,7,-0.008],"scale":[1.6,1.6,1.6]},"firstperson_lefthand":{"rotation":[17,90,0],"translation":[2.6,8,-0.008],"scale":[1.6,1.6,1.6]},"ground":{"rotation":[0,0,-45],"translation":[0,3.3956,0]},"gui":{"rotation":[0,-180,45],"translation":[1.5,2,0],"scale":[1.6,1.6,1.7]},"head":{"rotation":[0,0,45],"translation":[0,19,0],"scale":[2,2,2]},"fixed":{"rotation":[0,0,45],"translation":[-2,3,-0.5],"scale":[2,2,2]}}}