{
	"__comment": "Designed by Sixfootblue with Cubik Studio - https://cubik.studio",
	"textures": {
		"particle": "./planter_jungle",
		"texture": "./planter_jungle"
	},
	"elements": [
		{
			"__comment": "Box1",
			"from": [ 0, 0, -2 ],
			"to": [ 16, 18, 0 ],
			"faces": {
				"down": { "uv": [ 0, 2, 8, 3 ], "texture": "#texture" },
				"up": { "uv": [ 0, 1, 8, 2 ], "texture": "#texture" },
				"north": { "uv": [ 0, 7, 8, 16 ], "texture": "#texture" },
				"south": { "uv": [ 0, 7, 8, 16 ], "texture": "#texture" },
				"west": { "uv": [ 0, 7, 1, 16 ], "texture": "#texture" },
				"east": { "uv": [ 7, 7, 8, 16 ], "texture": "#texture" }
			}
		},
		{
			"__comment": "Box1",
			"from": [ 16, 0, 0 ],
			"to": [ 18, 18, 16 ],
			"faces": {
				"down": { "uv": [ 8, 2, 16, 3 ], "texture": "#texture", "rotation": 270 },
				"up": { "uv": [ 8, 1, 16, 2 ], "texture": "#texture", "rotation": 90 },
				"north": { "uv": [ 8, 7, 9, 16 ], "texture": "#texture" },
				"south": { "uv": [ 15, 7, 16, 16 ], "texture": "#texture" },
				"west": { "uv": [ 8, 7, 16, 16 ], "texture": "#texture" },
				"east": { "uv": [ 8, 7, 16, 16 ], "texture": "#texture" }
			}
		},
		{
			"__comment": "Box1",
			"from": [ 0, 0, 16 ],
			"to": [ 16, 18, 18 ],
			"faces": {
				"down": { "uv": [ 0, 2, 8, 3 ], "texture": "#texture" },
				"up": { "uv": [ 0, 1, 8, 2 ], "texture": "#texture" },
				"north": { "uv": [ 0, 7, 8, 16 ], "texture": "#texture" },
				"south": { "uv": [ 0, 7, 8, 16 ], "texture": "#texture" },
				"west": { "uv": [ 0, 7, 1, 16 ], "texture": "#texture" },
				"east": { "uv": [ 7, 7, 8, 16 ], "texture": "#texture" }
			}
		},
		{
			"__comment": "Box1",
			"from": [ -2, 0, 0 ],
			"to": [ 0, 18, 16 ],
			"faces": {
				"down": { "uv": [ 8, 2, 16, 3 ], "texture": "#texture", "rotation": 270 },
				"up": { "uv": [ 8, 1, 16, 2 ], "texture": "#texture", "rotation": 90 },
				"north": { "uv": [ 8, 7, 9, 16 ], "texture": "#texture" },
				"south": { "uv": [ 15, 7, 16, 16 ], "texture": "#texture" },
				"west": { "uv": [ 8, 7, 16, 16 ], "texture": "#texture" },
				"east": { "uv": [ 8, 7, 16, 16 ], "texture": "#texture" }
			}
		}
	],
	"display": {
		"thirdperson_righthand": {
			"rotation":  [ 75, 45, 0 ],
			"translation":  [ 0, 2.5, 0 ],
			"scale":  [ 0.375, 0.375, 0.375 ]
		},
		"thirdperson_lefthand": {
			"rotation":  [ 75, 45, 0 ],
			"translation":  [ 0, 2.5, 0 ],
			"scale":  [ 0.375, 0.375, 0.375 ]
		},
		"firstperson_righthand": {
			"rotation":  [ 0, 45, 0 ],
			"scale":  [ 0.4, 0.4, 0.4 ]
		},
		"firstperson_lefthand": {
			"rotation":  [ 0, 45, 0 ],
			"scale":  [ 0.4, 0.4, 0.4 ]
		},
		"gui": {
			"rotation":  [ 30, 225, 0 ],
			"scale":  [ 0.625, 0.625, 0.625 ]
		},
		"ground": {
			"translation":  [ 0, 2, 0 ],
			"scale":  [ 0.5, 0.5, 0.5 ]
		},
		"fixed": {
			"translation":  [ 0, 0, 18 ],
			"scale":  [ 1.99, 1.99, 1.99 ]
		}
	}
}