{
	"__comment": "Designed by Zachrywilsn with Cubik Studio - https://cubik.studio",
	"textures": {
		"particle": "item/nubx/gps_arrow"
	},
	"elements": [ 	 
		{
			"__comment": "Voxels-790000",
			"from": [ -3.5, 7, 3.5 ],
			"to": [ 5.75, 9, 3.75 ],
			"faces": {
				"down": { "uv": [ 12.97, 0.97, 15.03, 3.03 ], "texture": "#particle", "cullface": "west" },
				"up": { "uv": [ 12.97, 0.97, 15.03, 3.03 ], "texture": "#particle", "cullface": "west" },
				"north": { "uv": [ 12.97, 0.97, 15.03, 3.03 ], "texture": "#particle", "cullface": "west" },
				"south": { "uv": [ 12.97, 0.97, 15.03, 3.03 ], "texture": "#particle", "cullface": "west" },
				"west": { "uv": [ 12.97, 0.97, 15.03, 3.03 ], "texture": "#particle", "cullface": "west" }
			}
		},
		{
			"__comment": "Voxels-790000",
			"from": [ -3.25, 7, 3.25 ],
			"to": [ -2.75, 9, 3.5 ],
			"faces": {
				"down": { "uv": [ 12.97, 0.97, 15.03, 3.03 ], "texture": "#particle", "cullface": "west" },
				"up": { "uv": [ 12.97, 0.97, 15.03, 3.03 ], "texture": "#particle", "cullface": "west" },
				"north": { "uv": [ 12.97, 0.97, 15.03, 3.03 ], "texture": "#particle", "cullface": "west" },
				"west": { "uv": [ 12.97, 0.97, 15.03, 3.03 ], "texture": "#particle", "cullface": "west" }
			}
		},
		{
			"__comment": "Voxels-790000",
			"from": [ -3, 7, 3 ],
			"to": [ -2.5, 9, 3.25 ],
			"faces": {
				"down": { "uv": [ 12.97, 0.97, 15.03, 3.03 ], "texture": "#particle", "cullface": "west" },
				"up": { "uv": [ 12.97, 0.97, 15.03, 3.03 ], "texture": "#particle", "cullface": "west" },
				"north": { "uv": [ 12.97, 0.97, 15.03, 3.03 ], "texture": "#particle", "cullface": "west" },
				"south": { "uv": [ 12.97, 0.97, 15.03, 3.03 ], "texture": "#particle", "cullface": "west" },
				"west": { "uv": [ 12.97, 0.97, 15.03, 3.03 ], "texture": "#particle", "cullface": "west" }
			}
		},
		{
			"__comment": "Voxels-790000",
			"from": [ -2.75, 7, 2.75 ],
			"to": [ -2.25, 9, 3 ],
			"faces": {
				"down": { "uv": [ 12.97, 0.97, 15.03, 3.03 ], "texture": "#particle", "cullface": "west" },
				"up": { "uv": [ 12.97, 0.97, 15.03, 3.03 ], "texture": "#particle", "cullface": "west" },
				"north": { "uv": [ 12.97, 0.97, 15.03, 3.03 ], "texture": "#particle", "cullface": "west" },
				"south": { "uv": [ 12.97, 0.97, 15.03, 3.03 ], "texture": "#particle", "cullface": "west" },
				"west": { "uv": [ 12.97, 0.97, 15.03, 3.03 ], "texture": "#particle", "cullface": "west" }
			}
		},
		{
			"__comment": "Voxels-B70000",
			"from": [ -2.75, 7, 3.25 ],
			"to": [ 19, 9, 3.5 ],
			"faces": {
				"down": { "uv": [ 0.97, 4.97, 3.03, 7.03 ], "texture": "#particle", "cullface": "east" },
				"up": { "uv": [ 0.97, 4.97, 3.03, 7.03 ], "texture": "#particle", "cullface": "east" },
				"north": { "uv": [ 0.97, 4.97, 3.03, 7.03 ], "texture": "#particle", "cullface": "east" },
				"south": { "uv": [ 0.97, 4.97, 3.03, 7.03 ], "texture": "#particle", "cullface": "east" },
				"east": { "uv": [ 0.97, 4.97, 3.03, 7.03 ], "texture": "#particle", "cullface": "east" }
			}
		},
		{
			"__comment": "Voxels-790000",
			"from": [ -2.5, 7, 2.5 ],
			"to": [ -2, 9, 2.75 ],
			"faces": {
				"down": { "uv": [ 12.97, 0.97, 15.03, 3.03 ], "texture": "#particle", "cullface": "west" },
				"up": { "uv": [ 12.97, 0.97, 15.03, 3.03 ], "texture": "#particle", "cullface": "west" },
				"north": { "uv": [ 12.97, 0.97, 15.03, 3.03 ], "texture": "#particle", "cullface": "west" },
				"south": { "uv": [ 12.97, 0.97, 15.03, 3.03 ], "texture": "#particle", "cullface": "west" },
				"west": { "uv": [ 12.97, 0.97, 15.03, 3.03 ], "texture": "#particle", "cullface": "west" }
			}
		},
		{
			"__comment": "Voxels-B70000",
			"from": [ -2.5, 7, 3 ],
			"to": [ 18.75, 9, 3.25 ],
			"faces": {
				"down": { "uv": [ 0.97, 4.97, 3.03, 7.03 ], "texture": "#particle", "cullface": "east" },
				"up": { "uv": [ 0.97, 4.97, 3.03, 7.03 ], "texture": "#particle", "cullface": "east" },
				"north": { "uv": [ 0.97, 4.97, 3.03, 7.03 ], "texture": "#particle", "cullface": "east" },
				"east": { "uv": [ 0.97, 4.97, 3.03, 7.03 ], "texture": "#particle", "cullface": "east" }
			}
		},
		{
			"__comment": "Voxels-790000",
			"from": [ -2.25, 7, 2.25 ],
			"to": [ -1.75, 9, 2.5 ],
			"faces": {
				"down": { "uv": [ 12.97, 0.97, 15.03, 3.03 ], "texture": "#particle", "cullface": "west" },
				"up": { "uv": [ 12.97, 0.97, 15.03, 3.03 ], "texture": "#particle", "cullface": "west" },
				"north": { "uv": [ 12.97, 0.97, 15.03, 3.03 ], "texture": "#particle", "cullface": "west" },
				"south": { "uv": [ 12.97, 0.97, 15.03, 3.03 ], "texture": "#particle", "cullface": "west" },
				"west": { "uv": [ 12.97, 0.97, 15.03, 3.03 ], "texture": "#particle", "cullface": "west" }
			}
		},
		{
			"__comment": "Voxels-B70000",
			"from": [ -2.25, 7, 2.75 ],
			"to": [ 18.5, 9, 3 ],
			"faces": {
				"down": { "uv": [ 0.97, 4.97, 3.03, 7.03 ], "texture": "#particle", "cullface": "east" },
				"up": { "uv": [ 0.97, 4.97, 3.03, 7.03 ], "texture": "#particle", "cullface": "east" },
				"north": { "uv": [ 0.97, 4.97, 3.03, 7.03 ], "texture": "#particle", "cullface": "east" },
				"east": { "uv": [ 0.97, 4.97, 3.03, 7.03 ], "texture": "#particle", "cullface": "east" }
			}
		},
		{
			"__comment": "Voxels-790000",
			"from": [ -2, 7, 2 ],
			"to": [ -1.5, 9, 2.25 ],
			"faces": {
				"down": { "uv": [ 12.97, 0.97, 15.03, 3.03 ], "texture": "#particle", "cullface": "west" },
				"up": { "uv": [ 12.97, 0.97, 15.03, 3.03 ], "texture": "#particle", "cullface": "west" },
				"north": { "uv": [ 12.97, 0.97, 15.03, 3.03 ], "texture": "#particle", "cullface": "west" },
				"south": { "uv": [ 12.97, 0.97, 15.03, 3.03 ], "texture": "#particle", "cullface": "west" },
				"west": { "uv": [ 12.97, 0.97, 15.03, 3.03 ], "texture": "#particle", "cullface": "west" }
			}
		},
		{
			"__comment": "Voxels-B70000",
			"from": [ -2, 7, 2.5 ],
			"to": [ 18.25, 9, 2.75 ],
			"faces": {
				"down": { "uv": [ 0.97, 4.97, 3.03, 7.03 ], "texture": "#particle", "cullface": "east" },
				"up": { "uv": [ 0.97, 4.97, 3.03, 7.03 ], "texture": "#particle", "cullface": "east" },
				"north": { "uv": [ 0.97, 4.97, 3.03, 7.03 ], "texture": "#particle", "cullface": "east" },
				"east": { "uv": [ 0.97, 4.97, 3.03, 7.03 ], "texture": "#particle", "cullface": "east" }
			}
		},
		{
			"__comment": "Voxels-790000",
			"from": [ -1.75, 7, 1.75 ],
			"to": [ -1.25, 9, 2 ],
			"faces": {
				"down": { "uv": [ 12.97, 0.97, 15.03, 3.03 ], "texture": "#particle", "cullface": "west" },
				"up": { "uv": [ 12.97, 0.97, 15.03, 3.03 ], "texture": "#particle", "cullface": "west" },
				"north": { "uv": [ 12.97, 0.97, 15.03, 3.03 ], "texture": "#particle", "cullface": "west" },
				"south": { "uv": [ 12.97, 0.97, 15.03, 3.03 ], "texture": "#particle", "cullface": "west" },
				"west": { "uv": [ 12.97, 0.97, 15.03, 3.03 ], "texture": "#particle", "cullface": "west" }
			}
		},
		{
			"__comment": "Voxels-B70000",
			"from": [ -1.75, 7, 2.25 ],
			"to": [ 18, 9, 2.5 ],
			"faces": {
				"down": { "uv": [ 0.97, 4.97, 3.03, 7.03 ], "texture": "#particle", "cullface": "east" },
				"up": { "uv": [ 0.97, 4.97, 3.03, 7.03 ], "texture": "#particle", "cullface": "east" },
				"north": { "uv": [ 0.97, 4.97, 3.03, 7.03 ], "texture": "#particle", "cullface": "east" },
				"east": { "uv": [ 0.97, 4.97, 3.03, 7.03 ], "texture": "#particle", "cullface": "east" }
			}
		},
		{
			"__comment": "Voxels-790000",
			"from": [ -1.5, 7, 1.5 ],
			"to": [ -1, 9, 1.75 ],
			"faces": {
				"down": { "uv": [ 12.97, 0.97, 15.03, 3.03 ], "texture": "#particle", "cullface": "west" },
				"up": { "uv": [ 12.97, 0.97, 15.03, 3.03 ], "texture": "#particle", "cullface": "west" },
				"north": { "uv": [ 12.97, 0.97, 15.03, 3.03 ], "texture": "#particle", "cullface": "west" },
				"south": { "uv": [ 12.97, 0.97, 15.03, 3.03 ], "texture": "#particle", "cullface": "west" },
				"west": { "uv": [ 12.97, 0.97, 15.03, 3.03 ], "texture": "#particle", "cullface": "west" }
			}
		},
		{
			"__comment": "Voxels-B70000",
			"from": [ -1.5, 7, 2 ],
			"to": [ 17.75, 9, 2.25 ],
			"faces": {
				"down": { "uv": [ 0.97, 4.97, 3.03, 7.03 ], "texture": "#particle", "cullface": "east" },
				"up": { "uv": [ 0.97, 4.97, 3.03, 7.03 ], "texture": "#particle", "cullface": "east" },
				"north": { "uv": [ 0.97, 4.97, 3.03, 7.03 ], "texture": "#particle", "cullface": "east" },
				"east": { "uv": [ 0.97, 4.97, 3.03, 7.03 ], "texture": "#particle", "cullface": "east" }
			}
		},
		{
			"__comment": "Voxels-790000",
			"from": [ -1.25, 7, 1.25 ],
			"to": [ -0.75, 9, 1.5 ],
			"faces": {
				"down": { "uv": [ 12.97, 0.97, 15.03, 3.03 ], "texture": "#particle", "cullface": "west" },
				"up": { "uv": [ 12.97, 0.97, 15.03, 3.03 ], "texture": "#particle", "cullface": "west" },
				"north": { "uv": [ 12.97, 0.97, 15.03, 3.03 ], "texture": "#particle", "cullface": "west" },
				"south": { "uv": [ 12.97, 0.97, 15.03, 3.03 ], "texture": "#particle", "cullface": "west" },
				"west": { "uv": [ 12.97, 0.97, 15.03, 3.03 ], "texture": "#particle", "cullface": "west" }
			}
		},
		{
			"__comment": "Voxels-B70000",
			"from": [ -1.25, 7, 1.75 ],
			"to": [ 17.5, 9, 2 ],
			"faces": {
				"down": { "uv": [ 0.97, 4.97, 3.03, 7.03 ], "texture": "#particle", "cullface": "east" },
				"up": { "uv": [ 0.97, 4.97, 3.03, 7.03 ], "texture": "#particle", "cullface": "east" },
				"north": { "uv": [ 0.97, 4.97, 3.03, 7.03 ], "texture": "#particle", "cullface": "east" },
				"east": { "uv": [ 0.97, 4.97, 3.03, 7.03 ], "texture": "#particle", "cullface": "east" }
			}
		},
		{
			"__comment": "Voxels-790000",
			"from": [ -1, 7, 1 ],
			"to": [ -0.5, 9, 1.25 ],
			"faces": {
				"down": { "uv": [ 12.97, 0.97, 15.03, 3.03 ], "texture": "#particle", "cullface": "west" },
				"up": { "uv": [ 12.97, 0.97, 15.03, 3.03 ], "texture": "#particle", "cullface": "west" },
				"north": { "uv": [ 12.97, 0.97, 15.03, 3.03 ], "texture": "#particle", "cullface": "west" },
				"south": { "uv": [ 12.97, 0.97, 15.03, 3.03 ], "texture": "#particle", "cullface": "west" },
				"west": { "uv": [ 12.97, 0.97, 15.03, 3.03 ], "texture": "#particle", "cullface": "west" }
			}
		},
		{
			"__comment": "Voxels-B70000",
			"from": [ -1, 7, 1.5 ],
			"to": [ 17.25, 9, 1.75 ],
			"faces": {
				"down": { "uv": [ 0.97, 4.97, 3.03, 7.03 ], "texture": "#particle", "cullface": "east" },
				"up": { "uv": [ 0.97, 4.97, 3.03, 7.03 ], "texture": "#particle", "cullface": "east" },
				"north": { "uv": [ 0.97, 4.97, 3.03, 7.03 ], "texture": "#particle", "cullface": "east" },
				"east": { "uv": [ 0.97, 4.97, 3.03, 7.03 ], "texture": "#particle", "cullface": "east" }
			}
		},
		{
			"__comment": "Voxels-790000",
			"from": [ -0.75, 7, 0.75 ],
			"to": [ -0.25, 9, 1 ],
			"faces": {
				"down": { "uv": [ 12.97, 0.97, 15.03, 3.03 ], "texture": "#particle", "cullface": "west" },
				"up": { "uv": [ 12.97, 0.97, 15.03, 3.03 ], "texture": "#particle", "cullface": "west" },
				"north": { "uv": [ 12.97, 0.97, 15.03, 3.03 ], "texture": "#particle", "cullface": "west" },
				"south": { "uv": [ 12.97, 0.97, 15.03, 3.03 ], "texture": "#particle", "cullface": "west" },
				"west": { "uv": [ 12.97, 0.97, 15.03, 3.03 ], "texture": "#particle", "cullface": "west" }
			}
		},
		{
			"__comment": "Voxels-B70000",
			"from": [ -0.75, 7, 1.25 ],
			"to": [ 17, 9, 1.5 ],
			"faces": {
				"down": { "uv": [ 0.97, 4.97, 3.03, 7.03 ], "texture": "#particle", "cullface": "east" },
				"up": { "uv": [ 0.97, 4.97, 3.03, 7.03 ], "texture": "#particle", "cullface": "east" },
				"north": { "uv": [ 0.97, 4.97, 3.03, 7.03 ], "texture": "#particle", "cullface": "east" },
				"east": { "uv": [ 0.97, 4.97, 3.03, 7.03 ], "texture": "#particle", "cullface": "east" }
			}
		},
		{
			"__comment": "Voxels-790000",
			"from": [ -0.5, 7, 0.5 ],
			"to": [ 0, 9, 0.75 ],
			"faces": {
				"down": { "uv": [ 12.97, 0.97, 15.03, 3.03 ], "texture": "#particle", "cullface": "west" },
				"up": { "uv": [ 12.97, 0.97, 15.03, 3.03 ], "texture": "#particle", "cullface": "west" },
				"north": { "uv": [ 12.97, 0.97, 15.03, 3.03 ], "texture": "#particle", "cullface": "west" },
				"south": { "uv": [ 12.97, 0.97, 15.03, 3.03 ], "texture": "#particle", "cullface": "west" },
				"west": { "uv": [ 12.97, 0.97, 15.03, 3.03 ], "texture": "#particle", "cullface": "west" }
			}
		},
		{
			"__comment": "Voxels-B70000",
			"from": [ -0.5, 7, 1 ],
			"to": [ 16.75, 9, 1.25 ],
			"faces": {
				"down": { "uv": [ 0.97, 4.97, 3.03, 7.03 ], "texture": "#particle", "cullface": "east" },
				"up": { "uv": [ 0.97, 4.97, 3.03, 7.03 ], "texture": "#particle", "cullface": "east" },
				"north": { "uv": [ 0.97, 4.97, 3.03, 7.03 ], "texture": "#particle", "cullface": "east" },
				"east": { "uv": [ 0.97, 4.97, 3.03, 7.03 ], "texture": "#particle", "cullface": "east" }
			}
		},
		{
			"__comment": "Voxels-790000",
			"from": [ -0.25, 7, 0.25 ],
			"to": [ 0.25, 9, 0.5 ],
			"faces": {
				"down": { "uv": [ 12.97, 0.97, 15.03, 3.03 ], "texture": "#particle", "cullface": "west" },
				"up": { "uv": [ 12.97, 0.97, 15.03, 3.03 ], "texture": "#particle", "cullface": "west" },
				"north": { "uv": [ 12.97, 0.97, 15.03, 3.03 ], "texture": "#particle", "cullface": "west" },
				"south": { "uv": [ 12.97, 0.97, 15.03, 3.03 ], "texture": "#particle", "cullface": "west" },
				"west": { "uv": [ 12.97, 0.97, 15.03, 3.03 ], "texture": "#particle", "cullface": "west" }
			}
		},
		{
			"__comment": "Voxels-B70000",
			"from": [ -0.25, 7, 0.75 ],
			"to": [ 16.5, 9, 1 ],
			"faces": {
				"down": { "uv": [ 0.97, 4.97, 3.03, 7.03 ], "texture": "#particle", "cullface": "east" },
				"up": { "uv": [ 0.97, 4.97, 3.03, 7.03 ], "texture": "#particle", "cullface": "east" },
				"north": { "uv": [ 0.97, 4.97, 3.03, 7.03 ], "texture": "#particle", "cullface": "east" },
				"east": { "uv": [ 0.97, 4.97, 3.03, 7.03 ], "texture": "#particle", "cullface": "east" }
			}
		},
		{
			"__comment": "Voxels-790000",
			"from": [ 0, 7, 0 ],
			"to": [ 0.5, 9, 0.25 ],
			"faces": {
				"down": { "uv": [ 12.97, 0.97, 15.03, 3.03 ], "texture": "#particle" },
				"up": { "uv": [ 12.97, 0.97, 15.03, 3.03 ], "texture": "#particle" },
				"north": { "uv": [ 12.97, 0.97, 15.03, 3.03 ], "texture": "#particle", "cullface": "north" },
				"south": { "uv": [ 12.97, 0.97, 15.03, 3.03 ], "texture": "#particle" },
				"west": { "uv": [ 12.97, 0.97, 15.03, 3.03 ], "texture": "#particle", "cullface": "west" }
			}
		},
		{
			"__comment": "Voxels-B70000",
			"from": [ 0, 7, 0.5 ],
			"to": [ 16.25, 9, 0.75 ],
			"faces": {
				"down": { "uv": [ 0.97, 4.97, 3.03, 7.03 ], "texture": "#particle", "cullface": "east" },
				"up": { "uv": [ 0.97, 4.97, 3.03, 7.03 ], "texture": "#particle", "cullface": "east" },
				"north": { "uv": [ 0.97, 4.97, 3.03, 7.03 ], "texture": "#particle", "cullface": "east" },
				"east": { "uv": [ 0.97, 4.97, 3.03, 7.03 ], "texture": "#particle", "cullface": "east" }
			}
		},
		{
			"__comment": "Voxels-790000",
			"from": [ 0.25, 7, -0.25 ],
			"to": [ 0.75, 9, 0 ],
			"faces": {
				"down": { "uv": [ 12.97, 0.97, 15.03, 3.03 ], "texture": "#particle", "cullface": "north" },
				"up": { "uv": [ 12.97, 0.97, 15.03, 3.03 ], "texture": "#particle", "cullface": "north" },
				"north": { "uv": [ 12.97, 0.97, 15.03, 3.03 ], "texture": "#particle", "cullface": "north" },
				"south": { "uv": [ 12.97, 0.97, 15.03, 3.03 ], "texture": "#particle", "cullface": "north" },
				"west": { "uv": [ 12.97, 0.97, 15.03, 3.03 ], "texture": "#particle", "cullface": "north" }
			}
		},
		{
			"__comment": "Voxels-B70000",
			"from": [ 0.25, 7, 0.25 ],
			"to": [ 16, 9, 0.5 ],
			"faces": {
				"down": { "uv": [ 0.97, 4.97, 3.03, 7.03 ], "texture": "#particle" },
				"up": { "uv": [ 0.97, 4.97, 3.03, 7.03 ], "texture": "#particle" },
				"north": { "uv": [ 0.97, 4.97, 3.03, 7.03 ], "texture": "#particle" },
				"east": { "uv": [ 0.97, 4.97, 3.03, 7.03 ], "texture": "#particle", "cullface": "east" }
			}
		},
		{
			"__comment": "Voxels-790000",
			"from": [ 0.5, 7, -0.5 ],
			"to": [ 1, 9, -0.25 ],
			"faces": {
				"down": { "uv": [ 12.97, 0.97, 15.03, 3.03 ], "texture": "#particle", "cullface": "north" },
				"up": { "uv": [ 12.97, 0.97, 15.03, 3.03 ], "texture": "#particle", "cullface": "north" },
				"north": { "uv": [ 12.97, 0.97, 15.03, 3.03 ], "texture": "#particle", "cullface": "north" },
				"south": { "uv": [ 12.97, 0.97, 15.03, 3.03 ], "texture": "#particle", "cullface": "north" },
				"west": { "uv": [ 12.97, 0.97, 15.03, 3.03 ], "texture": "#particle", "cullface": "north" }
			}
		},
		{
			"__comment": "Voxels-B70000",
			"from": [ 0.5, 7, 0 ],
			"to": [ 15.75, 9, 0.25 ],
			"faces": {
				"down": { "uv": [ 0.97, 4.97, 3.03, 7.03 ], "texture": "#particle" },
				"up": { "uv": [ 0.97, 4.97, 3.03, 7.03 ], "texture": "#particle" },
				"north": { "uv": [ 0.97, 4.97, 3.03, 7.03 ], "texture": "#particle", "cullface": "north" },
				"east": { "uv": [ 0.97, 4.97, 3.03, 7.03 ], "texture": "#particle" }
			}
		},
		{
			"__comment": "Voxels-790000",
			"from": [ 0.75, 7, -0.75 ],
			"to": [ 1.25, 9, -0.5 ],
			"faces": {
				"down": { "uv": [ 12.97, 0.97, 15.03, 3.03 ], "texture": "#particle", "cullface": "north" },
				"up": { "uv": [ 12.97, 0.97, 15.03, 3.03 ], "texture": "#particle", "cullface": "north" },
				"north": { "uv": [ 12.97, 0.97, 15.03, 3.03 ], "texture": "#particle", "cullface": "north" },
				"south": { "uv": [ 12.97, 0.97, 15.03, 3.03 ], "texture": "#particle", "cullface": "north" },
				"west": { "uv": [ 12.97, 0.97, 15.03, 3.03 ], "texture": "#particle", "cullface": "north" }
			}
		},
		{
			"__comment": "Voxels-B70000",
			"from": [ 0.75, 7, -0.25 ],
			"to": [ 15.5, 9, 0 ],
			"faces": {
				"down": { "uv": [ 0.97, 4.97, 3.03, 7.03 ], "texture": "#particle", "cullface": "north" },
				"up": { "uv": [ 0.97, 4.97, 3.03, 7.03 ], "texture": "#particle", "cullface": "north" },
				"north": { "uv": [ 0.97, 4.97, 3.03, 7.03 ], "texture": "#particle", "cullface": "north" },
				"east": { "uv": [ 0.97, 4.97, 3.03, 7.03 ], "texture": "#particle", "cullface": "north" }
			}
		},
		{
			"__comment": "Voxels-790000",
			"from": [ 1, 7, -1 ],
			"to": [ 1.5, 9, -0.75 ],
			"faces": {
				"down": { "uv": [ 12.97, 0.97, 15.03, 3.03 ], "texture": "#particle", "cullface": "north" },
				"up": { "uv": [ 12.97, 0.97, 15.03, 3.03 ], "texture": "#particle", "cullface": "north" },
				"north": { "uv": [ 12.97, 0.97, 15.03, 3.03 ], "texture": "#particle", "cullface": "north" },
				"south": { "uv": [ 12.97, 0.97, 15.03, 3.03 ], "texture": "#particle", "cullface": "north" },
				"west": { "uv": [ 12.97, 0.97, 15.03, 3.03 ], "texture": "#particle", "cullface": "north" }
			}
		},
		{
			"__comment": "Voxels-B70000",
			"from": [ 1, 7, -0.5 ],
			"to": [ 15.25, 9, -0.25 ],
			"faces": {
				"down": { "uv": [ 0.97, 4.97, 3.03, 7.03 ], "texture": "#particle", "cullface": "north" },
				"up": { "uv": [ 0.97, 4.97, 3.03, 7.03 ], "texture": "#particle", "cullface": "north" },
				"north": { "uv": [ 0.97, 4.97, 3.03, 7.03 ], "texture": "#particle", "cullface": "north" },
				"east": { "uv": [ 0.97, 4.97, 3.03, 7.03 ], "texture": "#particle", "cullface": "north" }
			}
		},
		{
			"__comment": "Voxels-790000",
			"from": [ 1.25, 7, -1.25 ],
			"to": [ 1.75, 9, -1 ],
			"faces": {
				"down": { "uv": [ 12.97, 0.97, 15.03, 3.03 ], "texture": "#particle", "cullface": "north" },
				"up": { "uv": [ 12.97, 0.97, 15.03, 3.03 ], "texture": "#particle", "cullface": "north" },
				"north": { "uv": [ 12.97, 0.97, 15.03, 3.03 ], "texture": "#particle", "cullface": "north" },
				"south": { "uv": [ 12.97, 0.97, 15.03, 3.03 ], "texture": "#particle", "cullface": "north" },
				"west": { "uv": [ 12.97, 0.97, 15.03, 3.03 ], "texture": "#particle", "cullface": "north" }
			}
		},
		{
			"__comment": "Voxels-B70000",
			"from": [ 1.25, 7, -0.75 ],
			"to": [ 15, 9, -0.5 ],
			"faces": {
				"down": { "uv": [ 0.97, 4.97, 3.03, 7.03 ], "texture": "#particle", "cullface": "north" },
				"up": { "uv": [ 0.97, 4.97, 3.03, 7.03 ], "texture": "#particle", "cullface": "north" },
				"north": { "uv": [ 0.97, 4.97, 3.03, 7.03 ], "texture": "#particle", "cullface": "north" },
				"east": { "uv": [ 0.97, 4.97, 3.03, 7.03 ], "texture": "#particle", "cullface": "north" }
			}
		},
		{
			"__comment": "Voxels-790000",
			"from": [ 1.5, 7, -1.5 ],
			"to": [ 2, 9, -1.25 ],
			"faces": {
				"down": { "uv": [ 12.97, 0.97, 15.03, 3.03 ], "texture": "#particle", "cullface": "north" },
				"up": { "uv": [ 12.97, 0.97, 15.03, 3.03 ], "texture": "#particle", "cullface": "north" },
				"north": { "uv": [ 12.97, 0.97, 15.03, 3.03 ], "texture": "#particle", "cullface": "north" },
				"south": { "uv": [ 12.97, 0.97, 15.03, 3.03 ], "texture": "#particle", "cullface": "north" },
				"west": { "uv": [ 12.97, 0.97, 15.03, 3.03 ], "texture": "#particle", "cullface": "north" }
			}
		},
		{
			"__comment": "Voxels-B70000",
			"from": [ 1.5, 7, -1 ],
			"to": [ 14.75, 9, -0.75 ],
			"faces": {
				"down": { "uv": [ 0.97, 4.97, 3.03, 7.03 ], "texture": "#particle", "cullface": "north" },
				"up": { "uv": [ 0.97, 4.97, 3.03, 7.03 ], "texture": "#particle", "cullface": "north" },
				"north": { "uv": [ 0.97, 4.97, 3.03, 7.03 ], "texture": "#particle", "cullface": "north" },
				"east": { "uv": [ 0.97, 4.97, 3.03, 7.03 ], "texture": "#particle", "cullface": "north" }
			}
		},
		{
			"__comment": "Voxels-790000",
			"from": [ 1.75, 7, -1.75 ],
			"to": [ 2.25, 9, -1.5 ],
			"faces": {
				"down": { "uv": [ 12.97, 0.97, 15.03, 3.03 ], "texture": "#particle", "cullface": "north" },
				"up": { "uv": [ 12.97, 0.97, 15.03, 3.03 ], "texture": "#particle", "cullface": "north" },
				"north": { "uv": [ 12.97, 0.97, 15.03, 3.03 ], "texture": "#particle", "cullface": "north" },
				"south": { "uv": [ 12.97, 0.97, 15.03, 3.03 ], "texture": "#particle", "cullface": "north" },
				"west": { "uv": [ 12.97, 0.97, 15.03, 3.03 ], "texture": "#particle", "cullface": "north" }
			}
		},
		{
			"__comment": "Voxels-B70000",
			"from": [ 1.75, 7, -1.25 ],
			"to": [ 14.5, 9, -1 ],
			"faces": {
				"down": { "uv": [ 0.97, 4.97, 3.03, 7.03 ], "texture": "#particle", "cullface": "north" },
				"up": { "uv": [ 0.97, 4.97, 3.03, 7.03 ], "texture": "#particle", "cullface": "north" },
				"north": { "uv": [ 0.97, 4.97, 3.03, 7.03 ], "texture": "#particle", "cullface": "north" },
				"east": { "uv": [ 0.97, 4.97, 3.03, 7.03 ], "texture": "#particle", "cullface": "north" }
			}
		},
		{
			"__comment": "Voxels-790000",
			"from": [ 2, 7, -2 ],
			"to": [ 2.5, 9, -1.75 ],
			"faces": {
				"down": { "uv": [ 12.97, 0.97, 15.03, 3.03 ], "texture": "#particle", "cullface": "north" },
				"up": { "uv": [ 12.97, 0.97, 15.03, 3.03 ], "texture": "#particle", "cullface": "north" },
				"north": { "uv": [ 12.97, 0.97, 15.03, 3.03 ], "texture": "#particle", "cullface": "north" },
				"south": { "uv": [ 12.97, 0.97, 15.03, 3.03 ], "texture": "#particle", "cullface": "north" },
				"west": { "uv": [ 12.97, 0.97, 15.03, 3.03 ], "texture": "#particle", "cullface": "north" }
			}
		},
		{
			"__comment": "Voxels-B70000",
			"from": [ 2, 7, -1.5 ],
			"to": [ 14.25, 9, -1.25 ],
			"faces": {
				"down": { "uv": [ 0.97, 4.97, 3.03, 7.03 ], "texture": "#particle", "cullface": "north" },
				"up": { "uv": [ 0.97, 4.97, 3.03, 7.03 ], "texture": "#particle", "cullface": "north" },
				"north": { "uv": [ 0.97, 4.97, 3.03, 7.03 ], "texture": "#particle", "cullface": "north" },
				"east": { "uv": [ 0.97, 4.97, 3.03, 7.03 ], "texture": "#particle", "cullface": "north" }
			}
		},
		{
			"__comment": "Voxels-790000",
			"from": [ 2.25, 7, -2.25 ],
			"to": [ 2.75, 9, -2 ],
			"faces": {
				"down": { "uv": [ 12.97, 0.97, 15.03, 3.03 ], "texture": "#particle", "cullface": "north" },
				"up": { "uv": [ 12.97, 0.97, 15.03, 3.03 ], "texture": "#particle", "cullface": "north" },
				"north": { "uv": [ 12.97, 0.97, 15.03, 3.03 ], "texture": "#particle", "cullface": "north" },
				"south": { "uv": [ 12.97, 0.97, 15.03, 3.03 ], "texture": "#particle", "cullface": "north" },
				"west": { "uv": [ 12.97, 0.97, 15.03, 3.03 ], "texture": "#particle", "cullface": "north" }
			}
		},
		{
			"__comment": "Voxels-B70000",
			"from": [ 2.25, 7, -1.75 ],
			"to": [ 14, 9, -1.5 ],
			"faces": {
				"down": { "uv": [ 0.97, 4.97, 3.03, 7.03 ], "texture": "#particle", "cullface": "north" },
				"up": { "uv": [ 0.97, 4.97, 3.03, 7.03 ], "texture": "#particle", "cullface": "north" },
				"north": { "uv": [ 0.97, 4.97, 3.03, 7.03 ], "texture": "#particle", "cullface": "north" },
				"east": { "uv": [ 0.97, 4.97, 3.03, 7.03 ], "texture": "#particle", "cullface": "north" }
			}
		},
		{
			"__comment": "Voxels-790000",
			"from": [ 2.5, 7, -2.5 ],
			"to": [ 3, 9, -2.25 ],
			"faces": {
				"down": { "uv": [ 12.97, 0.97, 15.03, 3.03 ], "texture": "#particle", "cullface": "north" },
				"up": { "uv": [ 12.97, 0.97, 15.03, 3.03 ], "texture": "#particle", "cullface": "north" },
				"north": { "uv": [ 12.97, 0.97, 15.03, 3.03 ], "texture": "#particle", "cullface": "north" },
				"south": { "uv": [ 12.97, 0.97, 15.03, 3.03 ], "texture": "#particle", "cullface": "north" },
				"west": { "uv": [ 12.97, 0.97, 15.03, 3.03 ], "texture": "#particle", "cullface": "north" }
			}
		},
		{
			"__comment": "Voxels-B70000",
			"from": [ 2.5, 7, -2 ],
			"to": [ 13.75, 9, -1.75 ],
			"faces": {
				"down": { "uv": [ 0.97, 4.97, 3.03, 7.03 ], "texture": "#particle", "cullface": "north" },
				"up": { "uv": [ 0.97, 4.97, 3.03, 7.03 ], "texture": "#particle", "cullface": "north" },
				"north": { "uv": [ 0.97, 4.97, 3.03, 7.03 ], "texture": "#particle", "cullface": "north" },
				"east": { "uv": [ 0.97, 4.97, 3.03, 7.03 ], "texture": "#particle", "cullface": "north" }
			}
		},
		{
			"__comment": "Voxels-790000",
			"from": [ 2.75, 7, -2.75 ],
			"to": [ 3.25, 9, -2.5 ],
			"faces": {
				"down": { "uv": [ 12.97, 0.97, 15.03, 3.03 ], "texture": "#particle", "cullface": "north" },
				"up": { "uv": [ 12.97, 0.97, 15.03, 3.03 ], "texture": "#particle", "cullface": "north" },
				"north": { "uv": [ 12.97, 0.97, 15.03, 3.03 ], "texture": "#particle", "cullface": "north" },
				"south": { "uv": [ 12.97, 0.97, 15.03, 3.03 ], "texture": "#particle", "cullface": "north" },
				"west": { "uv": [ 12.97, 0.97, 15.03, 3.03 ], "texture": "#particle", "cullface": "north" }
			}
		},
		{
			"__comment": "Voxels-B70000",
			"from": [ 2.75, 7, -2.25 ],
			"to": [ 13.5, 9, -2 ],
			"faces": {
				"down": { "uv": [ 0.97, 4.97, 3.03, 7.03 ], "texture": "#particle", "cullface": "north" },
				"up": { "uv": [ 0.97, 4.97, 3.03, 7.03 ], "texture": "#particle", "cullface": "north" },
				"north": { "uv": [ 0.97, 4.97, 3.03, 7.03 ], "texture": "#particle", "cullface": "north" },
				"east": { "uv": [ 0.97, 4.97, 3.03, 7.03 ], "texture": "#particle", "cullface": "north" }
			}
		},
		{
			"__comment": "Voxels-790000",
			"from": [ 3, 7, -3 ],
			"to": [ 3.5, 9, -2.75 ],
			"faces": {
				"down": { "uv": [ 12.97, 0.97, 15.03, 3.03 ], "texture": "#particle", "cullface": "north" },
				"up": { "uv": [ 12.97, 0.97, 15.03, 3.03 ], "texture": "#particle", "cullface": "north" },
				"north": { "uv": [ 12.97, 0.97, 15.03, 3.03 ], "texture": "#particle", "cullface": "north" },
				"south": { "uv": [ 12.97, 0.97, 15.03, 3.03 ], "texture": "#particle", "cullface": "north" },
				"west": { "uv": [ 12.97, 0.97, 15.03, 3.03 ], "texture": "#particle", "cullface": "north" }
			}
		},
		{
			"__comment": "Voxels-B70000",
			"from": [ 3, 7, -2.5 ],
			"to": [ 13.25, 9, -2.25 ],
			"faces": {
				"down": { "uv": [ 0.97, 4.97, 3.03, 7.03 ], "texture": "#particle", "cullface": "north" },
				"up": { "uv": [ 0.97, 4.97, 3.03, 7.03 ], "texture": "#particle", "cullface": "north" },
				"north": { "uv": [ 0.97, 4.97, 3.03, 7.03 ], "texture": "#particle", "cullface": "north" },
				"east": { "uv": [ 0.97, 4.97, 3.03, 7.03 ], "texture": "#particle", "cullface": "north" }
			}
		},
		{
			"__comment": "Voxels-790000",
			"from": [ 3.25, 7, -3.25 ],
			"to": [ 3.75, 9, -3 ],
			"faces": {
				"down": { "uv": [ 12.97, 0.97, 15.03, 3.03 ], "texture": "#particle", "cullface": "north" },
				"up": { "uv": [ 12.97, 0.97, 15.03, 3.03 ], "texture": "#particle", "cullface": "north" },
				"north": { "uv": [ 12.97, 0.97, 15.03, 3.03 ], "texture": "#particle", "cullface": "north" },
				"south": { "uv": [ 12.97, 0.97, 15.03, 3.03 ], "texture": "#particle", "cullface": "north" },
				"west": { "uv": [ 12.97, 0.97, 15.03, 3.03 ], "texture": "#particle", "cullface": "north" }
			}
		},
		{
			"__comment": "Voxels-B70000",
			"from": [ 3.25, 7, -2.75 ],
			"to": [ 13, 9, -2.5 ],
			"faces": {
				"down": { "uv": [ 0.97, 4.97, 3.03, 7.03 ], "texture": "#particle", "cullface": "north" },
				"up": { "uv": [ 0.97, 4.97, 3.03, 7.03 ], "texture": "#particle", "cullface": "north" },
				"north": { "uv": [ 0.97, 4.97, 3.03, 7.03 ], "texture": "#particle", "cullface": "north" },
				"east": { "uv": [ 0.97, 4.97, 3.03, 7.03 ], "texture": "#particle", "cullface": "north" }
			}
		},
		{
			"__comment": "Voxels-790000",
			"from": [ 3.5, 7, -3.5 ],
			"to": [ 4, 9, -3.25 ],
			"faces": {
				"down": { "uv": [ 12.97, 0.97, 15.03, 3.03 ], "texture": "#particle", "cullface": "north" },
				"up": { "uv": [ 12.97, 0.97, 15.03, 3.03 ], "texture": "#particle", "cullface": "north" },
				"north": { "uv": [ 12.97, 0.97, 15.03, 3.03 ], "texture": "#particle", "cullface": "north" },
				"south": { "uv": [ 12.97, 0.97, 15.03, 3.03 ], "texture": "#particle", "cullface": "north" },
				"west": { "uv": [ 12.97, 0.97, 15.03, 3.03 ], "texture": "#particle", "cullface": "north" }
			}
		},
		{
			"__comment": "Voxels-B70000",
			"from": [ 3.5, 7, -3 ],
			"to": [ 12.75, 9, -2.75 ],
			"faces": {
				"down": { "uv": [ 0.97, 4.97, 3.03, 7.03 ], "texture": "#particle", "cullface": "north" },
				"up": { "uv": [ 0.97, 4.97, 3.03, 7.03 ], "texture": "#particle", "cullface": "north" },
				"north": { "uv": [ 0.97, 4.97, 3.03, 7.03 ], "texture": "#particle", "cullface": "north" },
				"east": { "uv": [ 0.97, 4.97, 3.03, 7.03 ], "texture": "#particle", "cullface": "north" }
			}
		},
		{
			"__comment": "Voxels-790000",
			"from": [ 3.75, 7, -3.75 ],
			"to": [ 4.25, 9, -3.5 ],
			"faces": {
				"down": { "uv": [ 12.97, 0.97, 15.03, 3.03 ], "texture": "#particle", "cullface": "north" },
				"up": { "uv": [ 12.97, 0.97, 15.03, 3.03 ], "texture": "#particle", "cullface": "north" },
				"north": { "uv": [ 12.97, 0.97, 15.03, 3.03 ], "texture": "#particle", "cullface": "north" },
				"south": { "uv": [ 12.97, 0.97, 15.03, 3.03 ], "texture": "#particle", "cullface": "north" },
				"west": { "uv": [ 12.97, 0.97, 15.03, 3.03 ], "texture": "#particle", "cullface": "north" }
			}
		},
		{
			"__comment": "Voxels-B70000",
			"from": [ 3.75, 7, -3.25 ],
			"to": [ 12.5, 9, -3 ],
			"faces": {
				"down": { "uv": [ 0.97, 4.97, 3.03, 7.03 ], "texture": "#particle", "cullface": "north" },
				"up": { "uv": [ 0.97, 4.97, 3.03, 7.03 ], "texture": "#particle", "cullface": "north" },
				"north": { "uv": [ 0.97, 4.97, 3.03, 7.03 ], "texture": "#particle", "cullface": "north" },
				"east": { "uv": [ 0.97, 4.97, 3.03, 7.03 ], "texture": "#particle", "cullface": "north" }
			}
		},
		{
			"__comment": "Voxels-790000",
			"from": [ 4, 7, -4 ],
			"to": [ 4.5, 9, -3.75 ],
			"faces": {
				"down": { "uv": [ 12.97, 0.97, 15.03, 3.03 ], "texture": "#particle", "cullface": "north" },
				"up": { "uv": [ 12.97, 0.97, 15.03, 3.03 ], "texture": "#particle", "cullface": "north" },
				"north": { "uv": [ 12.97, 0.97, 15.03, 3.03 ], "texture": "#particle", "cullface": "north" },
				"south": { "uv": [ 12.97, 0.97, 15.03, 3.03 ], "texture": "#particle", "cullface": "north" },
				"west": { "uv": [ 12.97, 0.97, 15.03, 3.03 ], "texture": "#particle", "cullface": "north" }
			}
		},
		{
			"__comment": "Voxels-B70000",
			"from": [ 4, 7, -3.5 ],
			"to": [ 12.25, 9, -3.25 ],
			"faces": {
				"down": { "uv": [ 0.97, 4.97, 3.03, 7.03 ], "texture": "#particle", "cullface": "north" },
				"up": { "uv": [ 0.97, 4.97, 3.03, 7.03 ], "texture": "#particle", "cullface": "north" },
				"north": { "uv": [ 0.97, 4.97, 3.03, 7.03 ], "texture": "#particle", "cullface": "north" },
				"east": { "uv": [ 0.97, 4.97, 3.03, 7.03 ], "texture": "#particle", "cullface": "north" }
			}
		},
		{
			"__comment": "Voxels-790000",
			"from": [ 4.25, 7, -4.25 ],
			"to": [ 4.75, 9, -4 ],
			"faces": {
				"down": { "uv": [ 12.97, 0.97, 15.03, 3.03 ], "texture": "#particle", "cullface": "north" },
				"up": { "uv": [ 12.97, 0.97, 15.03, 3.03 ], "texture": "#particle", "cullface": "north" },
				"north": { "uv": [ 12.97, 0.97, 15.03, 3.03 ], "texture": "#particle", "cullface": "north" },
				"south": { "uv": [ 12.97, 0.97, 15.03, 3.03 ], "texture": "#particle", "cullface": "north" },
				"west": { "uv": [ 12.97, 0.97, 15.03, 3.03 ], "texture": "#particle", "cullface": "north" }
			}
		},
		{
			"__comment": "Voxels-B70000",
			"from": [ 4.25, 7, -3.75 ],
			"to": [ 12, 9, -3.5 ],
			"faces": {
				"down": { "uv": [ 0.97, 4.97, 3.03, 7.03 ], "texture": "#particle", "cullface": "north" },
				"up": { "uv": [ 0.97, 4.97, 3.03, 7.03 ], "texture": "#particle", "cullface": "north" },
				"north": { "uv": [ 0.97, 4.97, 3.03, 7.03 ], "texture": "#particle", "cullface": "north" },
				"east": { "uv": [ 0.97, 4.97, 3.03, 7.03 ], "texture": "#particle", "cullface": "north" }
			}
		},
		{
			"__comment": "Voxels-790000",
			"from": [ 4.5, 7, -4.5 ],
			"to": [ 5, 9, -4.25 ],
			"faces": {
				"down": { "uv": [ 12.97, 0.97, 15.03, 3.03 ], "texture": "#particle", "cullface": "north" },
				"up": { "uv": [ 12.97, 0.97, 15.03, 3.03 ], "texture": "#particle", "cullface": "north" },
				"north": { "uv": [ 12.97, 0.97, 15.03, 3.03 ], "texture": "#particle", "cullface": "north" },
				"south": { "uv": [ 12.97, 0.97, 15.03, 3.03 ], "texture": "#particle", "cullface": "north" },
				"west": { "uv": [ 12.97, 0.97, 15.03, 3.03 ], "texture": "#particle", "cullface": "north" }
			}
		},
		{
			"__comment": "Voxels-B70000",
			"from": [ 4.5, 7, -4 ],
			"to": [ 11.75, 9, -3.75 ],
			"faces": {
				"down": { "uv": [ 0.97, 4.97, 3.03, 7.03 ], "texture": "#particle", "cullface": "north" },
				"up": { "uv": [ 0.97, 4.97, 3.03, 7.03 ], "texture": "#particle", "cullface": "north" },
				"north": { "uv": [ 0.97, 4.97, 3.03, 7.03 ], "texture": "#particle", "cullface": "north" },
				"east": { "uv": [ 0.97, 4.97, 3.03, 7.03 ], "texture": "#particle", "cullface": "north" }
			}
		},
		{
			"__comment": "Voxels-790000",
			"from": [ 4.75, 7, -4.75 ],
			"to": [ 5.25, 9, -4.5 ],
			"faces": {
				"down": { "uv": [ 12.97, 0.97, 15.03, 3.03 ], "texture": "#particle", "cullface": "north" },
				"up": { "uv": [ 12.97, 0.97, 15.03, 3.03 ], "texture": "#particle", "cullface": "north" },
				"north": { "uv": [ 12.97, 0.97, 15.03, 3.03 ], "texture": "#particle", "cullface": "north" },
				"south": { "uv": [ 12.97, 0.97, 15.03, 3.03 ], "texture": "#particle", "cullface": "north" },
				"west": { "uv": [ 12.97, 0.97, 15.03, 3.03 ], "texture": "#particle", "cullface": "north" }
			}
		},
		{
			"__comment": "Voxels-B70000",
			"from": [ 4.75, 7, -4.25 ],
			"to": [ 11.5, 9, -4 ],
			"faces": {
				"down": { "uv": [ 0.97, 4.97, 3.03, 7.03 ], "texture": "#particle", "cullface": "north" },
				"up": { "uv": [ 0.97, 4.97, 3.03, 7.03 ], "texture": "#particle", "cullface": "north" },
				"north": { "uv": [ 0.97, 4.97, 3.03, 7.03 ], "texture": "#particle", "cullface": "north" },
				"east": { "uv": [ 0.97, 4.97, 3.03, 7.03 ], "texture": "#particle", "cullface": "north" }
			}
		},
		{
			"__comment": "Voxels-790000",
			"from": [ 5, 7, -5 ],
			"to": [ 5.5, 9, -4.75 ],
			"faces": {
				"down": { "uv": [ 12.97, 0.97, 15.03, 3.03 ], "texture": "#particle", "cullface": "north" },
				"up": { "uv": [ 12.97, 0.97, 15.03, 3.03 ], "texture": "#particle", "cullface": "north" },
				"north": { "uv": [ 12.97, 0.97, 15.03, 3.03 ], "texture": "#particle", "cullface": "north" },
				"south": { "uv": [ 12.97, 0.97, 15.03, 3.03 ], "texture": "#particle", "cullface": "north" },
				"west": { "uv": [ 12.97, 0.97, 15.03, 3.03 ], "texture": "#particle", "cullface": "north" }
			}
		},
		{
			"__comment": "Voxels-B70000",
			"from": [ 5, 7, -4.5 ],
			"to": [ 11.25, 9, -4.25 ],
			"faces": {
				"down": { "uv": [ 0.97, 4.97, 3.03, 7.03 ], "texture": "#particle", "cullface": "north" },
				"up": { "uv": [ 0.97, 4.97, 3.03, 7.03 ], "texture": "#particle", "cullface": "north" },
				"north": { "uv": [ 0.97, 4.97, 3.03, 7.03 ], "texture": "#particle", "cullface": "north" },
				"east": { "uv": [ 0.97, 4.97, 3.03, 7.03 ], "texture": "#particle", "cullface": "north" }
			}
		},
		{
			"__comment": "Voxels-790000",
			"from": [ 5.25, 7, -5.25 ],
			"to": [ 5.75, 9, -5 ],
			"faces": {
				"down": { "uv": [ 12.97, 0.97, 15.03, 3.03 ], "texture": "#particle", "cullface": "north" },
				"up": { "uv": [ 12.97, 0.97, 15.03, 3.03 ], "texture": "#particle", "cullface": "north" },
				"north": { "uv": [ 12.97, 0.97, 15.03, 3.03 ], "texture": "#particle", "cullface": "north" },
				"south": { "uv": [ 12.97, 0.97, 15.03, 3.03 ], "texture": "#particle", "cullface": "north" },
				"west": { "uv": [ 12.97, 0.97, 15.03, 3.03 ], "texture": "#particle", "cullface": "north" }
			}
		},
		{
			"__comment": "Voxels-B70000",
			"from": [ 5.25, 7, -4.75 ],
			"to": [ 11, 9, -4.5 ],
			"faces": {
				"down": { "uv": [ 0.97, 4.97, 3.03, 7.03 ], "texture": "#particle", "cullface": "north" },
				"up": { "uv": [ 0.97, 4.97, 3.03, 7.03 ], "texture": "#particle", "cullface": "north" },
				"north": { "uv": [ 0.97, 4.97, 3.03, 7.03 ], "texture": "#particle", "cullface": "north" },
				"east": { "uv": [ 0.97, 4.97, 3.03, 7.03 ], "texture": "#particle", "cullface": "north" }
			}
		},
		{
			"__comment": "Voxels-790000",
			"from": [ 5.5, 7, -5.5 ],
			"to": [ 6, 9, -5.25 ],
			"faces": {
				"down": { "uv": [ 12.97, 0.97, 15.03, 3.03 ], "texture": "#particle", "cullface": "north" },
				"up": { "uv": [ 12.97, 0.97, 15.03, 3.03 ], "texture": "#particle", "cullface": "north" },
				"north": { "uv": [ 12.97, 0.97, 15.03, 3.03 ], "texture": "#particle", "cullface": "north" },
				"south": { "uv": [ 12.97, 0.97, 15.03, 3.03 ], "texture": "#particle", "cullface": "north" },
				"west": { "uv": [ 12.97, 0.97, 15.03, 3.03 ], "texture": "#particle", "cullface": "north" }
			}
		},
		{
			"__comment": "Voxels-B70000",
			"from": [ 5.5, 7, -5 ],
			"to": [ 10.75, 9, -4.75 ],
			"faces": {
				"down": { "uv": [ 0.97, 4.97, 3.03, 7.03 ], "texture": "#particle", "cullface": "north" },
				"up": { "uv": [ 0.97, 4.97, 3.03, 7.03 ], "texture": "#particle", "cullface": "north" },
				"north": { "uv": [ 0.97, 4.97, 3.03, 7.03 ], "texture": "#particle", "cullface": "north" },
				"east": { "uv": [ 0.97, 4.97, 3.03, 7.03 ], "texture": "#particle", "cullface": "north" }
			}
		},
		{
			"__comment": "Voxels-790000",
			"from": [ 5.5, 7, 3.75 ],
			"to": [ 5.75, 9, 16 ],
			"faces": {
				"down": { "uv": [ 12.97, 0.97, 15.03, 3.03 ], "texture": "#particle" },
				"up": { "uv": [ 12.97, 0.97, 15.03, 3.03 ], "texture": "#particle" },
				"south": { "uv": [ 12.97, 0.97, 15.03, 3.03 ], "texture": "#particle", "cullface": "south" },
				"west": { "uv": [ 12.97, 0.97, 15.03, 3.03 ], "texture": "#particle" },
				"east": { "uv": [ 12.97, 0.97, 15.03, 3.03 ], "texture": "#particle" }
			}
		},
		{
			"__comment": "Voxels-790000",
			"from": [ 5.75, 7, -5.75 ],
			"to": [ 6.25, 9, -5.5 ],
			"faces": {
				"down": { "uv": [ 12.97, 0.97, 15.03, 3.03 ], "texture": "#particle", "cullface": "north" },
				"up": { "uv": [ 12.97, 0.97, 15.03, 3.03 ], "texture": "#particle", "cullface": "north" },
				"north": { "uv": [ 12.97, 0.97, 15.03, 3.03 ], "texture": "#particle", "cullface": "north" },
				"south": { "uv": [ 12.97, 0.97, 15.03, 3.03 ], "texture": "#particle", "cullface": "north" },
				"west": { "uv": [ 12.97, 0.97, 15.03, 3.03 ], "texture": "#particle", "cullface": "north" }
			}
		},
		{
			"__comment": "Voxels-B70000",
			"from": [ 5.75, 7, -5.25 ],
			"to": [ 10.5, 9, -5 ],
			"faces": {
				"down": { "uv": [ 0.97, 4.97, 3.03, 7.03 ], "texture": "#particle", "cullface": "north" },
				"up": { "uv": [ 0.97, 4.97, 3.03, 7.03 ], "texture": "#particle", "cullface": "north" },
				"north": { "uv": [ 0.97, 4.97, 3.03, 7.03 ], "texture": "#particle", "cullface": "north" },
				"east": { "uv": [ 0.97, 4.97, 3.03, 7.03 ], "texture": "#particle", "cullface": "north" }
			}
		},
		{
			"__comment": "Voxels-B70000",
			"from": [ 5.75, 7, 3.5 ],
			"to": [ 10.25, 9, 15.75 ],
			"faces": {
				"down": { "uv": [ 0.97, 4.97, 3.03, 7.03 ], "texture": "#particle" },
				"up": { "uv": [ 0.97, 4.97, 3.03, 7.03 ], "texture": "#particle" },
				"west": { "uv": [ 0.97, 4.97, 3.03, 7.03 ], "texture": "#particle" },
				"east": { "uv": [ 0.97, 4.97, 3.03, 7.03 ], "texture": "#particle" }
			}
		},
		{
			"__comment": "Voxels-790000",
			"from": [ 5.75, 7, 15.75 ],
			"to": [ 10.25, 9, 16 ],
			"faces": {
				"down": { "uv": [ 12.97, 0.97, 15.03, 3.03 ], "texture": "#particle" },
				"up": { "uv": [ 12.97, 0.97, 15.03, 3.03 ], "texture": "#particle" },
				"south": { "uv": [ 12.97, 0.97, 15.03, 3.03 ], "texture": "#particle", "cullface": "south" },
				"east": { "uv": [ 12.97, 0.97, 15.03, 3.03 ], "texture": "#particle" }
			}
		},
		{
			"__comment": "Voxels-790000",
			"from": [ 6, 7, -6 ],
			"to": [ 6.5, 9, -5.75 ],
			"faces": {
				"down": { "uv": [ 12.97, 0.97, 15.03, 3.03 ], "texture": "#particle", "cullface": "north" },
				"up": { "uv": [ 12.97, 0.97, 15.03, 3.03 ], "texture": "#particle", "cullface": "north" },
				"north": { "uv": [ 12.97, 0.97, 15.03, 3.03 ], "texture": "#particle", "cullface": "north" },
				"south": { "uv": [ 12.97, 0.97, 15.03, 3.03 ], "texture": "#particle", "cullface": "north" },
				"west": { "uv": [ 12.97, 0.97, 15.03, 3.03 ], "texture": "#particle", "cullface": "north" }
			}
		},
		{
			"__comment": "Voxels-B70000",
			"from": [ 6, 7, -5.5 ],
			"to": [ 10.25, 9, -5.25 ],
			"faces": {
				"down": { "uv": [ 0.97, 4.97, 3.03, 7.03 ], "texture": "#particle", "cullface": "north" },
				"up": { "uv": [ 0.97, 4.97, 3.03, 7.03 ], "texture": "#particle", "cullface": "north" },
				"north": { "uv": [ 0.97, 4.97, 3.03, 7.03 ], "texture": "#particle", "cullface": "north" },
				"east": { "uv": [ 0.97, 4.97, 3.03, 7.03 ], "texture": "#particle", "cullface": "north" }
			}
		},
		{
			"__comment": "Voxels-790000",
			"from": [ 6.25, 7, -6.25 ],
			"to": [ 6.75, 9, -6 ],
			"faces": {
				"down": { "uv": [ 12.97, 0.97, 15.03, 3.03 ], "texture": "#particle", "cullface": "north" },
				"up": { "uv": [ 12.97, 0.97, 15.03, 3.03 ], "texture": "#particle", "cullface": "north" },
				"north": { "uv": [ 12.97, 0.97, 15.03, 3.03 ], "texture": "#particle", "cullface": "north" },
				"south": { "uv": [ 12.97, 0.97, 15.03, 3.03 ], "texture": "#particle", "cullface": "north" },
				"west": { "uv": [ 12.97, 0.97, 15.03, 3.03 ], "texture": "#particle", "cullface": "north" }
			}
		},
		{
			"__comment": "Voxels-B70000",
			"from": [ 6.25, 7, -5.75 ],
			"to": [ 10, 9, -5.5 ],
			"faces": {
				"down": { "uv": [ 0.97, 4.97, 3.03, 7.03 ], "texture": "#particle", "cullface": "north" },
				"up": { "uv": [ 0.97, 4.97, 3.03, 7.03 ], "texture": "#particle", "cullface": "north" },
				"north": { "uv": [ 0.97, 4.97, 3.03, 7.03 ], "texture": "#particle", "cullface": "north" },
				"east": { "uv": [ 0.97, 4.97, 3.03, 7.03 ], "texture": "#particle", "cullface": "north" }
			}
		},
		{
			"__comment": "Voxels-790000",
			"from": [ 6.5, 7, -6.5 ],
			"to": [ 7, 9, -6.25 ],
			"faces": {
				"down": { "uv": [ 12.97, 0.97, 15.03, 3.03 ], "texture": "#particle", "cullface": "north" },
				"up": { "uv": [ 12.97, 0.97, 15.03, 3.03 ], "texture": "#particle", "cullface": "north" },
				"north": { "uv": [ 12.97, 0.97, 15.03, 3.03 ], "texture": "#particle", "cullface": "north" },
				"south": { "uv": [ 12.97, 0.97, 15.03, 3.03 ], "texture": "#particle", "cullface": "north" },
				"west": { "uv": [ 12.97, 0.97, 15.03, 3.03 ], "texture": "#particle", "cullface": "north" }
			}
		},
		{
			"__comment": "Voxels-B70000",
			"from": [ 6.5, 7, -6 ],
			"to": [ 9.75, 9, -5.75 ],
			"faces": {
				"down": { "uv": [ 0.97, 4.97, 3.03, 7.03 ], "texture": "#particle", "cullface": "north" },
				"up": { "uv": [ 0.97, 4.97, 3.03, 7.03 ], "texture": "#particle", "cullface": "north" },
				"north": { "uv": [ 0.97, 4.97, 3.03, 7.03 ], "texture": "#particle", "cullface": "north" },
				"east": { "uv": [ 0.97, 4.97, 3.03, 7.03 ], "texture": "#particle", "cullface": "north" }
			}
		},
		{
			"__comment": "Voxels-790000",
			"from": [ 6.75, 7, -6.75 ],
			"to": [ 7.25, 9, -6.5 ],
			"faces": {
				"down": { "uv": [ 12.97, 0.97, 15.03, 3.03 ], "texture": "#particle", "cullface": "north" },
				"up": { "uv": [ 12.97, 0.97, 15.03, 3.03 ], "texture": "#particle", "cullface": "north" },
				"north": { "uv": [ 12.97, 0.97, 15.03, 3.03 ], "texture": "#particle", "cullface": "north" },
				"south": { "uv": [ 12.97, 0.97, 15.03, 3.03 ], "texture": "#particle", "cullface": "north" },
				"west": { "uv": [ 12.97, 0.97, 15.03, 3.03 ], "texture": "#particle", "cullface": "north" }
			}
		},
		{
			"__comment": "Voxels-B70000",
			"from": [ 6.75, 7, -6.25 ],
			"to": [ 9.5, 9, -6 ],
			"faces": {
				"down": { "uv": [ 0.97, 4.97, 3.03, 7.03 ], "texture": "#particle", "cullface": "north" },
				"up": { "uv": [ 0.97, 4.97, 3.03, 7.03 ], "texture": "#particle", "cullface": "north" },
				"north": { "uv": [ 0.97, 4.97, 3.03, 7.03 ], "texture": "#particle", "cullface": "north" },
				"east": { "uv": [ 0.97, 4.97, 3.03, 7.03 ], "texture": "#particle", "cullface": "north" }
			}
		},
		{
			"__comment": "Voxels-790000",
			"from": [ 7, 7, -7 ],
			"to": [ 7.5, 9, -6.75 ],
			"faces": {
				"down": { "uv": [ 12.97, 0.97, 15.03, 3.03 ], "texture": "#particle", "cullface": "north" },
				"up": { "uv": [ 12.97, 0.97, 15.03, 3.03 ], "texture": "#particle", "cullface": "north" },
				"north": { "uv": [ 12.97, 0.97, 15.03, 3.03 ], "texture": "#particle", "cullface": "north" },
				"south": { "uv": [ 12.97, 0.97, 15.03, 3.03 ], "texture": "#particle", "cullface": "north" },
				"west": { "uv": [ 12.97, 0.97, 15.03, 3.03 ], "texture": "#particle", "cullface": "north" }
			}
		},
		{
			"__comment": "Voxels-B70000",
			"from": [ 7, 7, -6.5 ],
			"to": [ 9.25, 9, -6.25 ],
			"faces": {
				"down": { "uv": [ 0.97, 4.97, 3.03, 7.03 ], "texture": "#particle", "cullface": "north" },
				"up": { "uv": [ 0.97, 4.97, 3.03, 7.03 ], "texture": "#particle", "cullface": "north" },
				"north": { "uv": [ 0.97, 4.97, 3.03, 7.03 ], "texture": "#particle", "cullface": "north" },
				"east": { "uv": [ 0.97, 4.97, 3.03, 7.03 ], "texture": "#particle", "cullface": "north" }
			}
		},
		{
			"__comment": "Voxels-790000",
			"from": [ 7.25, 7, -7.25 ],
			"to": [ 7.75, 9, -7 ],
			"faces": {
				"down": { "uv": [ 12.97, 0.97, 15.03, 3.03 ], "texture": "#particle", "cullface": "north" },
				"up": { "uv": [ 12.97, 0.97, 15.03, 3.03 ], "texture": "#particle", "cullface": "north" },
				"north": { "uv": [ 12.97, 0.97, 15.03, 3.03 ], "texture": "#particle", "cullface": "north" },
				"south": { "uv": [ 12.97, 0.97, 15.03, 3.03 ], "texture": "#particle", "cullface": "north" },
				"west": { "uv": [ 12.97, 0.97, 15.03, 3.03 ], "texture": "#particle", "cullface": "north" }
			}
		},
		{
			"__comment": "Voxels-B70000",
			"from": [ 7.25, 7, -6.75 ],
			"to": [ 9, 9, -6.5 ],
			"faces": {
				"down": { "uv": [ 0.97, 4.97, 3.03, 7.03 ], "texture": "#particle", "cullface": "north" },
				"up": { "uv": [ 0.97, 4.97, 3.03, 7.03 ], "texture": "#particle", "cullface": "north" },
				"north": { "uv": [ 0.97, 4.97, 3.03, 7.03 ], "texture": "#particle", "cullface": "north" },
				"east": { "uv": [ 0.97, 4.97, 3.03, 7.03 ], "texture": "#particle", "cullface": "north" }
			}
		},
		{
			"__comment": "Voxels-790000",
			"from": [ 7.5, 7, -7.5 ],
			"to": [ 8, 9, -7.25 ],
			"faces": {
				"down": { "uv": [ 12.97, 0.97, 15.03, 3.03 ], "texture": "#particle", "cullface": "north" },
				"up": { "uv": [ 12.97, 0.97, 15.03, 3.03 ], "texture": "#particle", "cullface": "north" },
				"north": { "uv": [ 12.97, 0.97, 15.03, 3.03 ], "texture": "#particle", "cullface": "north" },
				"south": { "uv": [ 12.97, 0.97, 15.03, 3.03 ], "texture": "#particle", "cullface": "north" },
				"west": { "uv": [ 12.97, 0.97, 15.03, 3.03 ], "texture": "#particle", "cullface": "north" }
			}
		},
		{
			"__comment": "Voxels-B70000",
			"from": [ 7.5, 7, -7 ],
			"to": [ 8.75, 9, -6.75 ],
			"faces": {
				"down": { "uv": [ 0.97, 4.97, 3.03, 7.03 ], "texture": "#particle", "cullface": "north" },
				"up": { "uv": [ 0.97, 4.97, 3.03, 7.03 ], "texture": "#particle", "cullface": "north" },
				"north": { "uv": [ 0.97, 4.97, 3.03, 7.03 ], "texture": "#particle", "cullface": "north" },
				"east": { "uv": [ 0.97, 4.97, 3.03, 7.03 ], "texture": "#particle", "cullface": "north" }
			}
		},
		{
			"__comment": "Voxels-790000",
			"from": [ 7.75, 7, -7.75 ],
			"to": [ 8, 9, -7.5 ],
			"faces": {
				"down": { "uv": [ 12.97, 0.97, 15.03, 3.03 ], "texture": "#particle", "cullface": "north" },
				"up": { "uv": [ 12.97, 0.97, 15.03, 3.03 ], "texture": "#particle", "cullface": "north" },
				"north": { "uv": [ 12.97, 0.97, 15.03, 3.03 ], "texture": "#particle", "cullface": "north" },
				"west": { "uv": [ 12.97, 0.97, 15.03, 3.03 ], "texture": "#particle", "cullface": "north" },
				"east": { "uv": [ 12.97, 0.97, 15.03, 3.03 ], "texture": "#particle", "cullface": "north" }
			}
		},
		{
			"__comment": "Voxels-B70000",
			"from": [ 7.75, 7, -7.25 ],
			"to": [ 8.5, 9, -7 ],
			"faces": {
				"down": { "uv": [ 0.97, 4.97, 3.03, 7.03 ], "texture": "#particle", "cullface": "north" },
				"up": { "uv": [ 0.97, 4.97, 3.03, 7.03 ], "texture": "#particle", "cullface": "north" },
				"north": { "uv": [ 0.97, 4.97, 3.03, 7.03 ], "texture": "#particle", "cullface": "north" },
				"east": { "uv": [ 0.97, 4.97, 3.03, 7.03 ], "texture": "#particle", "cullface": "north" }
			}
		},
		{
			"__comment": "Voxels-B70000",
			"from": [ 8, 7, -7.5 ],
			"to": [ 8.25, 9, -7.25 ],
			"faces": {
				"down": { "uv": [ 0.97, 4.97, 3.03, 7.03 ], "texture": "#particle", "cullface": "north" },
				"up": { "uv": [ 0.97, 4.97, 3.03, 7.03 ], "texture": "#particle", "cullface": "north" },
				"north": { "uv": [ 0.97, 4.97, 3.03, 7.03 ], "texture": "#particle", "cullface": "north" },
				"east": { "uv": [ 0.97, 4.97, 3.03, 7.03 ], "texture": "#particle", "cullface": "north" }
			}
		},
		{
			"__comment": "Voxels-790000",
			"from": [ 10.25, 7, 3.5 ],
			"to": [ 19.25, 9, 3.75 ],
			"faces": {
				"down": { "uv": [ 12.97, 0.97, 15.03, 3.03 ], "texture": "#particle", "cullface": "east" },
				"up": { "uv": [ 12.97, 0.97, 15.03, 3.03 ], "texture": "#particle", "cullface": "east" },
				"north": { "uv": [ 12.97, 0.97, 15.03, 3.03 ], "texture": "#particle", "cullface": "east" },
				"south": { "uv": [ 12.97, 0.97, 15.03, 3.03 ], "texture": "#particle", "cullface": "east" },
				"east": { "uv": [ 12.97, 0.97, 15.03, 3.03 ], "texture": "#particle", "cullface": "east" }
			}
		}
	],
	"display": {
		"thirdperson_righthand": {
			"rotation":  [ -90, 180, 90 ],
			"translation":  [ 0, 1, 0 ],
			"scale":  [ 0.5, 0.5, 0.5 ]
		},
		"thirdperson_lefthand": {
			"rotation":  [ -90, 180, 90 ],
			"translation":  [ 0, 1, 0 ],
			"scale":  [ 0.5, 0.5, 0.5 ]
		},
		"firstperson_righthand": {
			"rotation":  [ 75, 0, 75 ],
			"translation":  [ -0.12, 2.8059, -0.435 ],
			"scale":  [ 0.45, 0.45, 0.45 ]
		},
		"firstperson_lefthand": {
			"rotation":  [ 75, 0, 75 ],
			"translation":  [ -0.12, 2.8059, -0.435 ],
			"scale":  [ 0.45, 0.45, 0.45 ]
		},
		"gui": {
			"rotation":  [ 30, 225, 0 ],
			"translation":  [ -1.5, 0, 0 ],
			"scale":  [ 0.625, 0.625, 0.625 ]
		},
		"head": {
			"translation":  [ 0, 15, 0 ],
			"scale":  [ 1.5, 1.5, 1.5 ]
		},
		"ground": {
			"rotation":  [ -25, 0, 0 ],
			"translation":  [ 0, 5, 0 ],
			"scale":  [ 0.5, 0.5, 0.5 ]
		},
		"fixed": {
			"rotation":  [ -90, 180, 0 ],
			"translation":  [ 0, -3, -2 ],
			"scale":  [ 0.8, 0.8, 0.8 ]
		}
	}
}