{
	"credit": "Made with Blockbench",
	"textures": {
		"texture": "new_bow/2"
	},
	"elements": [
		{
			"from": [7.5, 3.5, 4.6],
			"to": [8.5, 4.5, 14.4],
			"faces": {
				"north": {"uv": [1.5, 13.5, 2.5, 14.5], "texture": "#texture"},
				"east": {"uv": [1.5, 13, 2.5, 14.5], "texture": "#texture"},
				"south": {"uv": [1.5, 13.5, 2.5, 14.5], "texture": "#texture"},
				"west": {"uv": [1.5, 13, 2.5, 14.5], "texture": "#texture"},
				"up": {"uv": [1, 13.5, 3, 15], "texture": "#texture"},
				"down": {"uv": [1, 13.5, 3, 15], "texture": "#texture"}
			}
		},
		{
			"from": [7.5, 5, 11],
			"to": [8.5, 6, 12.5],
			"faces": {
				"north": {"uv": [8, 13.5, 9, 14.5], "texture": "#texture"},
				"east": {"uv": [8.5, 13.5, 10, 14.5], "texture": "#texture"},
				"south": {"uv": [8, 13.5, 9, 14.5], "texture": "#texture"},
				"west": {"uv": [8.5, 13.5, 10, 14.5], "texture": "#texture"},
				"up": {"uv": [8, 13, 9, 14.5], "texture": "#texture"},
				"down": {"uv": [8, 13, 9, 14.5], "texture": "#texture"}
			}
		},
		{
			"from": [7.5, 4.5, 11.5],
			"to": [8.5, 5, 12],
			"faces": {
				"north": {"uv": [5.5, 14, 6.5, 14.5], "texture": "#texture"},
				"east": {"uv": [5.5, 13, 6, 13.5], "texture": "#texture"},
				"south": {"uv": [5, 13, 6, 13.5], "texture": "#texture"},
				"west": {"uv": [5.5, 13.5, 6, 14], "texture": "#texture"},
				"up": {"uv": [4.5, 13.5, 5.5, 14], "texture": "#texture"},
				"down": {"uv": [6, 14.5, 5, 14], "texture": "#texture"}
			}
		},
		{
			"from": [7.25, 4.75, 10.125],
			"to": [8.75, 6.25, 11.125],
			"faces": {
				"north": {"uv": [8, 13, 10, 15], "texture": "#texture"},
				"east": {"uv": [8, 13.5, 9, 15.5], "texture": "#texture"},
				"south": {"uv": [8, 13, 10, 15], "texture": "#texture"},
				"west": {"uv": [8, 13.5, 9, 15.5], "texture": "#texture"},
				"up": {"uv": [8, 14, 10, 15], "texture": "#texture"},
				"down": {"uv": [8, 14, 10, 15], "texture": "#texture"}
			}
		},
		{
			"from": [7, 3.5625, 4.5],
			"to": [9, 4.3125, 14.5],
			"faces": {
				"north": {"uv": [10.5, 7.5, 16, 16], "rotation": 270, "texture": "#texture"},
				"east": {"uv": [10.5, 7.5, 16, 16], "texture": "#texture"},
				"south": {"uv": [10.5, 7.5, 16, 16], "texture": "#texture"},
				"west": {"uv": [10.5, 7.5, 16, 16], "texture": "#texture"},
				"up": {"uv": [10.5, 7.5, 16, 16], "texture": "#texture"},
				"down": {"uv": [10.5, 7.5, 16, 16], "texture": "#texture"}
			}
		},
		{
			"from": [6.5, 2.5, 5.5],
			"to": [9.5, 4, 7],
			"faces": {
				"north": {"uv": [5, 13, 8, 14], "texture": "#texture"},
				"east": {"uv": [6, 13.5, 8, 14.5], "texture": "#texture"},
				"south": {"uv": [5, 14, 8, 15], "texture": "#texture"},
				"west": {"uv": [6, 13.5, 8, 14.5], "texture": "#texture"},
				"up": {"uv": [5.5, 13, 8.5, 15], "texture": "#texture"},
				"down": {"uv": [8, 15.5, 5, 13.5], "texture": "#texture"}
			}
		},
		{
			"from": [4.5, 3.5, 6],
			"to": [6.5, 4, 6.5],
			"faces": {
				"north": {"uv": [6, 13.5, 8, 14.5], "texture": "#texture"},
				"east": {"uv": [4.5, 14.5, 5, 15.5], "texture": "#texture"},
				"south": {"uv": [6, 13.5, 8, 14.5], "texture": "#texture"},
				"west": {"uv": [8.5, 15, 9, 16], "texture": "#texture"},
				"up": {"uv": [6.5, 13, 8.5, 13.5], "texture": "#texture"},
				"down": {"uv": [9, 14.5, 7, 14], "texture": "#texture"}
			}
		},
		{
			"from": [4, 2.5, 5.5],
			"to": [4.5, 4, 7],
			"faces": {
				"north": {"uv": [5, 13, 8, 14], "texture": "#texture"},
				"east": {"uv": [6, 13.5, 8, 14.5], "texture": "#texture"},
				"south": {"uv": [5, 14, 8, 15], "texture": "#texture"},
				"west": {"uv": [6, 13.5, 8, 14.5], "texture": "#texture"},
				"up": {"uv": [5.5, 13, 8.5, 15], "texture": "#texture"},
				"down": {"uv": [8, 15.5, 5, 13.5], "texture": "#texture"}
			}
		},
		{
			"from": [4.5, 2.9375, 5.5],
			"to": [6.5, 3, 6],
			"faces": {
				"north": {"uv": [1, 13, 3, 13.5], "texture": "#texture"},
				"east": {"uv": [2, 13, 2.5, 13.5], "texture": "#texture"},
				"south": {"uv": [1, 13, 3, 13.5], "texture": "#texture"},
				"west": {"uv": [2, 13, 2.5, 13.5], "texture": "#texture"},
				"up": {"uv": [0.5, 14.5, 2.5, 15], "texture": "#texture"},
				"down": {"uv": [0.5, 14.5, 2.5, 15], "texture": "#texture"}
			}
		},
		{
			"from": [9.5, 2.9375, 5.5],
			"to": [11.5, 3, 6],
			"faces": {
				"north": {"uv": [1, 13, 3, 13.5], "texture": "#texture"},
				"east": {"uv": [2, 13, 2.5, 13.5], "texture": "#texture"},
				"south": {"uv": [1, 13, 3, 13.5], "texture": "#texture"},
				"west": {"uv": [2, 13, 2.5, 13.5], "texture": "#texture"},
				"up": {"uv": [0.5, 14.5, 2.5, 15], "texture": "#texture"},
				"down": {"uv": [0.5, 14.5, 2.5, 15], "texture": "#texture"}
			}
		},
		{
			"from": [4.5, 2.9375, 6.5],
			"to": [6.5, 3, 7],
			"faces": {
				"north": {"uv": [1, 13, 3, 13.5], "texture": "#texture"},
				"east": {"uv": [2, 13, 2.5, 13.5], "texture": "#texture"},
				"south": {"uv": [1, 13, 3, 13.5], "texture": "#texture"},
				"west": {"uv": [2, 13, 2.5, 13.5], "texture": "#texture"},
				"up": {"uv": [0.5, 14.5, 2.5, 15], "texture": "#texture"},
				"down": {"uv": [0.5, 14.5, 2.5, 15], "texture": "#texture"}
			}
		},
		{
			"from": [9.5, 2.9375, 6.5],
			"to": [11.5, 3, 7],
			"faces": {
				"north": {"uv": [1, 13, 3, 13.5], "texture": "#texture"},
				"east": {"uv": [2, 13, 2.5, 13.5], "texture": "#texture"},
				"south": {"uv": [1, 13, 3, 13.5], "texture": "#texture"},
				"west": {"uv": [2, 13, 2.5, 13.5], "texture": "#texture"},
				"up": {"uv": [0.5, 14.5, 2.5, 15], "texture": "#texture"},
				"down": {"uv": [0.5, 14.5, 2.5, 15], "texture": "#texture"}
			}
		},
		{
			"from": [11.5, 2.75, 5.5],
			"to": [13, 3.25, 6],
			"faces": {
				"north": {"uv": [9.5, 7, 11.5, 8.5], "texture": "#texture"},
				"east": {"uv": [9.5, 6.5, 12, 8.5], "texture": "#texture"},
				"south": {"uv": [9.5, 7, 11.5, 8.5], "texture": "#texture"},
				"west": {"uv": [9.5, 6.5, 12, 8.5], "texture": "#texture"},
				"up": {"uv": [9.5, 7, 11.5, 8], "texture": "#texture"},
				"down": {"uv": [9.5, 7, 11.5, 8], "texture": "#texture"}
			}
		},
		{
			"from": [11.5, 2.75, 6.5],
			"to": [13, 3.25, 7],
			"faces": {
				"north": {"uv": [9.5, 7, 11.5, 8.5], "texture": "#texture"},
				"east": {"uv": [9.5, 6.5, 12, 8.5], "texture": "#texture"},
				"south": {"uv": [9.5, 7, 11.5, 8.5], "texture": "#texture"},
				"west": {"uv": [9.5, 6.5, 12, 8.5], "texture": "#texture"},
				"up": {"uv": [9.5, 7, 11.5, 8], "texture": "#texture"},
				"down": {"uv": [9.5, 7, 11.5, 8], "texture": "#texture"}
			}
		},
		{
			"from": [6.5, 3, 10],
			"to": [9.5, 4, 13.5],
			"faces": {
				"north": {"uv": [5, 13, 8, 14], "texture": "#texture"},
				"east": {"uv": [6, 13.5, 8, 14.5], "texture": "#texture"},
				"south": {"uv": [5, 14, 8, 15], "texture": "#texture"},
				"west": {"uv": [6, 13.5, 8, 14.5], "texture": "#texture"},
				"up": {"uv": [5.5, 13, 8.5, 15], "texture": "#texture"},
				"down": {"uv": [8, 15.5, 5, 13.5], "texture": "#texture"}
			}
		},
		{
			"from": [5, 4, 3.5],
			"to": [8, 4.6, 4],
			"rotation": {"angle": -22.5, "axis": "y", "origin": [5, 4, 3.5]},
			"faces": {
				"north": {"uv": [2.5, 12, 5.5, 16], "texture": "#texture"},
				"east": {"uv": [3, 12, 5, 16], "texture": "#texture"},
				"south": {"uv": [2.5, 12, 5.5, 16], "texture": "#texture"},
				"west": {"uv": [3, 12, 5, 16], "texture": "#texture"},
				"up": {"uv": [2.5, 12, 5.5, 16], "texture": "#texture"},
				"down": {"uv": [2.5, 12, 5.5, 16], "texture": "#texture"}
			}
		},
		{
			"from": [8.3, 4, 4.5],
			"to": [11.5, 4.5, 5],
			"rotation": {"angle": 22.5, "axis": "y", "origin": [8.5, 4, 4.5]},
			"faces": {
				"north": {"uv": [2.5, 12, 5.5, 16], "texture": "#texture"},
				"east": {"uv": [3, 12, 5, 16], "texture": "#texture"},
				"south": {"uv": [2.5, 12, 5.5, 16], "texture": "#texture"},
				"west": {"uv": [3, 12, 5, 16], "texture": "#texture"},
				"up": {"uv": [2.5, 12, 5.5, 16], "texture": "#texture"},
				"down": {"uv": [2.5, 12, 5.5, 16], "texture": "#texture"}
			}
		},
		{
			"from": [3.5, 4.5, 3.95671],
			"to": [6, 5, 4.45671],
			"rotation": {"angle": 22.5, "axis": "y", "origin": [3.5, 4.5, 3.95671]},
			"faces": {
				"north": {"uv": [0, 0, 7.5, 2.5], "texture": "#texture"},
				"east": {"uv": [0, 0, 7.5, 2.5], "texture": "#texture"},
				"south": {"uv": [0, 0, 7.5, 2.5], "texture": "#texture"},
				"west": {"uv": [0, 0, 7.5, 2.5], "texture": "#texture"},
				"up": {"uv": [0, 0, 7.5, 2.5], "texture": "#texture"},
				"down": {"uv": [0, 0, 7.5, 2.5], "texture": "#texture"}
			}
		},
		{
			"from": [10.5, 4.5, 3],
			"to": [13, 5, 3.5],
			"rotation": {"angle": -22.5, "axis": "y", "origin": [10.5, 4.5, 3]},
			"faces": {
				"north": {"uv": [0, 0, 7.5, 2.5], "texture": "#texture"},
				"east": {"uv": [0, 0, 7.5, 2.5], "texture": "#texture"},
				"south": {"uv": [0, 0, 7.5, 2.5], "texture": "#texture"},
				"west": {"uv": [0, 0, 7.5, 2.5], "texture": "#texture"},
				"up": {"uv": [0, 0, 7.5, 2.5], "texture": "#texture"},
				"down": {"uv": [0, 0, 7.5, 2.5], "texture": "#texture"}
			}
		},
		{
			"from": [10.5, 3.5, 3],
			"to": [13, 4, 3.5],
			"rotation": {"angle": -22.5, "axis": "y", "origin": [10.5, 3.5, 3]},
			"faces": {
				"north": {"uv": [0, 0, 7.5, 2.5], "texture": "#texture"},
				"east": {"uv": [0, 0, 7.5, 2.5], "texture": "#texture"},
				"south": {"uv": [0, 0, 7.5, 2.5], "texture": "#texture"},
				"west": {"uv": [0, 0, 7.5, 2.5], "texture": "#texture"},
				"up": {"uv": [0, 0, 7.5, 2.5], "texture": "#texture"},
				"down": {"uv": [0, 0, 7.5, 2.5], "texture": "#texture"}
			}
		},
		{
			"from": [3.5, 3.5, 4],
			"to": [6, 4, 4.5],
			"rotation": {"angle": 22.5, "axis": "y", "origin": [3.5, 3.5, 4]},
			"faces": {
				"north": {"uv": [0, 0, 7.5, 2.5], "texture": "#texture"},
				"east": {"uv": [0, 0, 7.5, 2.5], "texture": "#texture"},
				"south": {"uv": [0, 0, 7.5, 2.5], "texture": "#texture"},
				"west": {"uv": [0, 0, 7.5, 2.5], "texture": "#texture"},
				"up": {"uv": [0, 0, 7.5, 2.5], "texture": "#texture"},
				"down": {"uv": [0, 0, 7.5, 2.5], "texture": "#texture"}
			}
		},
		{
			"from": [2, 3.5, 5.5],
			"to": [4.5, 4, 6],
			"rotation": {"angle": 45, "axis": "y", "origin": [2, 3.5, 5.5]},
			"faces": {
				"north": {"uv": [0, 0, 7.5, 2.5], "texture": "#texture"},
				"east": {"uv": [0, 0, 7.5, 2.5], "texture": "#texture"},
				"south": {"uv": [0, 0, 7.5, 2.5], "texture": "#texture"},
				"west": {"uv": [0, 0, 7.5, 2.5], "texture": "#texture"},
				"up": {"uv": [0, 0, 7.5, 2.5], "texture": "#texture"},
				"down": {"uv": [0, 0, 7.5, 2.5], "texture": "#texture"}
			}
		},
		{
			"from": [2, 4.5, 5.5],
			"to": [4.5, 5, 6],
			"rotation": {"angle": 45, "axis": "y", "origin": [2, 4.5, 5.5]},
			"faces": {
				"north": {"uv": [0, 0, 7.5, 2.5], "texture": "#texture"},
				"east": {"uv": [0, 0, 7.5, 2.5], "texture": "#texture"},
				"south": {"uv": [0, 0, 7.5, 2.5], "texture": "#texture"},
				"west": {"uv": [0, 0, 7.5, 2.5], "texture": "#texture"},
				"up": {"uv": [0, 0, 7.5, 2.5], "texture": "#texture"},
				"down": {"uv": [0, 0, 7.5, 2.5], "texture": "#texture"}
			}
		},
		{
			"from": [12.5, 4.5, 3.6875],
			"to": [15, 5, 4.1875],
			"rotation": {"angle": -45, "axis": "y", "origin": [12.5, 4.5, 3.6875]},
			"faces": {
				"north": {"uv": [0, 0, 7.5, 2.5], "texture": "#texture"},
				"east": {"uv": [0, 0, 7.5, 2.5], "texture": "#texture"},
				"south": {"uv": [0, 0, 7.5, 2.5], "texture": "#texture"},
				"west": {"uv": [0, 0, 7.5, 2.5], "texture": "#texture"},
				"up": {"uv": [0, 0, 7.5, 2.5], "texture": "#texture"},
				"down": {"uv": [0, 0, 7.5, 2.5], "texture": "#texture"}
			}
		},
		{
			"from": [12.5, 3.5, 3.75],
			"to": [15, 4, 4.25],
			"rotation": {"angle": -45, "axis": "y", "origin": [12.5, 3.5, 3.75]},
			"faces": {
				"north": {"uv": [0, 0, 7.5, 2.5], "texture": "#texture"},
				"east": {"uv": [0, 0, 7.5, 2.5], "texture": "#texture"},
				"south": {"uv": [0, 0, 7.5, 2.5], "texture": "#texture"},
				"west": {"uv": [0, 0, 7.5, 2.5], "texture": "#texture"},
				"up": {"uv": [0, 0, 7.5, 2.5], "texture": "#texture"},
				"down": {"uv": [0, 0, 7.5, 2.5], "texture": "#texture"}
			}
		}
	],
	"display": {
		"thirdperson_righthand": {
			"translation": [0, 6.05, -1.13],
			"scale": [1.5, 1.5, 1.5]
		},
		"thirdperson_lefthand": {
			"translation": [0, 6.05, -1.13],
			"scale": [1.5, 1.5, 1.5]
		},
		"firstperson_righthand": {
			"rotation": [4, 3, 3],
			"translation": [0, 5.1, 0]
		},
		"firstperson_lefthand": {
			"rotation": [4, 3, 3],
			"translation": [0, 5.1, 0]
		},
		"ground": {
			"translation": [0, 5.7, 0]
		},
		"gui": {
			"rotation": [90, 45, 0],
			"translation": [0.25, -0.55, 0],
			"scale": [1.37, 1.37, 1.37]
		},
		"head": {
			"translation": [0, 13.42, -1.51],
			"scale": [1.5, 1.5, 1.5]
		},
		"fixed": {
			"rotation": [90, -45, 180],
			"translation": [1, -0.38, -7.25],
			"scale": [1.37, 1.37, 1.37]
		}
	}
}