{"credit":"Made with Blockbench","textures":{"texture":"3dfantasyweaponscit:item/nongfu/crimsoncleaver"},"elements":[{"name":"z3DCrimsonCleaver x128","from":[6.875,5.5,7.75],"to":[9.125,6.5,8.25],"faces":{"north":{"uv":[9.125,9.5,6.875,10.5],"texture":"#texture"},"east":{"uv":[9.125,9.5,9,10.5],"texture":"#texture"},"south":{"uv":[6.875,9.5,9.125,10.5],"texture":"#texture"},"west":{"uv":[6.875,9.5,7,10.5],"texture":"#texture"},"up":{"uv":[6.875,9.625,9.125,9.5],"texture":"#texture"},"down":{"uv":[6.875,10.375,9.125,10.5],"texture":"#texture"}}},{"name":"z3DCrimsonCleaver x128","from":[7,5.375,7.75],"to":[9,5.5,8.25],"faces":{"north":{"uv":[9,10.5,7,10.625],"texture":"#texture"},"east":{"uv":[9,10.5,8.875,10.625],"texture":"#texture"},"south":{"uv":[7,10.5,9,10.625],"texture":"#texture"},"west":{"uv":[7,10.5,7.125,10.625],"texture":"#texture"},"down":{"uv":[7,10.5,9,10.625],"texture":"#texture"}}},{"name":"z3DCrimsonCleaver x128","from":[7.125,13.125,7.875],"to":[8.875,13.25,8.125],"faces":{"north":{"uv":[8.875,2.75,7.125,2.875],"texture":"#texture"},"east":{"uv":[8.875,2.75,8.75,2.875],"texture":"#texture"},"south":{"uv":[7.125,2.75,8.875,2.875],"texture":"#texture"},"west":{"uv":[7.125,2.75,7.25,2.875],"texture":"#texture"},"up":{"uv":[7.125,2.875,8.875,2.75],"texture":"#texture"},"down":{"uv":[7.125,2.75,8.875,2.875],"texture":"#texture"}}},{"name":"z3DCrimsonCleaver x128","from":[7.25,5.25,7.75],"to":[8.75,5.375,8.25],"faces":{"north":{"uv":[8.75,10.625,7.25,10.75],"texture":"#texture"},"east":{"uv":[8.75,10.625,8.625,10.75],"texture":"#texture"},"south":{"uv":[7.25,10.625,8.75,10.75],"texture":"#texture"},"west":{"uv":[7.25,10.625,7.375,10.75],"texture":"#texture"},"down":{"uv":[7.25,10.625,8.75,10.75],"texture":"#texture"}}},{"name":"z3DCrimsonCleaver x128","from":[7.5,5.125,7.75],"to":[8.5,5.25,8.25],"faces":{"north":{"uv":[8.5,10.75,7.5,10.875],"texture":"#texture"},"east":{"uv":[8.5,10.75,8.375,10.875],"texture":"#texture"},"south":{"uv":[7.5,10.75,8.5,10.875],"texture":"#texture"},"west":{"uv":[7.5,10.75,7.625,10.875],"texture":"#texture"},"down":{"uv":[7.5,10.75,8.5,10.875],"texture":"#texture"}}},{"name":"z3DCrimsonCleaver x128","from":[7.5,1.25,7.75],"to":[8.5,1.5,8.25],"faces":{"north":{"uv":[8.5,14.5,7.5,14.75],"texture":"#texture"},"east":{"uv":[8.5,14.5,8.375,14.75],"texture":"#texture"},"south":{"uv":[7.5,14.5,8.5,14.75],"texture":"#texture"},"west":{"uv":[7.5,14.5,7.625,14.75],"texture":"#texture"},"up":{"uv":[7.5,14.625,8.5,14.5],"texture":"#texture"},"down":{"uv":[7.5,14.625,8.5,14.75],"texture":"#texture"}}},{"name":"z3DCrimsonCleaver x128","from":[7.625,1.5,7.75],"to":[8.375,1.875,8.25],"faces":{"north":{"uv":[8.375,14.125,7.625,14.5],"texture":"#texture"},"east":{"uv":[8.375,14.125,8.25,14.5],"texture":"#texture"},"south":{"uv":[7.625,14.125,8.375,14.5],"texture":"#texture"},"west":{"uv":[7.625,14.125,7.75,14.5],"texture":"#texture"},"up":{"uv":[7.625,14.25,8.375,14.125],"texture":"#texture"}}},{"name":"z3DCrimsonCleaver x128","from":[7.625,0.875,7.75],"to":[8.375,1.25,8.25],"faces":{"north":{"uv":[8.375,14.75,7.625,15.125],"texture":"#texture"},"east":{"uv":[8.375,14.75,8.25,15.125],"texture":"#texture"},"south":{"uv":[7.625,14.75,8.375,15.125],"texture":"#texture"},"west":{"uv":[7.625,14.75,7.75,15.125],"texture":"#texture"},"down":{"uv":[7.625,15,8.375,15.125],"texture":"#texture"}}},{"name":"z3DCrimsonCleaver x128","from":[7.75,4.625,7.75],"to":[8.25,5.125,8.25],"faces":{"north":{"uv":[8.25,10.875,7.75,11.375],"texture":"#texture"},"east":{"uv":[8.25,10.875,8.125,11.375],"texture":"#texture"},"south":{"uv":[7.75,10.875,8.25,11.375],"texture":"#texture"},"west":{"uv":[7.75,10.875,7.875,11.375],"texture":"#texture"},"down":{"uv":[7.75,11.25,8.25,11.375],"texture":"#texture"}}},{"name":"z3DCrimsonCleaver x128","from":[7.75,4,7.75],"to":[8.25,4.5,8.25],"faces":{"north":{"uv":[8.25,11.5,7.75,12],"texture":"#texture"},"east":{"uv":[8.25,11.5,8.125,12],"texture":"#texture"},"south":{"uv":[7.75,11.5,8.25,12],"texture":"#texture"},"west":{"uv":[7.75,11.5,7.875,12],"texture":"#texture"},"up":{"uv":[7.75,11.625,8.25,11.5],"texture":"#texture"},"down":{"uv":[7.75,11.875,8.25,12],"texture":"#texture"}}},{"name":"z3DCrimsonCleaver x128","from":[7.75,3.375,7.75],"to":[8.25,3.875,8.25],"faces":{"north":{"uv":[8.25,12.125,7.75,12.625],"texture":"#texture"},"east":{"uv":[8.25,12.125,8.125,12.625],"texture":"#texture"},"south":{"uv":[7.75,12.125,8.25,12.625],"texture":"#texture"},"west":{"uv":[7.75,12.125,7.875,12.625],"texture":"#texture"},"up":{"uv":[7.75,12.25,8.25,12.125],"texture":"#texture"},"down":{"uv":[7.75,12.5,8.25,12.625],"texture":"#texture"}}},{"name":"z3DCrimsonCleaver x128","from":[7.75,2.75,7.75],"to":[8.25,3.25,8.25],"faces":{"north":{"uv":[8.25,12.75,7.75,13.25],"texture":"#texture"},"east":{"uv":[8.25,12.75,8.125,13.25],"texture":"#texture"},"south":{"uv":[7.75,12.75,8.25,13.25],"texture":"#texture"},"west":{"uv":[7.75,12.75,7.875,13.25],"texture":"#texture"},"up":{"uv":[7.75,12.875,8.25,12.75],"texture":"#texture"},"down":{"uv":[7.75,13.125,8.25,13.25],"texture":"#texture"}}},{"name":"z3DCrimsonCleaver x128","from":[7.75,1.875,7.75],"to":[8.25,2.25,8.25],"faces":{"north":{"uv":[8.25,13.75,7.75,14.125],"texture":"#texture"},"east":{"uv":[8.25,13.75,8.125,14.125],"texture":"#texture"},"south":{"uv":[7.75,13.75,8.25,14.125],"texture":"#texture"},"west":{"uv":[7.75,13.75,7.875,14.125],"texture":"#texture"},"up":{"uv":[7.75,13.875,8.25,13.75],"texture":"#texture"}}},{"name":"z3DCrimsonCleaver x128","from":[7.75,0.5,7.75],"to":[8.25,0.875,8.25],"faces":{"north":{"uv":[8.25,15.125,7.75,15.5],"texture":"#texture"},"east":{"uv":[8.25,15.125,8.125,15.5],"texture":"#texture"},"south":{"uv":[7.75,15.125,8.25,15.5],"texture":"#texture"},"west":{"uv":[7.75,15.125,7.875,15.5],"texture":"#texture"},"down":{"uv":[7.75,15.375,8.25,15.5],"texture":"#texture"}}},{"name":"z3DCrimsonCleaver x128","from":[7.875,4.5,7.75],"to":[8.125,4.625,8.25],"faces":{"north":{"uv":[8.125,11.375,7.875,11.5],"texture":"#texture"},"east":{"uv":[8.125,11.375,8,11.5],"texture":"#texture"},"south":{"uv":[7.875,11.375,8.125,11.5],"texture":"#texture"},"west":{"uv":[7.875,11.375,8,11.5],"texture":"#texture"}}},{"name":"z3DCrimsonCleaver x128","from":[7.875,3.875,7.75],"to":[8.125,4,8.25],"faces":{"north":{"uv":[8.125,12,7.875,12.125],"texture":"#texture"},"east":{"uv":[8.125,12,8,12.125],"texture":"#texture"},"south":{"uv":[7.875,12,8.125,12.125],"texture":"#texture"},"west":{"uv":[7.875,12,8,12.125],"texture":"#texture"}}},{"name":"z3DCrimsonCleaver x128","from":[7.875,3.25,7.75],"to":[8.125,3.375,8.25],"faces":{"north":{"uv":[8.125,12.625,7.875,12.75],"texture":"#texture"},"east":{"uv":[8.125,12.625,8,12.75],"texture":"#texture"},"south":{"uv":[7.875,12.625,8.125,12.75],"texture":"#texture"},"west":{"uv":[7.875,12.625,8,12.75],"texture":"#texture"}}},{"name":"z3DCrimsonCleaver x128","from":[7.875,2.25,7.75],"to":[8.125,2.75,8.25],"faces":{"north":{"uv":[8.125,13.25,7.875,13.75],"texture":"#texture"},"east":{"uv":[8.125,13.25,8,13.75],"texture":"#texture"},"south":{"uv":[7.875,13.25,8.125,13.75],"texture":"#texture"},"west":{"uv":[7.875,13.25,8,13.75],"texture":"#texture"}}},{"name":"z3DCrimsonCleaver x128","from":[7.875,0.25,7.75],"to":[8.125,0.5,8.25],"faces":{"north":{"uv":[8.125,15.5,7.875,15.75],"texture":"#texture"},"east":{"uv":[8.125,15.5,8,15.75],"texture":"#texture"},"south":{"uv":[7.875,15.5,8.125,15.75],"texture":"#texture"},"west":{"uv":[7.875,15.5,8,15.75],"texture":"#texture"},"down":{"uv":[7.875,15.625,8.125,15.75],"texture":"#texture"}}},{"name":"Element","from":[7.25,6.5,7.75],"to":[8.75,13.375,8.25],"faces":{"north":{"uv":[8.75,2.625,7.25,9.5],"texture":"#texture"},"east":{"uv":[8.75,2.625,8.625,9.5],"texture":"#texture"},"south":{"uv":[7.25,2.625,8.75,9.5],"texture":"#texture"},"west":{"uv":[7.25,2.625,7.375,9.5],"texture":"#texture"},"up":{"uv":[7.25,2.75,8.75,2.625],"texture":"#texture"}}},{"name":"Element","from":[7,6.5,7.875],"to":[7.25,13.125,8.125],"faces":{"north":{"uv":[7.25,2.875,7,9.5],"texture":"#texture"},"south":{"uv":[7,2.875,7.25,9.5],"texture":"#texture"},"west":{"uv":[7,2.875,7.125,9.5],"texture":"#texture"},"up":{"uv":[7,3,7.25,2.875],"texture":"#texture"}}},{"name":"Element","from":[8.75,6.5,7.875],"to":[9,13.125,8.125],"faces":{"north":{"uv":[9,2.875,8.75,9.5],"texture":"#texture"},"east":{"uv":[9,2.875,8.875,9.5],"texture":"#texture"},"south":{"uv":[8.75,2.875,9,9.5],"texture":"#texture"},"up":{"uv":[8.75,3,9,2.875],"texture":"#texture"}}},{"name":"Element","from":[7.875,4.625,7.625],"to":[8.125,5.125,8.375],"faces":{"north":{"uv":[8.125,10.875,7.875,11.375],"texture":"#texture"},"east":{"uv":[8.125,10.875,8,11.375],"texture":"#texture"},"south":{"uv":[7.875,10.875,8.125,11.375],"texture":"#texture"},"west":{"uv":[7.875,10.875,8,11.375],"texture":"#texture"},"up":{"uv":[7.875,11,8.125,10.875],"texture":"#texture"},"down":{"uv":[7.875,11.25,8.125,11.375],"texture":"#texture"}}},{"name":"Element","from":[7.875,4,7.625],"to":[8.125,4.5,8.375],"faces":{"north":{"uv":[8.125,11.5,7.875,12],"texture":"#texture"},"east":{"uv":[8.125,11.5,8,12],"texture":"#texture"},"south":{"uv":[7.875,11.5,8.125,12],"texture":"#texture"},"west":{"uv":[7.875,11.5,8,12],"texture":"#texture"},"up":{"uv":[7.875,11.625,8.125,11.5],"texture":"#texture"},"down":{"uv":[7.875,11.875,8.125,12],"texture":"#texture"}}},{"name":"Element","from":[7.875,3.375,7.625],"to":[8.125,3.875,8.375],"faces":{"north":{"uv":[8.125,12.125,7.875,12.625],"texture":"#texture"},"east":{"uv":[8.125,12.125,8,12.625],"texture":"#texture"},"south":{"uv":[7.875,12.125,8.125,12.625],"texture":"#texture"},"west":{"uv":[7.875,12.125,8,12.625],"texture":"#texture"},"up":{"uv":[7.875,12.25,8.125,12.125],"texture":"#texture"},"down":{"uv":[7.875,12.5,8.125,12.625],"texture":"#texture"}}},{"name":"Element","from":[7.875,2.75,7.625],"to":[8.125,3.25,8.375],"faces":{"north":{"uv":[8.125,12.75,7.875,13.25],"texture":"#texture"},"east":{"uv":[8.125,12.75,8,13.25],"texture":"#texture"},"south":{"uv":[7.875,12.75,8.125,13.25],"texture":"#texture"},"west":{"uv":[7.875,12.75,8,13.25],"texture":"#texture"},"up":{"uv":[7.875,12.875,8.125,12.75],"texture":"#texture"},"down":{"uv":[7.875,13.125,8.125,13.25],"texture":"#texture"}}},{"name":"Element","from":[7,5.5,7.625],"to":[7.25,6.375,8.375],"faces":{"north":{"uv":[7.25,9.625,7,10.5],"texture":"#texture"},"east":{"uv":[7.25,9.625,7.125,10.5],"texture":"#texture"},"south":{"uv":[7,9.625,7.25,10.5],"texture":"#texture"},"west":{"uv":[7,9.625,7.125,10.5],"texture":"#texture"},"up":{"uv":[7,9.75,7.25,9.625],"texture":"#texture"},"down":{"uv":[7,10.375,7.25,10.5],"texture":"#texture"}}},{"name":"Element","from":[7.25,5.375,7.625],"to":[7.5,6.25,8.375],"faces":{"north":{"uv":[7.5,9.75,7.25,10.625],"texture":"#texture"},"east":{"uv":[7.5,9.75,7.375,10.625],"texture":"#texture"},"south":{"uv":[7.25,9.75,7.5,10.625],"texture":"#texture"},"west":{"uv":[7.25,9.75,7.375,10.625],"texture":"#texture"},"up":{"uv":[7.25,9.875,7.5,9.75],"texture":"#texture"},"down":{"uv":[7.25,10.5,7.5,10.625],"texture":"#texture"}}},{"name":"Element","from":[7.5,5.375,7.625],"to":[7.75,6.125,8.375],"faces":{"north":{"uv":[7.75,9.875,7.5,10.625],"texture":"#texture"},"east":{"uv":[7.75,9.875,7.625,10.625],"texture":"#texture"},"south":{"uv":[7.5,9.875,7.75,10.625],"texture":"#texture"},"up":{"uv":[7.5,10,7.75,9.875],"texture":"#texture"},"down":{"uv":[7.5,10.5,7.75,10.625],"texture":"#texture"}}},{"name":"Element","from":[7.75,5.25,7.625],"to":[8.25,6,8.375],"faces":{"north":{"uv":[8.25,10,7.75,10.75],"texture":"#texture"},"south":{"uv":[7.75,10,8.25,10.75],"texture":"#texture"},"west":{"uv":[7.75,10,7.875,10.75],"texture":"#texture"},"up":{"uv":[7.75,10.125,8.25,10],"texture":"#texture"},"down":{"uv":[7.75,10.625,8.25,10.75],"texture":"#texture"}}},{"name":"Element","from":[8.25,5.25,7.625],"to":[8.5,6.125,8.375],"faces":{"north":{"uv":[8.5,9.875,8.25,10.75],"texture":"#texture"},"east":{"uv":[8.5,9.875,8.375,10.75],"texture":"#texture"},"south":{"uv":[8.25,9.875,8.5,10.75],"texture":"#texture"},"west":{"uv":[8.25,9.875,8.375,10.75],"texture":"#texture"},"up":{"uv":[8.25,10,8.5,9.875],"texture":"#texture"},"down":{"uv":[8.25,10.625,8.5,10.75],"texture":"#texture"}}},{"name":"Element","from":[8.5,5.375,7.625],"to":[8.75,6.25,8.375],"faces":{"north":{"uv":[8.75,9.75,8.5,10.625],"texture":"#texture"},"east":{"uv":[8.75,9.75,8.625,10.625],"texture":"#texture"},"south":{"uv":[8.5,9.75,8.75,10.625],"texture":"#texture"},"west":{"uv":[8.5,9.75,8.625,10.625],"texture":"#texture"},"up":{"uv":[8.5,9.875,8.75,9.75],"texture":"#texture"},"down":{"uv":[8.5,10.5,8.75,10.625],"texture":"#texture"}}},{"name":"Element","from":[8.75,5.5,7.625],"to":[9,6.375,8.375],"faces":{"north":{"uv":[9,9.625,8.75,10.5],"texture":"#texture"},"east":{"uv":[9,9.625,8.875,10.5],"texture":"#texture"},"south":{"uv":[8.75,9.625,9,10.5],"texture":"#texture"},"west":{"uv":[8.75,9.625,8.875,10.5],"texture":"#texture"},"up":{"uv":[8.75,9.75,9,9.625],"texture":"#texture"},"down":{"uv":[8.75,10.375,9,10.5],"texture":"#texture"}}},{"name":"Element","from":[8.625,6,7.5],"to":[8.875,6.125,8.5],"faces":{"north":{"uv":[8.875,9.875,8.625,10],"texture":"#texture"},"east":{"uv":[8.875,9.875,8.75,10],"texture":"#texture"},"south":{"uv":[8.625,9.875,8.875,10],"texture":"#texture"},"west":{"uv":[8.625,9.875,8.75,10],"texture":"#texture"},"up":{"uv":[8.625,10,8.875,9.875],"texture":"#texture"},"down":{"uv":[8.625,9.875,8.875,10],"texture":"#texture"}}},{"name":"Element","from":[8.75,5.75,7.5],"to":[8.875,6,8.5],"faces":{"north":{"uv":[8.875,10,8.75,10.25],"texture":"#texture"},"east":{"uv":[8.875,10,8.75,10.25],"texture":"#texture"},"south":{"uv":[8.75,10,8.875,10.25],"texture":"#texture"},"west":{"uv":[8.75,10,8.875,10.25],"texture":"#texture"},"down":{"uv":[8.75,10.125,8.875,10.25],"texture":"#texture"}}},{"name":"Element","from":[8.5,5.625,7.5],"to":[8.75,5.875,8.5],"faces":{"north":{"uv":[8.75,10.125,8.5,10.375],"texture":"#texture"},"east":{"uv":[8.75,10.125,8.625,10.375],"texture":"#texture"},"south":{"uv":[8.5,10.125,8.75,10.375],"texture":"#texture"},"up":{"uv":[8.5,10.25,8.75,10.125],"texture":"#texture"},"down":{"uv":[8.5,10.25,8.75,10.375],"texture":"#texture"}}},{"name":"Element","from":[8.25,5.5,7.5],"to":[8.5,6,8.5],"faces":{"north":{"uv":[8.5,10,8.25,10.5],"texture":"#texture"},"east":{"uv":[8.5,10,8.375,10.5],"texture":"#texture"},"south":{"uv":[8.25,10,8.5,10.5],"texture":"#texture"},"west":{"uv":[8.25,10,8.375,10.5],"texture":"#texture"},"up":{"uv":[8.25,10.125,8.5,10],"texture":"#texture"},"down":{"uv":[8.25,10.375,8.5,10.5],"texture":"#texture"}}},{"name":"Element","from":[7.125,6,7.5],"to":[7.375,6.125,8.5],"faces":{"north":{"uv":[7.375,9.875,7.125,10],"texture":"#texture"},"east":{"uv":[7.375,9.875,7.25,10],"texture":"#texture"},"south":{"uv":[7.125,9.875,7.375,10],"texture":"#texture"},"west":{"uv":[7.125,9.875,7.25,10],"texture":"#texture"},"up":{"uv":[7.125,10,7.375,9.875],"texture":"#texture"},"down":{"uv":[7.125,9.875,7.375,10],"texture":"#texture"}}},{"name":"Element","from":[7.125,5.75,7.5],"to":[7.25,6,8.5],"faces":{"north":{"uv":[7.25,10,7.125,10.25],"texture":"#texture"},"east":{"uv":[7.25,10,7.125,10.25],"texture":"#texture"},"south":{"uv":[7.125,10,7.25,10.25],"texture":"#texture"},"west":{"uv":[7.125,10,7.25,10.25],"texture":"#texture"},"down":{"uv":[7.125,10.125,7.25,10.25],"texture":"#texture"}}},{"name":"Element","from":[7.25,5.625,7.5],"to":[7.5,5.875,8.5],"faces":{"north":{"uv":[7.5,10.125,7.25,10.375],"texture":"#texture"},"south":{"uv":[7.25,10.125,7.5,10.375],"texture":"#texture"},"west":{"uv":[7.25,10.125,7.375,10.375],"texture":"#texture"},"up":{"uv":[7.25,10.25,7.5,10.125],"texture":"#texture"},"down":{"uv":[7.25,10.25,7.5,10.375],"texture":"#texture"}}},{"name":"Element","from":[7.5,5.5,7.5],"to":[7.75,6,8.5],"faces":{"north":{"uv":[7.75,10,7.5,10.5],"texture":"#texture"},"east":{"uv":[7.75,10,7.625,10.5],"texture":"#texture"},"south":{"uv":[7.5,10,7.75,10.5],"texture":"#texture"},"west":{"uv":[7.5,10,7.625,10.5],"texture":"#texture"},"up":{"uv":[7.5,10.125,7.75,10],"texture":"#texture"},"down":{"uv":[7.5,10.375,7.75,10.5],"texture":"#texture"}}},{"name":"Element","from":[7.875,5.5,7.625],"to":[8.125,6.125,8.375],"faces":{"north":{"uv":[8.125,9.875,7.875,10.5],"texture":"#texture"},"east":{"uv":[8.125,9.875,8,10.5],"texture":"#texture"},"south":{"uv":[7.875,9.875,8.125,10.5],"texture":"#texture"},"west":{"uv":[7.875,9.875,8,10.5],"texture":"#texture"},"up":{"uv":[7.875,10,8.125,9.875],"texture":"#texture"}}},{"name":"Element","from":[7.875,0.875,7.5],"to":[8.125,1.875,8.5],"faces":{"north":{"uv":[8.125,14.125,7.875,15.125],"texture":"#texture"},"east":{"uv":[8.125,14.125,8,15.125],"texture":"#texture"},"south":{"uv":[7.875,14.125,8.125,15.125],"texture":"#texture"},"west":{"uv":[7.875,14.125,8,15.125],"texture":"#texture"},"up":{"uv":[7.875,14.25,8.125,14.125],"texture":"#texture"},"down":{"uv":[7.875,15,8.125,15.125],"texture":"#texture"}}},{"name":"Element","from":[7.75,1.25,7.5],"to":[8.25,1.5,8.5],"faces":{"north":{"uv":[8.25,14.5,7.75,14.75],"texture":"#texture"},"east":{"uv":[8.25,14.5,8.125,14.75],"texture":"#texture"},"south":{"uv":[7.75,14.5,8.25,14.75],"texture":"#texture"},"west":{"uv":[7.75,14.5,7.875,14.75],"texture":"#texture"},"up":{"uv":[7.75,14.625,8.25,14.5],"texture":"#texture"},"down":{"uv":[7.75,14.625,8.25,14.75],"texture":"#texture"}}}],"display":{"thirdperson_righthand":{"rotation":[0,90,0],"translation":[0,7,1],"scale":[2.4,2.4,2.4]},"thirdperson_lefthand":{"rotation":[0,-90,0],"translation":[0,7,1],"scale":[2.4,2.4,2.4]},"firstperson_righthand":{"rotation":[17,-90,0],"translation":[2.6,5,-0.008],"scale":[1.6,1.6,1.6]},"firstperson_lefthand":{"rotation":[17,-90,0],"translation":[2.6,5,-0.008],"scale":[1.6,1.6,1.6]},"ground":{"rotation":[0,0,-45],"translation":[0,3.3956,0]},"gui":{"rotation":[0,-180,45],"translation":[1,1,0],"scale":[1.5,1.5,1.5]},"head":{"rotation":[0,0,45],"translation":[0,19,0],"scale":[2,2,2]},"fixed":{"rotation":[0,0,45],"translation":[0,0,-0.5],"scale":[1.7,1.7,1]}}}