{"credit":"Made with Blockbench","textures":{"2":"block/black_concrete","3":"block/blue_wool","4":"block/gray_concrete","5":"block/glass","6":"block/red_stained_glass","7":"block/white_concrete","8":"block/ice","particle":"block/gray_concrete"},"elements":[{"from":[1,6.4,4.5],"to":[2,8.4,10.5],"rotation":{"angle":0,"axis":"y","origin":[2.5,7.4,2.5]},"faces":{"north":{"uv":[0,0,2,4],"rotation":180,"texture":"#2"},"east":{"uv":[0,0,2,4],"rotation":270,"texture":"#2"},"south":{"uv":[0,0,2,4],"texture":"#2"},"west":{"uv":[0,0,2,4],"rotation":90,"texture":"#2"},"up":{"uv":[0,0,2,4],"rotation":180,"texture":"#2"},"down":{"uv":[0,0,2,4],"texture":"#2"}}},{"from":[1,1.53553,0.93553],"to":[2,5.53553,2.93553],"rotation":{"angle":22.5,"axis":"x","origin":[1.5,3.53553,1.93553]},"faces":{"north":{"uv":[0,0,2,4],"texture":"#2"},"east":{"uv":[0,0,2,4],"texture":"#2"},"south":{"uv":[0,0,2,4],"texture":"#2"},"west":{"uv":[0,0,2,4],"texture":"#2"},"up":{"uv":[0,0,2,4],"texture":"#2"},"down":{"uv":[0,0,2,4],"texture":"#2"}}},{"from":[1,1.7,3.2],"to":[2,3.7,7.2],"rotation":{"angle":-45,"axis":"x","origin":[2.5,2.7,0.2]},"faces":{"north":{"uv":[0,0,2,4],"rotation":180,"texture":"#2"},"east":{"uv":[0,0,2,4],"rotation":270,"texture":"#2"},"south":{"uv":[0,0,2,4],"texture":"#2"},"west":{"uv":[0,0,2,4],"rotation":90,"texture":"#2"},"up":{"uv":[0,0,2,4],"rotation":180,"texture":"#2"},"down":{"uv":[0,0,2,4],"texture":"#2"}}},{"from":[1,0,0.3],"to":[2,2.1,2.3],"rotation":{"angle":0,"axis":"y","origin":[9,8,8.3]},"faces":{"north":{"uv":[0,0,2,4],"texture":"#2"},"east":{"uv":[0,0,2,4],"texture":"#2"},"south":{"uv":[0,0,2,4],"texture":"#2"},"west":{"uv":[0,0,2,4],"texture":"#2"},"up":{"uv":[0,0,2,4],"texture":"#2"},"down":{"uv":[0,0,2,4],"texture":"#2"}}},{"from":[1.73553,0,12.73553],"to":[2.73553,2.1,14.73553],"rotation":{"angle":0,"axis":"y","origin":[0.5,2.7,12.1]},"faces":{"north":{"uv":[0,0,2,4],"texture":"#2"},"east":{"uv":[0,0,2,4],"texture":"#2"},"south":{"uv":[0,0,2,4],"texture":"#2"},"west":{"uv":[0,0,2,4],"texture":"#2"},"up":{"uv":[0,0,2,4],"rotation":180,"texture":"#2"},"down":{"uv":[0,0,2,4],"rotation":180,"texture":"#2"}}},{"from":[1,5.3,9.2],"to":[2,7.3,13.2],"rotation":{"angle":45,"axis":"x","origin":[1.5,6.3,11.2]},"faces":{"north":{"uv":[0,0,2,4],"texture":"#2"},"east":{"uv":[0,0,2,4],"rotation":90,"texture":"#2"},"south":{"uv":[0,0,2,4],"rotation":180,"texture":"#2"},"west":{"uv":[0,0,2,4],"rotation":270,"texture":"#2"},"up":{"uv":[0,0,2,4],"texture":"#2"},"down":{"uv":[0,0,2,4],"rotation":180,"texture":"#2"}}},{"from":[1.73553,1.43553,12.1],"to":[2.73553,5.43553,14.1],"rotation":{"angle":-22.5,"axis":"x","origin":[2.23553,3.43553,13.1]},"faces":{"north":{"uv":[0,0,2,4],"texture":"#2"},"east":{"uv":[0,0,2,4],"texture":"#2"},"south":{"uv":[0,0,2,4],"texture":"#2"},"west":{"uv":[0,0,2,4],"texture":"#2"},"up":{"uv":[0,0,2,4],"rotation":180,"texture":"#2"},"down":{"uv":[0,0,2,4],"rotation":180,"texture":"#2"}}},{"from":[2,0,-12],"to":[3,3,-10],"rotation":{"angle":0,"axis":"y","origin":[10,8,-4]},"faces":{"north":{"uv":[0,0,2,4],"texture":"#2"},"east":{"uv":[0,0,2,4],"texture":"#2"},"south":{"uv":[0,0,2,4],"texture":"#2"},"west":{"uv":[0,0,2,4],"texture":"#2"},"up":{"uv":[0,0,2,4],"texture":"#2"},"down":{"uv":[0,0,2,4],"texture":"#2"}}},{"from":[2,1.9,-11.8],"to":[3,3.9,-5.8],"rotation":{"angle":-22.5,"axis":"x","origin":[3.5,2.9,-9.8]},"faces":{"north":{"uv":[0,0,2,4],"rotation":180,"texture":"#2"},"east":{"uv":[0,0,2,4],"rotation":270,"texture":"#2"},"south":{"uv":[0,0,2,4],"texture":"#2"},"west":{"uv":[0,0,2,4],"rotation":90,"texture":"#2"},"up":{"uv":[0,0,2,4],"rotation":180,"texture":"#2"},"down":{"uv":[0,0,2,4],"texture":"#2"}}},{"from":[1,1.7,3.2],"to":[2,3.7,7.2],"rotation":{"angle":-45,"axis":"x","origin":[2.5,2.7,0.2]},"faces":{"north":{"uv":[0,0,2,4],"rotation":180,"texture":"#2"},"east":{"uv":[0,0,2,4],"rotation":270,"texture":"#2"},"south":{"uv":[0,0,2,4],"texture":"#2"},"west":{"uv":[0,0,2,4],"rotation":90,"texture":"#2"},"up":{"uv":[0,0,2,4],"rotation":180,"texture":"#2"},"down":{"uv":[0,0,2,4],"texture":"#2"}}},{"from":[2,3.4,-6.5],"to":[3,5.4,-0.5],"rotation":{"angle":0,"axis":"y","origin":[3.5,4.4,-8.5]},"faces":{"north":{"uv":[0,0,2,4],"rotation":180,"texture":"#2"},"east":{"uv":[0,0,2,4],"rotation":270,"texture":"#2"},"south":{"uv":[0,0,2,4],"texture":"#2"},"west":{"uv":[0,0,2,4],"rotation":90,"texture":"#2"},"up":{"uv":[0,0,2,4],"rotation":180,"texture":"#2"},"down":{"uv":[0,0,2,4],"texture":"#2"}}},{"from":[2,2,2.3],"to":[3,4,10.3],"rotation":{"angle":0,"axis":"y","origin":[3.5,3,4.3]},"faces":{"north":{"uv":[0,0,2,4],"rotation":180,"texture":"#2"},"east":{"uv":[0,0,2,4],"rotation":270,"texture":"#2"},"south":{"uv":[0,0,2,4],"texture":"#2"},"west":{"uv":[0,0,2,4],"rotation":90,"texture":"#2"},"up":{"uv":[0,0,2,4],"rotation":180,"texture":"#2"},"down":{"uv":[0,0,2,4],"texture":"#2"}}},{"from":[2,2.7,-1.1],"to":[3,4.7,2.9],"rotation":{"angle":22.5,"axis":"x","origin":[3.5,3.7,0.9]},"faces":{"north":{"uv":[0,0,2,4],"rotation":180,"texture":"#2"},"east":{"uv":[0,0,2,4],"rotation":270,"texture":"#2"},"south":{"uv":[0,0,2,4],"texture":"#2"},"west":{"uv":[0,0,2,4],"rotation":90,"texture":"#2"},"up":{"uv":[0,0,2,4],"rotation":180,"texture":"#2"},"down":{"uv":[0,0,2,4],"texture":"#2"}}},{"from":[2,2.8,9.7],"to":[3,4.8,16.1],"rotation":{"angle":-22.5,"axis":"x","origin":[3.5,3.8,12.1]},"faces":{"north":{"uv":[0,0,2,4],"rotation":180,"texture":"#2"},"east":{"uv":[0,0,2,4],"rotation":270,"texture":"#2"},"south":{"uv":[0,0,2,4],"texture":"#2"},"west":{"uv":[0,0,2,4],"rotation":90,"texture":"#2"},"up":{"uv":[0,0,2,4],"rotation":180,"texture":"#2"},"down":{"uv":[0,0,2,4],"texture":"#2"}}},{"from":[2,4.6,15.1],"to":[3,18,17.1],"rotation":{"angle":22.5,"axis":"x","origin":[3.5,7,16.1]},"faces":{"north":{"uv":[0,0,2,4],"texture":"#2"},"east":{"uv":[0,0,2,4],"texture":"#2"},"south":{"uv":[0,0,2,4],"texture":"#2"},"west":{"uv":[0,0,2,4],"texture":"#2"},"up":{"uv":[0,0,2,4],"texture":"#2"},"down":{"uv":[0,0,2,4],"texture":"#2"}}},{"from":[14,6.4,4.5],"to":[15,8.4,10.5],"rotation":{"angle":0,"axis":"y","origin":[15.5,7.4,2.5]},"faces":{"north":{"uv":[0,0,2,4],"rotation":180,"texture":"#2"},"east":{"uv":[0,0,2,4],"rotation":270,"texture":"#2"},"south":{"uv":[0,0,2,4],"texture":"#2"},"west":{"uv":[0,0,2,4],"rotation":90,"texture":"#2"},"up":{"uv":[0,0,2,4],"rotation":180,"texture":"#2"},"down":{"uv":[0,0,2,4],"texture":"#2"}}},{"from":[14,1.53553,0.93553],"to":[15,5.53553,2.93553],"rotation":{"angle":22.5,"axis":"x","origin":[14.5,3.53553,1.93553]},"faces":{"north":{"uv":[0,0,2,4],"texture":"#2"},"east":{"uv":[0,0,2,4],"texture":"#2"},"south":{"uv":[0,0,2,4],"texture":"#2"},"west":{"uv":[0,0,2,4],"texture":"#2"},"up":{"uv":[0,0,2,4],"texture":"#2"},"down":{"uv":[0,0,2,4],"texture":"#2"}}},{"from":[14,1.7,3.2],"to":[15,3.7,7.2],"rotation":{"angle":-45,"axis":"x","origin":[15.5,2.7,0.2]},"faces":{"north":{"uv":[0,0,2,4],"rotation":180,"texture":"#2"},"east":{"uv":[0,0,2,4],"rotation":270,"texture":"#2"},"south":{"uv":[0,0,2,4],"texture":"#2"},"west":{"uv":[0,0,2,4],"rotation":90,"texture":"#2"},"up":{"uv":[0,0,2,4],"rotation":180,"texture":"#2"},"down":{"uv":[0,0,2,4],"texture":"#2"}}},{"from":[14,0,0.3],"to":[15,2.1,2.3],"rotation":{"angle":0,"axis":"y","origin":[22,8,8.3]},"faces":{"north":{"uv":[0,0,2,4],"texture":"#2"},"east":{"uv":[0,0,2,4],"texture":"#2"},"south":{"uv":[0,0,2,4],"texture":"#2"},"west":{"uv":[0,0,2,4],"texture":"#2"},"up":{"uv":[0,0,2,4],"texture":"#2"},"down":{"uv":[0,0,2,4],"texture":"#2"}}},{"from":[13.93553,0,12.73553],"to":[14.93553,2.1,14.73553],"rotation":{"angle":0,"axis":"y","origin":[12.7,2.7,12.1]},"faces":{"north":{"uv":[0,0,2,4],"texture":"#2"},"east":{"uv":[0,0,2,4],"texture":"#2"},"south":{"uv":[0,0,2,4],"texture":"#2"},"west":{"uv":[0,0,2,4],"texture":"#2"},"up":{"uv":[0,0,2,4],"rotation":180,"texture":"#2"},"down":{"uv":[0,0,2,4],"rotation":180,"texture":"#2"}}},{"from":[14,5.3,9.2],"to":[15,7.3,13.2],"rotation":{"angle":45,"axis":"x","origin":[14.5,6.3,11.2]},"faces":{"north":{"uv":[0,0,2,4],"texture":"#2"},"east":{"uv":[0,0,2,4],"rotation":90,"texture":"#2"},"south":{"uv":[0,0,2,4],"rotation":180,"texture":"#2"},"west":{"uv":[0,0,2,4],"rotation":270,"texture":"#2"},"up":{"uv":[0,0,2,4],"texture":"#2"},"down":{"uv":[0,0,2,4],"rotation":180,"texture":"#2"}}},{"from":[13.93553,1.43553,12.1],"to":[14.93553,5.43553,14.1],"rotation":{"angle":-22.5,"axis":"x","origin":[14.43553,3.43553,13.1]},"faces":{"north":{"uv":[0,0,2,4],"texture":"#2"},"east":{"uv":[0,0,2,4],"texture":"#2"},"south":{"uv":[0,0,2,4],"texture":"#2"},"west":{"uv":[0,0,2,4],"texture":"#2"},"up":{"uv":[0,0,2,4],"rotation":180,"texture":"#2"},"down":{"uv":[0,0,2,4],"rotation":180,"texture":"#2"}}},{"from":[13,0,-12],"to":[14,3,-10],"rotation":{"angle":0,"axis":"y","origin":[21,8,-4]},"faces":{"north":{"uv":[0,0,2,4],"texture":"#2"},"east":{"uv":[0,0,2,4],"texture":"#2"},"south":{"uv":[0,0,2,4],"texture":"#2"},"west":{"uv":[0,0,2,4],"texture":"#2"},"up":{"uv":[0,0,2,4],"texture":"#2"},"down":{"uv":[0,0,2,4],"texture":"#2"}}},{"from":[13,1.9,-11.8],"to":[14,3.9,-5.8],"rotation":{"angle":-22.5,"axis":"x","origin":[14.5,2.9,-9.8]},"faces":{"north":{"uv":[0,0,2,4],"rotation":180,"texture":"#2"},"east":{"uv":[0,0,2,4],"rotation":270,"texture":"#2"},"south":{"uv":[0,0,2,4],"texture":"#2"},"west":{"uv":[0,0,2,4],"rotation":90,"texture":"#2"},"up":{"uv":[0,0,2,4],"rotation":180,"texture":"#2"},"down":{"uv":[0,0,2,4],"texture":"#2"}}},{"from":[13,3.4,-6.5],"to":[14,5.4,-0.5],"rotation":{"angle":0,"axis":"y","origin":[14.5,4.4,-8.5]},"faces":{"north":{"uv":[0,0,2,4],"rotation":180,"texture":"#2"},"east":{"uv":[0,0,2,4],"rotation":270,"texture":"#2"},"south":{"uv":[0,0,2,4],"texture":"#2"},"west":{"uv":[0,0,2,4],"rotation":90,"texture":"#2"},"up":{"uv":[0,0,2,4],"rotation":180,"texture":"#2"},"down":{"uv":[0,0,2,4],"texture":"#2"}}},{"from":[13,2,2.3],"to":[14,4,10.3],"rotation":{"angle":0,"axis":"y","origin":[14.5,3,4.3]},"faces":{"north":{"uv":[0,0,2,4],"rotation":180,"texture":"#2"},"east":{"uv":[0,0,2,4],"rotation":270,"texture":"#2"},"south":{"uv":[0,0,2,4],"texture":"#2"},"west":{"uv":[0,0,2,4],"rotation":90,"texture":"#2"},"up":{"uv":[0,0,2,4],"rotation":180,"texture":"#2"},"down":{"uv":[0,0,2,4],"texture":"#2"}}},{"from":[13,2.7,-1.1],"to":[14,4.7,2.9],"rotation":{"angle":22.5,"axis":"x","origin":[14.5,3.7,0.9]},"faces":{"north":{"uv":[0,0,2,4],"rotation":180,"texture":"#2"},"east":{"uv":[0,0,2,4],"rotation":270,"texture":"#2"},"south":{"uv":[0,0,2,4],"texture":"#2"},"west":{"uv":[0,0,2,4],"rotation":90,"texture":"#2"},"up":{"uv":[0,0,2,4],"rotation":180,"texture":"#2"},"down":{"uv":[0,0,2,4],"texture":"#2"}}},{"from":[13,2.8,9.7],"to":[14,4.8,16.1],"rotation":{"angle":-22.5,"axis":"x","origin":[14.5,3.8,12.1]},"faces":{"north":{"uv":[0,0,2,4],"rotation":180,"texture":"#2"},"east":{"uv":[0,0,2,4],"rotation":270,"texture":"#2"},"south":{"uv":[0,0,2,4],"texture":"#2"},"west":{"uv":[0,0,2,4],"rotation":90,"texture":"#2"},"up":{"uv":[0,0,2,4],"rotation":180,"texture":"#2"},"down":{"uv":[0,0,2,4],"texture":"#2"}}},{"from":[13,4.6,15.1],"to":[14,18,17.1],"rotation":{"angle":22.5,"axis":"x","origin":[14.5,7,16.1]},"faces":{"north":{"uv":[0,0,2,4],"texture":"#2"},"east":{"uv":[0,0,2,4],"texture":"#2"},"south":{"uv":[0,0,2,4],"texture":"#2"},"west":{"uv":[0,0,2,4],"texture":"#2"},"up":{"uv":[0,0,2,4],"texture":"#2"},"down":{"uv":[0,0,2,4],"texture":"#2"}}},{"from":[3,1.9,-10.8],"to":[13,3.9,-9.8],"rotation":{"angle":-22.5,"axis":"x","origin":[4.5,2.9,-9.8]},"faces":{"north":{"uv":[0,0,2,4],"rotation":180,"texture":"#2"},"east":{"uv":[0,0,2,4],"rotation":270,"texture":"#2"},"south":{"uv":[0,0,2,4],"texture":"#2"},"west":{"uv":[0,0,2,4],"rotation":90,"texture":"#2"},"up":{"uv":[0,0,2,4],"rotation":180,"texture":"#2"},"down":{"uv":[0,0,2,4],"texture":"#2"}}},{"from":[3,2.15,-9.9],"to":[13,3.65,-5.9],"rotation":{"angle":-22.5,"axis":"x","origin":[4.5,2.9,-9.9]},"faces":{"north":{"uv":[0,0,16,16],"rotation":180,"texture":"#3"},"east":{"uv":[0,0,16,16],"rotation":180,"texture":"#3"},"south":{"uv":[0,0,16,16],"rotation":180,"texture":"#3"},"west":{"uv":[0,0,16,16],"rotation":180,"texture":"#3"},"up":{"uv":[0,0,16,16],"rotation":180,"texture":"#3"},"down":{"uv":[0,0,16,16],"rotation":180,"texture":"#3"}}},{"from":[3,3.65,-6.5],"to":[13,5.15,-0.5],"rotation":{"angle":0,"axis":"y","origin":[4.5,4.4,-8.5]},"faces":{"north":{"uv":[0,0,16,16],"rotation":180,"texture":"#3"},"east":{"uv":[0,0,16,16],"rotation":180,"texture":"#3"},"south":{"uv":[0,0,16,16],"rotation":180,"texture":"#3"},"west":{"uv":[0,0,16,16],"rotation":180,"texture":"#3"},"up":{"uv":[0,0,16,16],"rotation":180,"texture":"#3"},"down":{"uv":[0,0,16,16],"rotation":180,"texture":"#3"}}},{"from":[3,2.25,2.3],"to":[13,3.75,10.3],"rotation":{"angle":0,"axis":"y","origin":[4.5,3,4.3]},"faces":{"north":{"uv":[0,0,16,16],"rotation":180,"texture":"#3"},"east":{"uv":[0,0,16,16],"rotation":180,"texture":"#3"},"south":{"uv":[0,0,16,16],"rotation":180,"texture":"#3"},"west":{"uv":[0,0,16,16],"rotation":180,"texture":"#3"},"up":{"uv":[0,0,16,16],"rotation":180,"texture":"#3"},"down":{"uv":[0,0,16,16],"rotation":180,"texture":"#3"}}},{"from":[3,3.05,9.7],"to":[13,4.55,16.1],"rotation":{"angle":-22.5,"axis":"x","origin":[4.5,3.8,12.1]},"faces":{"north":{"uv":[0,0,16,16],"rotation":180,"texture":"#3"},"east":{"uv":[0,0,16,16],"rotation":180,"texture":"#3"},"south":{"uv":[0,0,16,16],"rotation":180,"texture":"#3"},"west":{"uv":[0,0,16,16],"rotation":180,"texture":"#3"},"up":{"uv":[0,0,16,16],"rotation":180,"texture":"#3"},"down":{"uv":[0,0,16,16],"rotation":180,"texture":"#3"}}},{"from":[3,4.6,15.35],"to":[13,17,16.85],"rotation":{"angle":22.5,"axis":"x","origin":[4.5,7,16.1]},"faces":{"north":{"uv":[0,0,16,16],"texture":"#3"},"east":{"uv":[0,0,16,16],"texture":"#3"},"south":{"uv":[0,0,16,16],"texture":"#3"},"west":{"uv":[0,0,16,16],"texture":"#3"},"up":{"uv":[0,0,16,16],"texture":"#3"},"down":{"uv":[0,0,16,16],"texture":"#3"}}},{"from":[3,2.95,-0.9],"to":[13,4.45,3.1],"rotation":{"angle":22.5,"axis":"x","origin":[4.5,3.7,1.1]},"faces":{"north":{"uv":[0,0,16,16],"rotation":180,"texture":"#3"},"east":{"uv":[0,0,16,16],"rotation":180,"texture":"#3"},"south":{"uv":[0,0,16,16],"rotation":180,"texture":"#3"},"west":{"uv":[0,0,16,16],"rotation":180,"texture":"#3"},"up":{"uv":[0,0,16,16],"rotation":180,"texture":"#3"},"down":{"uv":[0,0,16,16],"rotation":180,"texture":"#3"}}},{"from":[16,7,4],"to":[25,8,14],"rotation":{"angle":0,"axis":"y","origin":[25,15,20]},"faces":{"north":{"uv":[0,15,16,16],"texture":"#5"},"east":{"uv":[0,15,16,16],"texture":"#5"},"south":{"uv":[0,15,16,16],"texture":"#5"},"west":{"uv":[0,15,16,16],"texture":"#5"},"up":{"uv":[0,0,16,16],"texture":"#5"},"down":{"uv":[0,0,16,16],"texture":"#5"}}},{"from":[20,-1,12],"to":[21,9,13],"rotation":{"angle":-45,"axis":"z","origin":[20.5,4,12.5]},"faces":{"north":{"uv":[0,0,16,16],"texture":"#4"},"east":{"uv":[0,0,16,16],"texture":"#4"},"south":{"uv":[0,0,16,16],"texture":"#4"},"west":{"uv":[0,0,16,16],"texture":"#4"},"up":{"uv":[0,0,16,16],"texture":"#4"},"down":{"uv":[0,0,16,16],"texture":"#4"}}},{"from":[15.5,3.5,12],"to":[25.5,4.5,13],"rotation":{"angle":-45,"axis":"z","origin":[20.5,4,12.5]},"faces":{"north":{"uv":[0,0,16,16],"rotation":90,"texture":"#4"},"east":{"uv":[0,0,16,16],"rotation":90,"texture":"#4"},"south":{"uv":[0,0,16,16],"rotation":90,"texture":"#4"},"west":{"uv":[0,0,16,16],"rotation":90,"texture":"#4"},"up":{"uv":[0,0,16,16],"rotation":90,"texture":"#4"},"down":{"uv":[0,0,16,16],"rotation":90,"texture":"#4"}}},{"from":[20,-1,5],"to":[21,9,6],"rotation":{"angle":-45,"axis":"z","origin":[20.5,4,5.5]},"faces":{"north":{"uv":[0,0,16,16],"texture":"#4"},"east":{"uv":[0,0,16,16],"texture":"#4"},"south":{"uv":[0,0,16,16],"texture":"#4"},"west":{"uv":[0,0,16,16],"texture":"#4"},"up":{"uv":[0,0,16,16],"texture":"#4"},"down":{"uv":[0,0,16,16],"texture":"#4"}}},{"from":[15.5,3.5,5],"to":[25.5,4.5,6],"rotation":{"angle":-45,"axis":"z","origin":[20.5,4,5.5]},"faces":{"north":{"uv":[0,0,16,16],"rotation":90,"texture":"#4"},"east":{"uv":[0,0,16,16],"rotation":90,"texture":"#4"},"south":{"uv":[0,0,16,16],"rotation":90,"texture":"#4"},"west":{"uv":[0,0,16,16],"rotation":90,"texture":"#4"},"up":{"uv":[0,0,16,16],"rotation":90,"texture":"#4"},"down":{"uv":[0,0,16,16],"rotation":90,"texture":"#4"}}},{"name":"ice","from":[18.4,10,6.3],"to":[18.9,10.5,6.8],"rotation":{"angle":0,"axis":"y","origin":[18.9,10.5,6.8]},"faces":{"north":{"uv":[0,0,16,16],"texture":"#8"},"east":{"uv":[0,0,16,16],"texture":"#8"},"south":{"uv":[0,0,16,16],"texture":"#8"},"west":{"uv":[0,0,16,16],"texture":"#8"},"up":{"uv":[0,0,16,16],"texture":"#8"},"down":{"uv":[0,0,16,16],"texture":"#8"}}},{"name":"ice","from":[18.9,10.6,5.5],"to":[19.4,11.1,6],"rotation":{"angle":0,"axis":"y","origin":[19.4,11.1,6]},"faces":{"north":{"uv":[0,0,16,16],"texture":"#8"},"east":{"uv":[0,0,16,16],"texture":"#8"},"south":{"uv":[0,0,16,16],"texture":"#8"},"west":{"uv":[0,0,16,16],"texture":"#8"},"up":{"uv":[0,0,16,16],"texture":"#8"},"down":{"uv":[0,0,16,16],"texture":"#8"}}},{"name":"ice","from":[19.4,11.4,5.5],"to":[19.9,11.9,6],"rotation":{"angle":0,"axis":"y","origin":[19.9,11.9,6]},"faces":{"north":{"uv":[0,0,16,16],"texture":"#8"},"east":{"uv":[0,0,16,16],"texture":"#8"},"south":{"uv":[0,0,16,16],"texture":"#8"},"west":{"uv":[0,0,16,16],"texture":"#8"},"up":{"uv":[0,0,16,16],"texture":"#8"},"down":{"uv":[0,0,16,16],"texture":"#8"}}},{"name":"ice","from":[19.4,11,6.3],"to":[19.9,11.5,6.8],"rotation":{"angle":0,"axis":"y","origin":[19.9,11.5,6.8]},"faces":{"north":{"uv":[0,0,16,16],"texture":"#8"},"east":{"uv":[0,0,16,16],"texture":"#8"},"south":{"uv":[0,0,16,16],"texture":"#8"},"west":{"uv":[0,0,16,16],"texture":"#8"},"up":{"uv":[0,0,16,16],"texture":"#8"},"down":{"uv":[0,0,16,16],"texture":"#8"}}},{"from":[18,8,5],"to":[20,12,7],"rotation":{"angle":0,"axis":"y","origin":[26,16,14]},"faces":{"north":{"uv":[1,0,8,16],"texture":"#6"},"east":{"uv":[8,0,15,16],"texture":"#6"},"south":{"uv":[1,0,8,16],"texture":"#6"},"west":{"uv":[8,0,15,16],"texture":"#6"},"up":{"uv":[0,0,16,16],"texture":"#5"},"down":{"uv":[0,0,16,16],"texture":"#6"}}},{"from":[18.5,10.4,6.2],"to":[18.6,14.2,6.3],"rotation":{"angle":22.5,"axis":"z","origin":[18.55,12.3,6.25]},"faces":{"north":{"uv":[8,0,16,16],"texture":"#7"},"east":{"uv":[8,0,16,16],"texture":"#7"},"south":{"uv":[8,0,16,16],"texture":"#7"},"west":{"uv":[8,0,16,16],"texture":"#7"},"up":{"uv":[8,0,16,16],"texture":"#7"},"down":{"uv":[8,0,16,16],"texture":"#7"}}}],"display":{"thirdperson_righthand":{"rotation":[70,45,0],"translation":[0,2.25,-0.5],"scale":[0.25,0.25,0.25]},"firstperson_righthand":{"rotation":[0,48,0],"translation":[-0.25,3,1.75],"scale":[0.3,0.3,0.3]},"ground":{"translation":[0,3.5,0],"scale":[0.25,0.25,0.25]},"gui":{"rotation":[25,-136,0],"translation":[-1.25,0.25,0],"scale":[0.5,0.5,0.5]},"head":{"rotation":[0,-180,0],"translation":[0,-24.5,7],"scale":[2.5,2.5,2.5]},"fixed":{"rotation":[0,90,0],"translation":[0.75,-0.75,-2],"scale":[0.3,0.3,0.3]}},"groups":[{"name":"group","origin":[-14.5,7.8,18],"children":[{"name":"edge","origin":[-14.5,7.8,18],"children":[{"name":"group","origin":[-14.76447,3.43553,13.1],"children":[0,1,2,3,4,5,6]},7,8,9,10,11,12,13,14]},{"name":"edge","origin":[-14.5,7.8,18],"children":[{"name":"group","origin":[-14.76447,3.43553,13.1],"children":[15,16,17,18,19,20,21]},22,23,24,25,26,27,28]},{"name":"group","origin":[-12.5,3.7,0.9],"children":[29,30,31,32,33,34,35]},{"name":"table","origin":[10.5,4,0.5],"children":[36,{"name":"group","origin":[10.5,4,0.5],"children":[37,38]},{"name":"group","origin":[10.5,4,0.5],"children":[39,40]},41,42,43,44]}]},45,46]}