{"credit":"Made with Blockbench","parent":"paper","texture_size":[128,128],"textures":{"2":"customshop:item/prismarine_animation","7":"customshop:item/vending_machine/prismarine_vending_machine"},"elements":[{"name":"bottom","from":[0,0,0],"to":[16,1,16],"rotation":{"angle":0,"axis":"y","origin":[9.05,15.0375,8.44375]},"faces":{"north":{"uv":[8.25,2,10.25,2.125],"texture":"#7"},"east":{"uv":[8.25,2.125,10.25,2.25],"texture":"#7"},"south":{"uv":[8.25,2.25,10.25,2.375],"texture":"#7"},"west":{"uv":[8.25,2.375,10.25,2.5],"texture":"#7"},"up":{"uv":[2,2,0,0],"texture":"#7"},"down":{"uv":[2,2,0,4],"texture":"#7"}}},{"name":"top","from":[0,31,0],"to":[16,32,16],"rotation":{"angle":0,"axis":"y","origin":[9.05,15.0375,8.44375]},"faces":{"north":{"uv":[8.25,2.5,10.25,2.625],"texture":"#7"},"east":{"uv":[8.25,2.625,10.25,2.75],"texture":"#7"},"south":{"uv":[3.125,8.25,5.125,8.375],"texture":"#7"},"west":{"uv":[7.5,8.25,9.5,8.375],"texture":"#7"},"up":{"uv":[4,2,2,0],"texture":"#7"},"down":{"uv":[4,2,2,4],"texture":"#7"}}},{"from":[15,15,0],"to":[16,31,16],"rotation":{"angle":0,"axis":"y","origin":[9.05,15.0375,8.44375]},"faces":{"north":{"uv":[0,0,1,16],"texture":"#2"},"east":{"uv":[0,0,16,16],"texture":"#2"},"south":{"uv":[15,0,16,16],"texture":"#2"},"west":{"uv":[0,0,16,16],"texture":"#2"},"up":{"uv":[0,0,0,0],"texture":"#2"},"down":{"uv":[0,0,0,0],"texture":"#2"}}},{"from":[15,1,0],"to":[16,15,16],"rotation":{"angle":0,"axis":"y","origin":[9.05,15.0375,8.44375]},"faces":{"north":{"uv":[0,1,1,15],"texture":"#2"},"east":{"uv":[0,1,16,15],"texture":"#2"},"south":{"uv":[0,1,1,15],"texture":"#2"},"west":{"uv":[0,1,16,15],"texture":"#2"},"up":{"uv":[0,0,0,0],"texture":"#2"},"down":{"uv":[0,0,0,0],"texture":"#2"}}},{"from":[0,15,0],"to":[1,31,16],"rotation":{"angle":0,"axis":"y","origin":[9.05,15.0375,8.44375]},"faces":{"north":{"uv":[0,0,1,16],"texture":"#2"},"east":{"uv":[0,0,16,16],"texture":"#2"},"south":{"uv":[0,0,1,16],"texture":"#2"},"west":{"uv":[0,0,16,16],"texture":"#2"},"up":{"uv":[0,0,0,0],"texture":"#2"},"down":{"uv":[0,0,0,0],"texture":"#2"}}},{"from":[0,1,0],"to":[1,15,16],"rotation":{"angle":0,"axis":"y","origin":[9.05,15.0375,8.44375]},"faces":{"north":{"uv":[0,1,1,15],"texture":"#2"},"east":{"uv":[0,1,16,15],"texture":"#2"},"south":{"uv":[0,1,1,15],"texture":"#2"},"west":{"uv":[0,1,16,15],"texture":"#2"},"up":{"uv":[0,0,0,0],"texture":"#2"},"down":{"uv":[0,0,0,0],"texture":"#2"}}},{"name":"back","from":[1,15,15],"to":[15,31,16],"rotation":{"angle":0,"axis":"y","origin":[9.05,15.0375,8.44375]},"faces":{"north":{"uv":[1,0,15,16],"texture":"#2"},"east":{"uv":[0,0,0,0],"texture":"#2"},"south":{"uv":[1,0,15,16],"texture":"#2"},"west":{"uv":[0,0,0,0],"texture":"#2"},"up":{"uv":[0,0,0,0],"texture":"#2"},"down":{"uv":[0,0,0,0],"texture":"#2"}}},{"name":"back","from":[1,1,15],"to":[15,15,16],"rotation":{"angle":0,"axis":"y","origin":[9.05,15.0375,8.44375]},"faces":{"north":{"uv":[1,1,15,15],"texture":"#2"},"east":{"uv":[0,0,0,0],"texture":"#2"},"south":{"uv":[1,1,15,15],"texture":"#2"},"west":{"uv":[0,0,0,0],"texture":"#2"},"up":{"uv":[0,0,0,0],"texture":"#2"},"down":{"uv":[0,0,0,0],"texture":"#2"}}},{"name":"partition","from":[4,1,2],"to":[5,15,15],"rotation":{"angle":0,"axis":"y","origin":[9.05,15.0375,8.44375]},"faces":{"north":{"uv":[1.125,7.375,1.25,9.125],"texture":"#7"},"east":{"uv":[1.625,4,3.25,5.75],"texture":"#7"},"south":{"uv":[6.875,7.75,7,9.5],"texture":"#7"},"west":{"uv":[4,2,5.625,3.75],"texture":"#7"},"up":{"uv":[0.125,9.5,0,7.875],"texture":"#7"},"down":{"uv":[0.25,7.875,0.125,9.5],"texture":"#7"}}},{"name":"partition","from":[4,15,2],"to":[5,31,15],"rotation":{"angle":0,"axis":"y","origin":[9.05,15.0375,8.44375]},"faces":{"north":{"uv":[0.625,7.375,0.75,9.375],"texture":"#7"},"east":{"uv":[0,4,1.625,6],"texture":"#7"},"south":{"uv":[0.75,7.375,0.875,9.375],"texture":"#7"},"west":{"uv":[4,0,5.625,2],"texture":"#7"},"up":{"uv":[0.375,9.5,0.25,7.875],"texture":"#7"},"down":{"uv":[0.5,7.875,0.375,9.5],"texture":"#7"}}},{"from":[5,27,4],"to":[15,28,15],"rotation":{"angle":0,"axis":"y","origin":[9.05,15.0375,8.44375]},"faces":{"north":{"uv":[2.5,8.75,3.75,8.875],"texture":"#7"},"east":{"uv":[4.875,8.375,6.25,8.5],"texture":"#7"},"south":{"uv":[8.75,2.75,10,2.875],"texture":"#7"},"west":{"uv":[7,8.375,8.375,8.5],"texture":"#7"},"up":{"uv":[6.25,6.375,5,5],"texture":"#7"},"down":{"uv":[4.5,5.25,3.25,6.625],"texture":"#7"}}},{"from":[5,23,4],"to":[15,24,15],"rotation":{"angle":0,"axis":"y","origin":[9.05,15.0375,8.44375]},"faces":{"north":{"uv":[8.75,2.875,10,3],"texture":"#7"},"east":{"uv":[8.375,8.375,9.75,8.5],"texture":"#7"},"south":{"uv":[8.75,3,10,3.125],"texture":"#7"},"west":{"uv":[1.75,8.5,3.125,8.625],"texture":"#7"},"up":{"uv":[6.875,1.375,5.625,0],"texture":"#7"},"down":{"uv":[6.875,1.375,5.625,2.75],"texture":"#7"}}},{"from":[5,19,4],"to":[15,20,15],"rotation":{"angle":0,"axis":"y","origin":[9.05,15.0375,8.44375]},"faces":{"north":{"uv":[8.75,3.125,10,3.25],"texture":"#7"},"east":{"uv":[3.125,8.5,4.5,8.625],"texture":"#7"},"south":{"uv":[8.75,3.25,10,3.375],"texture":"#7"},"west":{"uv":[4.5,8.5,5.875,8.625],"texture":"#7"},"up":{"uv":[2.875,7.125,1.625,5.75],"texture":"#7"},"down":{"uv":[1.25,6,0,7.375],"texture":"#7"}}},{"from":[5,15,4],"to":[15,16,15],"rotation":{"angle":0,"axis":"y","origin":[9.05,15.0375,8.44375]},"faces":{"north":{"uv":[8.75,3.375,10,3.5],"texture":"#7"},"east":{"uv":[7,8.5,8.375,8.625],"texture":"#7"},"south":{"uv":[8.75,3.5,10,3.625],"texture":"#7"},"west":{"uv":[8.375,8.5,9.75,8.625],"texture":"#7"},"up":{"uv":[7.5,6.375,6.25,5],"texture":"#7"},"down":{"uv":[5.75,6.375,4.5,7.75],"texture":"#7"}}},{"from":[5,11,4],"to":[15,12,15],"rotation":{"angle":0,"axis":"y","origin":[9.05,15.0375,8.44375]},"faces":{"north":{"uv":[8.75,3.625,10,3.75],"texture":"#7"},"east":{"uv":[1.75,8.625,3.125,8.75],"texture":"#7"},"south":{"uv":[8.75,3.75,10,3.875],"texture":"#7"},"west":{"uv":[3.125,8.625,4.5,8.75],"texture":"#7"},"up":{"uv":[7,7.75,5.75,6.375],"texture":"#7"},"down":{"uv":[4.125,6.625,2.875,8],"texture":"#7"}}},{"from":[10.75,28,4],"to":[11.25,30,15],"rotation":{"angle":0,"axis":"y","origin":[9.05,15.0375,8.44375]},"faces":{"north":{"uv":[1.375,6,1.5,6.25],"texture":"#7"},"east":{"uv":[6.75,4.75,8.125,5],"texture":"#7"},"south":{"uv":[1.5,6,1.625,6.25],"texture":"#7"},"west":{"uv":[6.875,2,8.25,2.25],"texture":"#7"},"up":{"uv":[0.625,9.25,0.5,7.875],"texture":"#7"},"down":{"uv":[6.375,8.375,6.25,9.75],"texture":"#7"}}},{"from":[6.75,28,4],"to":[7.25,30,15],"rotation":{"angle":0,"axis":"y","origin":[9.05,15.0375,8.44375]},"faces":{"north":{"uv":[1.375,6.25,1.5,6.5],"texture":"#7"},"east":{"uv":[6.875,2.25,8.25,2.5],"texture":"#7"},"south":{"uv":[1.5,6.25,1.625,6.5],"texture":"#7"},"west":{"uv":[6.875,2.5,8.25,2.75],"texture":"#7"},"up":{"uv":[6.5,9.75,6.375,8.375],"texture":"#7"},"down":{"uv":[6.625,8.375,6.5,9.75],"texture":"#7"}}},{"from":[8.75,28,4],"to":[9.25,30,15],"rotation":{"angle":0,"axis":"y","origin":[9.05,15.0375,8.44375]},"faces":{"north":{"uv":[2.875,6.25,3,6.5],"texture":"#7"},"east":{"uv":[7.375,2.75,8.75,3],"texture":"#7"},"south":{"uv":[3,6.25,3.125,6.5],"texture":"#7"},"west":{"uv":[7.375,3,8.75,3.25],"texture":"#7"},"up":{"uv":[6.75,9.75,6.625,8.375],"texture":"#7"},"down":{"uv":[6.875,8.375,6.75,9.75],"texture":"#7"}}},{"from":[12.75,28,4],"to":[13.25,30,15],"rotation":{"angle":0,"axis":"y","origin":[9.05,15.0375,8.44375]},"faces":{"north":{"uv":[3.125,6.25,3.25,6.5],"texture":"#7"},"east":{"uv":[7.375,3.25,8.75,3.5],"texture":"#7"},"south":{"uv":[1.25,6.5,1.375,6.75],"texture":"#7"},"west":{"uv":[7.375,3.5,8.75,3.75],"texture":"#7"},"up":{"uv":[6,9.875,5.875,8.5],"texture":"#7"},"down":{"uv":[6.125,8.5,6,9.875],"texture":"#7"}}},{"from":[10.75,24,4],"to":[11.25,26,15],"rotation":{"angle":0,"axis":"y","origin":[9.05,15.0375,8.44375]},"faces":{"north":{"uv":[1.375,6.5,1.5,6.75],"texture":"#7"},"east":{"uv":[7.375,3.75,8.75,4],"texture":"#7"},"south":{"uv":[1.5,6.5,1.625,6.75],"texture":"#7"},"west":{"uv":[7.375,4,8.75,4.25],"texture":"#7"},"up":{"uv":[6.25,9.875,6.125,8.5],"texture":"#7"},"down":{"uv":[4.625,8.625,4.5,10],"texture":"#7"}}},{"from":[6.75,24,4],"to":[7.25,26,15],"rotation":{"angle":0,"axis":"y","origin":[9.05,15.0375,8.44375]},"faces":{"north":{"uv":[6.625,2.75,6.75,3],"texture":"#7"},"east":{"uv":[7.375,4.25,8.75,4.5],"texture":"#7"},"south":{"uv":[6.625,3,6.75,3.25],"texture":"#7"},"west":{"uv":[7.375,4.5,8.75,4.75],"texture":"#7"},"up":{"uv":[4.75,10,4.625,8.625],"texture":"#7"},"down":{"uv":[4.875,8.625,4.75,10],"texture":"#7"}}},{"from":[8.75,24,4],"to":[9.25,26,15],"rotation":{"angle":0,"axis":"y","origin":[9.05,15.0375,8.44375]},"faces":{"north":{"uv":[6.625,3.25,6.75,3.5],"texture":"#7"},"east":{"uv":[7.5,0,8.875,0.25],"texture":"#7"},"south":{"uv":[6.625,3.5,6.75,3.75],"texture":"#7"},"west":{"uv":[7.5,0.25,8.875,0.5],"texture":"#7"},"up":{"uv":[5,10,4.875,8.625],"texture":"#7"},"down":{"uv":[5.125,8.625,5,10],"texture":"#7"}}},{"from":[12.75,24,4],"to":[13.25,26,15],"rotation":{"angle":0,"axis":"y","origin":[9.05,15.0375,8.44375]},"faces":{"north":{"uv":[4.125,6.625,4.25,6.875],"texture":"#7"},"east":{"uv":[7.5,0.5,8.875,0.75],"texture":"#7"},"south":{"uv":[4.25,6.625,4.375,6.875],"texture":"#7"},"west":{"uv":[7.5,0.75,8.875,1],"texture":"#7"},"up":{"uv":[5.25,10,5.125,8.625],"texture":"#7"},"down":{"uv":[5.375,8.625,5.25,10],"texture":"#7"}}},{"from":[10.75,20,4],"to":[11.25,22,15],"rotation":{"angle":0,"axis":"y","origin":[9.05,15.0375,8.44375]},"faces":{"north":{"uv":[4.375,6.625,4.5,6.875],"texture":"#7"},"east":{"uv":[7.5,1,8.875,1.25],"texture":"#7"},"south":{"uv":[1.25,6.75,1.375,7],"texture":"#7"},"west":{"uv":[7.5,1.25,8.875,1.5],"texture":"#7"},"up":{"uv":[5.5,10,5.375,8.625],"texture":"#7"},"down":{"uv":[5.625,8.625,5.5,10],"texture":"#7"}}},{"from":[6.75,20,4],"to":[7.25,22,15],"rotation":{"angle":0,"axis":"y","origin":[9.05,15.0375,8.44375]},"faces":{"north":{"uv":[1.375,6.75,1.5,7],"texture":"#7"},"east":{"uv":[7.5,1.5,8.875,1.75],"texture":"#7"},"south":{"uv":[1.5,6.75,1.625,7],"texture":"#7"},"west":{"uv":[7.5,1.75,8.875,2],"texture":"#7"},"up":{"uv":[5.75,10,5.625,8.625],"texture":"#7"},"down":{"uv":[5.875,8.625,5.75,10],"texture":"#7"}}},{"from":[8.75,20,4],"to":[9.25,22,15],"rotation":{"angle":0,"axis":"y","origin":[9.05,15.0375,8.44375]},"faces":{"north":{"uv":[4.125,6.875,4.25,7.125],"texture":"#7"},"east":{"uv":[7.5,5,8.875,5.25],"texture":"#7"},"south":{"uv":[4.25,6.875,4.375,7.125],"texture":"#7"},"west":{"uv":[7.5,5.25,8.875,5.5],"texture":"#7"},"up":{"uv":[7.125,10,7,8.625],"texture":"#7"},"down":{"uv":[7.25,8.625,7.125,10],"texture":"#7"}}},{"from":[12.75,20,4],"to":[13.25,22,15],"rotation":{"angle":0,"axis":"y","origin":[9.05,15.0375,8.44375]},"faces":{"north":{"uv":[4.375,6.875,4.5,7.125],"texture":"#7"},"east":{"uv":[7.5,5.5,8.875,5.75],"texture":"#7"},"south":{"uv":[4.125,7.125,4.25,7.375],"texture":"#7"},"west":{"uv":[7.5,5.75,8.875,6],"texture":"#7"},"up":{"uv":[7.375,10,7.25,8.625],"texture":"#7"},"down":{"uv":[7.5,8.625,7.375,10],"texture":"#7"}}},{"from":[10.75,16,4],"to":[11.25,18,15],"rotation":{"angle":0,"axis":"y","origin":[9.05,15.0375,8.44375]},"faces":{"north":{"uv":[4.25,7.125,4.375,7.375],"texture":"#7"},"east":{"uv":[7.5,6,8.875,6.25],"texture":"#7"},"south":{"uv":[4.375,7.125,4.5,7.375],"texture":"#7"},"west":{"uv":[7.5,6.25,8.875,6.5],"texture":"#7"},"up":{"uv":[7.625,10,7.5,8.625],"texture":"#7"},"down":{"uv":[7.75,8.625,7.625,10],"texture":"#7"}}},{"from":[6.75,16,4],"to":[7.25,18,15],"rotation":{"angle":0,"axis":"y","origin":[9.05,15.0375,8.44375]},"faces":{"north":{"uv":[4.125,7.375,4.25,7.625],"texture":"#7"},"east":{"uv":[7.5,6.5,8.875,6.75],"texture":"#7"},"south":{"uv":[4.25,7.375,4.375,7.625],"texture":"#7"},"west":{"uv":[7.5,6.75,8.875,7],"texture":"#7"},"up":{"uv":[7.875,10,7.75,8.625],"texture":"#7"},"down":{"uv":[8,8.625,7.875,10],"texture":"#7"}}},{"from":[8.75,16,4],"to":[9.25,18,15],"rotation":{"angle":0,"axis":"y","origin":[9.05,15.0375,8.44375]},"faces":{"north":{"uv":[4.375,7.375,4.5,7.625],"texture":"#7"},"east":{"uv":[7.5,7,8.875,7.25],"texture":"#7"},"south":{"uv":[2.375,7.5,2.5,7.75],"texture":"#7"},"west":{"uv":[7.5,7.25,8.875,7.5],"texture":"#7"},"up":{"uv":[8.125,10,8,8.625],"texture":"#7"},"down":{"uv":[8.25,8.625,8.125,10],"texture":"#7"}}},{"from":[12.75,16,4],"to":[13.25,18,15],"rotation":{"angle":0,"axis":"y","origin":[9.05,15.0375,8.44375]},"faces":{"north":{"uv":[2.5,7.5,2.625,7.75],"texture":"#7"},"east":{"uv":[7.5,7.5,8.875,7.75],"texture":"#7"},"south":{"uv":[2.625,7.5,2.75,7.75],"texture":"#7"},"west":{"uv":[4.125,7.75,5.5,8],"texture":"#7"},"up":{"uv":[8.375,10,8.25,8.625],"texture":"#7"},"down":{"uv":[8.5,8.625,8.375,10],"texture":"#7"}}},{"from":[10.75,12,4],"to":[11.25,14,15],"rotation":{"angle":0,"axis":"y","origin":[9.05,15.0375,8.44375]},"faces":{"north":{"uv":[2.75,7.5,2.875,7.75],"texture":"#7"},"east":{"uv":[5.5,7.75,6.875,8],"texture":"#7"},"south":{"uv":[1.75,7.625,1.875,7.875],"texture":"#7"},"west":{"uv":[7.5,7.75,8.875,8],"texture":"#7"},"up":{"uv":[8.625,10,8.5,8.625],"texture":"#7"},"down":{"uv":[8.75,8.625,8.625,10],"texture":"#7"}}},{"from":[6.75,12,4],"to":[7.25,14,15],"rotation":{"angle":0,"axis":"y","origin":[9.05,15.0375,8.44375]},"faces":{"north":{"uv":[1.875,7.625,2,7.875],"texture":"#7"},"east":{"uv":[1.75,8,3.125,8.25],"texture":"#7"},"south":{"uv":[2,7.625,2.125,7.875],"texture":"#7"},"west":{"uv":[3.125,8,4.5,8.25],"texture":"#7"},"up":{"uv":[1.875,10.125,1.75,8.75],"texture":"#7"},"down":{"uv":[2,8.75,1.875,10.125],"texture":"#7"}}},{"from":[8.75,12,4],"to":[9.25,14,15],"rotation":{"angle":0,"axis":"y","origin":[9.05,15.0375,8.44375]},"faces":{"north":{"uv":[2.125,7.625,2.25,7.875],"texture":"#7"},"east":{"uv":[4.5,8,5.875,8.25],"texture":"#7"},"south":{"uv":[2.25,7.625,2.375,7.875],"texture":"#7"},"west":{"uv":[7.5,8,8.875,8.25],"texture":"#7"},"up":{"uv":[2.125,10.125,2,8.75],"texture":"#7"},"down":{"uv":[2.25,8.75,2.125,10.125],"texture":"#7"}}},{"from":[12.75,12,4],"to":[13.25,14,15],"rotation":{"angle":0,"axis":"y","origin":[9.05,15.0375,8.44375]},"faces":{"north":{"uv":[2.375,7.75,2.5,8],"texture":"#7"},"east":{"uv":[8.125,4.75,9.5,5],"texture":"#7"},"south":{"uv":[2.5,7.75,2.625,8],"texture":"#7"},"west":{"uv":[1.75,8.25,3.125,8.5],"texture":"#7"},"up":{"uv":[2.375,10.125,2.25,8.75],"texture":"#7"},"down":{"uv":[2.5,8.75,2.375,10.125],"texture":"#7"}}},{"name":"collection","from":[4,4,0],"to":[12,8,0.5],"rotation":{"angle":0,"axis":"y","origin":[9.05,15.0375,8.44375]},"faces":{"north":{"uv":[5.625,2.75,6.625,3.25],"texture":"#7"},"east":{"uv":[2.875,5.75,3,6.25],"texture":"#7"},"south":{"uv":[5.625,3.25,6.625,3.75],"texture":"#7"},"west":{"uv":[3,5.75,3.125,6.25],"texture":"#7"},"up":{"uv":[5,3.875,4,3.75],"texture":"#7"},"down":{"uv":[5,3.875,4,4],"texture":"#7"}}},{"name":"UI","from":[1,1,0.5],"to":[15,11,1.5],"rotation":{"angle":0,"axis":"y","origin":[9.05,15.0375,8.44375]},"faces":{"north":{"uv":[3.25,4,5,5.25],"texture":"#7"},"east":{"uv":[3.75,8.75,3.875,10],"texture":"#7"},"south":{"uv":[5,3.75,6.75,5],"texture":"#7"},"west":{"uv":[3.875,8.75,4,10],"texture":"#7"},"up":{"uv":[6.875,8.375,5.125,8.25],"texture":"#7"},"down":{"uv":[4.875,8.375,3.125,8.5],"texture":"#7"}}},{"name":"UI","from":[1,15,0.5],"to":[5,31,1.5],"rotation":{"angle":0,"axis":"y","origin":[9.05,15.0375,8.44375]},"faces":{"north":{"uv":[7,6.375,7.5,8.375],"texture":"#7"},"east":{"uv":[0.875,7.375,1,9.375],"texture":"#7"},"south":{"uv":[1.25,7.125,1.75,9.125],"texture":"#7"},"west":{"uv":[1,7.375,1.125,9.375],"texture":"#7"},"up":{"uv":[5,6.375,4.5,6.25],"texture":"#7"},"down":{"uv":[2.875,7.125,2.375,7.25],"texture":"#7"}}},{"name":"UI","from":[1,11,0.5],"to":[5,15,1.5],"rotation":{"angle":0,"axis":"y","origin":[9.05,15.0375,8.44375]},"faces":{"north":{"uv":[4.5,5.25,5,5.75],"texture":"#7"},"east":{"uv":[3.125,5.75,3.25,6.25],"texture":"#7"},"south":{"uv":[4.5,5.75,5,6.25],"texture":"#7"},"west":{"uv":[1.25,6,1.375,6.5],"texture":"#7"},"up":{"uv":[2.875,7.375,2.375,7.25],"texture":"#7"},"down":{"uv":[2.875,7.375,2.375,7.5],"texture":"#7"}}},{"name":"window","from":[10,15,1],"to":[15,31,1.5],"rotation":{"angle":0,"axis":"y","origin":[9.05,15.0375,8.44375]},"faces":{"north":{"uv":[6.875,0,7.5,2],"texture":"#7"}}},{"name":"window","from":[5,11,1],"to":[10,15,1.5],"rotation":{"angle":0,"axis":"y","origin":[9.05,15.0375,8.44375]},"faces":{"north":{"uv":[0,7.375,0.625,7.875],"texture":"#7"}}},{"name":"window","from":[10,11,1],"to":[15,15,1.5],"rotation":{"angle":0,"axis":"y","origin":[9.05,15.0375,8.44375]},"faces":{"north":{"uv":[1.75,7.125,2.375,7.625],"texture":"#7"}}},{"name":"window","from":[5,15,1],"to":[10,31,1.5],"rotation":{"angle":0,"axis":"y","origin":[9.05,15.0375,8.44375]},"faces":{"north":{"uv":[6.75,2.75,7.375,4.75],"texture":"#7"}}}],"display":{"thirdperson_righthand":{"scale":[0.25,0.25,0.25]},"thirdperson_lefthand":{"scale":[0.25,0.25,0.25]},"firstperson_righthand":{"scale":[0.25,0.25,0.25]},"firstperson_lefthand":{"scale":[0.25,0.25,0.25]},"ground":{"scale":[0.32,0.32,0.32]},"gui":{"rotation":[21,152,0],"translation":[0,-3,0],"scale":[0.41,0.41,0.41]},"head":{"translation":[0,-30.5,0],"scale":[1.6,1.6,1.6]},"fixed":{"translation":[0,-3,-0.25],"scale":[0.55,0.55,0.55]}},"groups":[{"name":"frame","origin":[0,0,0],"children":[0,1,2,3,4,5,6,7,8,9]},{"name":"rows","origin":[0,0,0],"children":[{"name":"bases","origin":[0,0,0],"children":[10,11,12,13,14]},{"name":"partitions","origin":[0,0,0],"children":[{"name":"1","origin":[0,0,0],"children":[15,16,17,18]},{"name":"2","origin":[0,0,0],"children":[19,20,21,22]},{"name":"3","origin":[0,0,0],"children":[23,24,25,26]},{"name":"4","origin":[0,0,0],"children":[27,28,29,30]},{"name":"5","origin":[0,0,0],"children":[31,32,33,34]}]}]},{"name":"front","origin":[9.05,15.0375,8.44375],"children":[35,36,37,38,{"name":"window","origin":[9.05,15.0375,8.44375],"children":[39,40,41,42]}]}]}