{"textures":{"0":"block/black_concrete","1":"block/oak_planks","3":"block/white_concrete_powder","particle":"block/black_concrete","layer0":"block/white_stained_glass"},"elements":[{"from":[4,0,4],"to":[12,1,12],"faces":{"north":{"uv":[0,0,16,16],"texture":"#0"},"east":{"uv":[0,0,16,16],"texture":"#0"},"south":{"uv":[0,0,16,16],"texture":"#0"},"west":{"uv":[0,0,16,16],"texture":"#0"},"up":{"uv":[0,0,16,16],"texture":"#0"},"down":{"uv":[0,0,16,16],"texture":"#0"}}},{"from":[7,1,7],"to":[9,3.95,9],"faces":{"north":{"uv":[0,0,3,4],"rotation":90,"texture":"#1"},"east":{"uv":[0,0,3,4],"rotation":90,"texture":"#1"},"south":{"uv":[0,0,3,4],"rotation":90,"texture":"#1"},"west":{"uv":[0,0,3,4],"rotation":90,"texture":"#1"},"up":{"uv":[0,0,3,4],"rotation":90,"texture":"#1"},"down":{"uv":[0,0,3,4],"rotation":90,"texture":"#1"}}},{"from":[6,4,6],"to":[10,10.25,10],"faces":{"north":{"uv":[0,0,3,4],"rotation":90,"texture":"#3","tintindex":0},"east":{"uv":[0,0,3,4],"rotation":90,"texture":"#3","tintindex":0},"south":{"uv":[0,0,3,4],"rotation":90,"texture":"#3","tintindex":0},"west":{"uv":[0,0,3,4],"rotation":90,"texture":"#3","tintindex":0},"up":{"uv":[0,0,3,4],"rotation":90,"texture":"#3","tintindex":0},"down":{"uv":[0,0,3,4],"rotation":90,"texture":"#3","tintindex":0}}},{"from":[11,4,5],"to":[11,11,11],"faces":{"east":{"uv":[0,0,16,16],"rotation":90,"texture":"#layer0","tintindex":0},"west":{"uv":[0,0,16,16],"rotation":90,"texture":"#layer0"}}},{"from":[5,4,5],"to":[11,4,11],"rotation":{"angle":0,"axis":"z","origin":[11,7.5,8]},"faces":{"up":{"uv":[0,0,16,16],"texture":"#layer0"},"down":{"uv":[0,0,16,16],"texture":"#layer0","tintindex":0}}},{"from":[5,11,5],"to":[11,11,11],"rotation":{"angle":0,"axis":"z","origin":[11,7.5,8]},"faces":{"up":{"uv":[0,0,16,16],"texture":"#layer0","tintindex":0},"down":{"uv":[0,0,16,16],"texture":"#layer0"}}},{"from":[5,4,5],"to":[11,11,5],"rotation":{"angle":0,"axis":"y","origin":[8,7.5,8]},"faces":{"north":{"uv":[0,0,16,16],"rotation":90,"texture":"#layer0","tintindex":0},"south":{"uv":[0,0,16,16],"rotation":90,"texture":"#layer0"}}},{"from":[5,4,5],"to":[5,11,11],"faces":{"north":{"uv":[0,0,16,16],"rotation":90,"texture":"#layer0"},"east":{"uv":[0,0,16,16],"rotation":90,"texture":"#layer0"},"south":{"uv":[0,0,16,16],"rotation":90,"texture":"#layer0"},"west":{"uv":[0,0,16,16],"rotation":90,"texture":"#layer0","tintindex":0},"up":{"uv":[0,0,16,16],"rotation":90,"texture":"#layer0"},"down":{"uv":[0,0,16,16],"rotation":90,"texture":"#layer0"}}},{"from":[5,4,11],"to":[11,11,11],"rotation":{"angle":0,"axis":"y","origin":[8,7.5,8]},"faces":{"north":{"uv":[0,0,16,16],"rotation":90,"texture":"#layer0"},"south":{"uv":[0,0,16,16],"rotation":90,"texture":"#layer0","tintindex":0}}}],"display":{"thirdperson_righthand":{"rotation":[70,45,0],"translation":[0,1.75,1.5],"scale":[0.25,0.25,0.25]},"firstperson_righthand":{"rotation":[0,-45,0],"translation":[3,0,0],"scale":[0.4,0.4,0.4]},"ground":{"translation":[0,3.5,0],"scale":[0.25,0.25,0.25]},"gui":{"rotation":[25,45,0],"translation":[0,2.75,0]},"head":{"translation":[0,-15,0],"scale":[2.3,2.3,2.3]},"fixed":{"rotation":[-90,-180,0],"translation":[0,0,-15],"scale":[2,2,2]}},"groups":[0,1,2,{"name":"group","origin":[0,0,0],"children":[3,4,5,6,7,8]}]}