{"credit":"MadewithBlockbench","parent":"paper","texture_size":[64,64],"textures":{"5":"customshop:item/briefcase/amethyst_briefcase"},"elements":[{"name":"base","from":[1,1.9,12.85],"to":[15,15.9,13.85],"rotation":{"angle":-22.5,"axis":"x","origin":[8,10.9,8]},"faces":{"north":{"uv":[3.5,0,7,3.5],"texture":"#5"},"east":{"uv":[6.5,7,6.75,10.5],"texture":"#5"},"south":{"uv":[3.5,3.5,7,7],"texture":"#5"},"west":{"uv":[7,6.5,7.25,10],"texture":"#5"},"up":{"uv":[10.75,6.75,7.25,6.5],"texture":"#5"},"down":{"uv":[10.75,6.75,7.25,7],"texture":"#5"}}},{"from":[14,2.9,11.85],"to":[15,14.9,12.85],"rotation":{"angle":-22.5,"axis":"x","origin":[8,10.9,8]},"faces":{"north":{"uv":[4.25,7.75,4.5,10.75],"texture":"#5"},"east":{"uv":[4.5,7.75,4.75,10.75],"texture":"#5"},"south":{"uv":[4.75,7.75,5,10.75],"texture":"#5"},"west":{"uv":[5,7.75,5.25,10.75],"texture":"#5"},"up":{"uv":[10,8.5,9.75,8.25],"texture":"#5"},"down":{"uv":[8.75,9.75,8.5,10],"texture":"#5"}}},{"from":[1,14.9,11.85],"to":[15,15.9,12.85],"rotation":{"angle":-22.5,"axis":"x","origin":[8,10.9,8]},"faces":{"north":{"uv":[7.25,7,10.75,7.25],"texture":"#5"},"east":{"uv":[9.75,8.5,10,8.75],"texture":"#5"},"south":{"uv":[7.25,7.25,10.75,7.5],"texture":"#5"},"west":{"uv":[8.75,9.75,9,10],"texture":"#5"},"up":{"uv":[10.75,7.75,7.25,7.5],"texture":"#5"},"down":{"uv":[3.5,7.75,0,8],"texture":"#5"}}},{"from":[1,1.9,11.85],"to":[15,2.9,12.85],"rotation":{"angle":-22.5,"axis":"x","origin":[8,10.9,8]},"faces":{"north":{"uv":[7.25,7.75,10.75,8],"texture":"#5"},"east":{"uv":[9.75,8.75,10,9],"texture":"#5"},"south":{"uv":[0,8,3.5,8.25],"texture":"#5"},"west":{"uv":[9,9.75,9.25,10],"texture":"#5"},"up":{"uv":[10.75,8.25,7.25,8],"texture":"#5"},"down":{"uv":[3.5,8.25,0,8.5],"texture":"#5"}}},{"from":[1,2.9,11.85],"to":[2,14.9,12.85],"rotation":{"angle":-22.5,"axis":"x","origin":[8,10.9,8]},"faces":{"north":{"uv":[5.25,7.75,5.5,10.75],"texture":"#5"},"east":{"uv":[5.5,7.75,5.75,10.75],"texture":"#5"},"south":{"uv":[5.75,7.75,6,10.75],"texture":"#5"},"west":{"uv":[6,7.75,6.25,10.75],"texture":"#5"},"up":{"uv":[10,9.25,9.75,9],"texture":"#5"},"down":{"uv":[9.5,9.75,9.25,10],"texture":"#5"}}},{"from":[3,15.9,11.85],"to":[4,16.4,12.85],"rotation":{"angle":-22.5,"axis":"x","origin":[8,10.9,8]},"faces":{"north":{"uv":[10,3,10.25,3.25],"texture":"#5"},"east":{"uv":[3.25,10,3.5,10.25],"texture":"#5"},"south":{"uv":[10,3.25,10.25,3.5],"texture":"#5"},"west":{"uv":[10,3.5,10.25,3.75],"texture":"#5"},"up":{"uv":[10.25,4,10,3.75],"texture":"#5"},"down":{"uv":[10.25,4,10,4.25],"texture":"#5"}}},{"from":[12,15.9,11.85],"to":[13,16.4,12.85],"rotation":{"angle":-22.5,"axis":"x","origin":[8,10.9,8]},"faces":{"north":{"uv":[10,2.25,10.25,2.5],"texture":"#5"},"east":{"uv":[2.5,10,2.75,10.25],"texture":"#5"},"south":{"uv":[10,2.5,10.25,2.75],"texture":"#5"},"west":{"uv":[2.75,10,3,10.25],"texture":"#5"},"up":{"uv":[10.25,3,10,2.75],"texture":"#5"},"down":{"uv":[3.25,10,3,10.25],"texture":"#5"}}},{"from":[12,17.53236,7.58591],"to":[13,17.78236,9.08591],"rotation":{"angle":45,"axis":"x","origin":[8,17.03236,9.08591]},"faces":{"north":{"uv":[6.75,10,7,10.25],"texture":"#5"},"east":{"uv":[2.5,9.75,3,10],"texture":"#5"},"south":{"uv":[7,10,7.25,10.25],"texture":"#5"},"west":{"uv":[3,9.75,3.5,10],"texture":"#5"},"up":{"uv":[7.5,10.25,7.25,9.75],"texture":"#5"},"down":{"uv":[8.5,9.75,8.25,10.25],"texture":"#5"}}},{"from":[3,17.53236,7.58591],"to":[4,17.78236,9.08591],"rotation":{"angle":45,"axis":"x","origin":[8,17.03236,9.08591]},"faces":{"north":{"uv":[10,4.25,10.25,4.5],"texture":"#5"},"east":{"uv":[8.25,9.5,8.75,9.75],"texture":"#5"},"south":{"uv":[6.25,10,6.5,10.25],"texture":"#5"},"west":{"uv":[8.75,9.5,9.25,9.75],"texture":"#5"},"up":{"uv":[9.75,9.25,9.5,8.75],"texture":"#5"},"down":{"uv":[9.75,9.25,9.5,9.75],"texture":"#5"}}},{"name":"base","from":[1,0,1],"to":[15,1,15],"rotation":{"angle":0,"axis":"y","origin":[8,6.5,8]},"faces":{"north":{"uv":[7,4.5,10.5,4.75],"texture":"#5"},"east":{"uv":[7,4.75,10.5,5],"texture":"#5"},"south":{"uv":[7,5,10.5,5.25],"texture":"#5"},"west":{"uv":[7,5.25,10.5,5.5],"texture":"#5"},"up":{"uv":[3.5,3.5,0,0],"texture":"#5"},"down":{"uv":[3.5,3.5,0,7],"texture":"#5"}}},{"from":[14,1,2],"to":[15,4,14],"rotation":{"angle":0,"axis":"y","origin":[0,6,0]},"faces":{"north":{"uv":[8.75,8.25,9,9],"texture":"#5"},"east":{"uv":[3.5,7,6.5,7.75],"texture":"#5"},"south":{"uv":[9,8.25,9.25,9],"texture":"#5"},"west":{"uv":[7,3.75,10,4.5],"texture":"#5"},"up":{"uv":[4,10.75,3.75,7.75],"texture":"#5"},"down":{"uv":[4.25,7.75,4,10.75],"texture":"#5"}}},{"from":[1,1,1],"to":[15,4,2],"rotation":{"angle":0,"axis":"y","origin":[0,6,0]},"faces":{"north":{"uv":[0,7,3.5,7.75],"texture":"#5"},"east":{"uv":[2.5,8.5,2.75,9.25],"texture":"#5"},"south":{"uv":[7,0,10.5,0.75],"texture":"#5"},"west":{"uv":[2.75,8.5,3,9.25],"texture":"#5"},"up":{"uv":[10.5,5.75,7,5.5],"texture":"#5"},"down":{"uv":[10.5,5.75,7,6],"texture":"#5"}}},{"from":[1,1,14],"to":[15,4,15],"rotation":{"angle":0,"axis":"y","origin":[0,6,0]},"faces":{"north":{"uv":[7,0.75,10.5,1.5],"texture":"#5"},"east":{"uv":[3,8.5,3.25,9.25],"texture":"#5"},"south":{"uv":[7,1.5,10.5,2.25],"texture":"#5"},"west":{"uv":[3.25,8.5,3.5,9.25],"texture":"#5"},"up":{"uv":[10.5,6.25,7,6],"texture":"#5"},"down":{"uv":[10.5,6.25,7,6.5],"texture":"#5"}}},{"from":[1,1,2],"to":[2,4,14],"rotation":{"angle":0,"axis":"y","origin":[0,6,0]},"faces":{"north":{"uv":[8.5,8.25,8.75,9],"texture":"#5"},"east":{"uv":[7,2.25,10,3],"texture":"#5"},"south":{"uv":[6.25,8.75,6.5,9.5],"texture":"#5"},"west":{"uv":[7,3,10,3.75],"texture":"#5"},"up":{"uv":[7,10,6.75,7],"texture":"#5"},"down":{"uv":[3.75,7.75,3.5,10.75],"texture":"#5"}}},{"from":[9,2,0.25],"to":[10,3.5,1],"rotation":{"angle":0,"axis":"y","origin":[0,-0.5,0]},"faces":{"north":{"uv":[8.5,9,8.75,9.5],"texture":"#5"},"east":{"uv":[8.75,9,9,9.5],"texture":"#5"},"south":{"uv":[9,9,9.25,9.5],"texture":"#5"},"west":{"uv":[2.5,9.25,2.75,9.75],"texture":"#5"},"up":{"uv":[10,9.5,9.75,9.25],"texture":"#5"},"down":{"uv":[9.75,9.75,9.5,10],"texture":"#5"}}},{"from":[6,2,0.25],"to":[7,3.5,1],"rotation":{"angle":0,"axis":"y","origin":[0,-0.5,0]},"faces":{"north":{"uv":[2.75,9.25,3,9.75],"texture":"#5"},"east":{"uv":[3,9.25,3.25,9.75],"texture":"#5"},"south":{"uv":[3.25,9.25,3.5,9.75],"texture":"#5"},"west":{"uv":[7.25,9.25,7.5,9.75],"texture":"#5"},"up":{"uv":[10,9.75,9.75,9.5],"texture":"#5"},"down":{"uv":[10,9.75,9.75,10],"texture":"#5"}}},{"from":[7,1,0.25],"to":[9,2,1],"rotation":{"angle":0,"axis":"y","origin":[0,-1,0]},"faces":{"north":{"uv":[7.5,9.25,8,9.5],"texture":"#5"},"east":{"uv":[0,10,0.25,10.25],"texture":"#5"},"south":{"uv":[8,9.25,8.5,9.5],"texture":"#5"},"west":{"uv":[0.25,10,0.5,10.25],"texture":"#5"},"up":{"uv":[9.75,8.5,9.25,8.25],"texture":"#5"},"down":{"uv":[9.75,8.5,9.25,8.75],"texture":"#5"}}},{"from":[6.5,0.75,0.5],"to":[7.5,2.25,1],"rotation":{"angle":45,"axis":"z","origin":[6.5,1.5,0.5]},"faces":{"north":{"uv":[9.25,8.75,9.5,9.25],"texture":"#5"},"east":{"uv":[9.25,9.25,9.5,9.75],"texture":"#5"},"south":{"uv":[0,9.5,0.25,10],"texture":"#5"},"west":{"uv":[0.25,9.5,0.5,10],"texture":"#5"},"up":{"uv":[0.75,10.25,0.5,10],"texture":"#5"},"down":{"uv":[1,10,0.75,10.25],"texture":"#5"}}},{"from":[8.5,0.75,0.5],"to":[9.5,2.25,1],"rotation":{"angle":-45,"axis":"z","origin":[9.5,1.5,0.5]},"faces":{"north":{"uv":[0.5,9.5,0.75,10],"texture":"#5"},"east":{"uv":[0.75,9.5,1,10],"texture":"#5"},"south":{"uv":[1,9.5,1.25,10],"texture":"#5"},"west":{"uv":[1.25,9.5,1.5,10],"texture":"#5"},"up":{"uv":[1.25,10.25,1,10],"texture":"#5"},"down":{"uv":[1.5,10,1.25,10.25],"texture":"#5"}}},{"from":[3,2.25,0.5],"to":[4,4,1],"faces":{"north":{"uv":[1.5,9.5,1.75,10],"texture":"#5"},"east":{"uv":[1.75,9.5,2,10],"texture":"#5"},"south":{"uv":[2,9.5,2.25,10],"texture":"#5"},"west":{"uv":[2.25,9.5,2.5,10],"texture":"#5"},"up":{"uv":[1.75,10.25,1.5,10],"texture":"#5"},"down":{"uv":[2,10,1.75,10.25],"texture":"#5"}}},{"from":[12,2.25,0.5],"to":[13,4,1],"faces":{"north":{"uv":[6.25,9.5,6.5,10],"texture":"#5"},"east":{"uv":[7.5,9.5,7.75,10],"texture":"#5"},"south":{"uv":[7.75,9.5,8,10],"texture":"#5"},"west":{"uv":[8,9.5,8.25,10],"texture":"#5"},"up":{"uv":[2.25,10.25,2,10],"texture":"#5"},"down":{"uv":[2.5,10,2.25,10.25],"texture":"#5"}}},{"from":[2,0.81066,6.75305],"to":[2.25,4.81066,7.75305],"rotation":{"angle":45,"axis":"x","origin":[13.5,0.06066,11.25305]},"faces":{"north":{"uv":[0.5,8.5,0.75,9.5],"texture":"#5"},"east":{"uv":[0.75,8.5,1,9.5],"texture":"#5"},"south":{"uv":[1,8.5,1.25,9.5],"texture":"#5"},"west":{"uv":[1.25,8.5,1.5,9.5],"texture":"#5"},"up":{"uv":[8.75,10.25,8.5,10],"texture":"#5"},"down":{"uv":[10.25,8.5,10,8.75],"texture":"#5"}}},{"from":[13.75,5.81066,8.75305],"to":[14,9.81066,9.75305],"rotation":{"angle":22.5,"axis":"x","origin":[13.5,0.06066,11.25305]},"faces":{"north":{"uv":[6.25,7.75,6.5,8.75],"texture":"#5"},"east":{"uv":[7.25,8.25,7.5,9.25],"texture":"#5"},"south":{"uv":[7.5,8.25,7.75,9.25],"texture":"#5"},"west":{"uv":[7.75,8.25,8,9.25],"texture":"#5"},"up":{"uv":[7.75,10.25,7.5,10],"texture":"#5"},"down":{"uv":[8,10,7.75,10.25],"texture":"#5"}}},{"from":[2,5.81066,8.75305],"to":[2.25,9.81066,9.75305],"rotation":{"angle":22.5,"axis":"x","origin":[13.5,0.06066,11.25305]},"faces":{"north":{"uv":[8,8.25,8.25,9.25],"texture":"#5"},"east":{"uv":[8.25,8.25,8.5,9.25],"texture":"#5"},"south":{"uv":[0,8.5,0.25,9.5],"texture":"#5"},"west":{"uv":[0.25,8.5,0.5,9.5],"texture":"#5"},"up":{"uv":[8.25,10.25,8,10],"texture":"#5"},"down":{"uv":[10.25,8.25,10,8.5],"texture":"#5"}}},{"from":[13.75,0.81066,6.75305],"to":[14,4.81066,7.75305],"rotation":{"angle":45,"axis":"x","origin":[13.5,0.06066,11.25305]},"faces":{"north":{"uv":[1.5,8.5,1.75,9.5],"texture":"#5"},"east":{"uv":[1.75,8.5,2,9.5],"texture":"#5"},"south":{"uv":[2,8.5,2.25,9.5],"texture":"#5"},"west":{"uv":[2.25,8.5,2.5,9.5],"texture":"#5"},"up":{"uv":[9,10.25,8.75,10],"texture":"#5"},"down":{"uv":[10.25,8.75,10,9],"texture":"#5"}}}],"display":{"gui":{"rotation":[25,135,0],"scale":[0.6,0.6,0.6]},"head":{"translation":[0,-14,0],"scale":[2.155,2.155,2.155]}},"groups":[{"name":"top-half","origin":[8,8,8],"children":[0,{"name":"sides","origin":[0,0,0],"children":[1,2,3,4]},{"name":"lock","origin":[8,10.9,8],"children":[5,6,7,8]}]},{"name":"bottom-half","origin":[8,8,8],"children":[9,{"name":"sides","origin":[0,0,0],"children":[10,11,12,13]},{"name":"handle","origin":[9.5,2.5,0.5],"children":[14,15,16,17,18]},{"name":"lock","origin":[0,0,0],"children":[19,20]}]},{"name":"pivot","origin":[13.5,0.06066,11.25305],"children":[21,22,23,24]}]}