{"credit":"MadewithBlockbench","parent":"paper","texture_size":[64,64],"textures":{"1":"customshop:item/blackstone_portal","8":"customshop:item/briefcase/blackstone_briefcase"},"elements":[{"name":"base","from":[1,1.9,12.85],"to":[15,15.9,13.85],"rotation":{"angle":-22.5,"axis":"x","origin":[8,10.9,8]},"faces":{"north":{"uv":[0,3.5,3.5,7],"texture":"#8"},"east":{"uv":[7,1.75,7.25,5.25],"texture":"#8"},"south":{"uv":[3.5,0,7,3.5],"texture":"#8"},"west":{"uv":[3,7,3.25,10.5],"texture":"#8"},"up":{"uv":[10.5,5.5,7,5.25],"texture":"#8"},"down":{"uv":[10.5,5.5,7,5.75],"texture":"#8"}}},{"from":[14,2.9,11.85],"to":[15,14.9,12.85],"rotation":{"angle":-22.5,"axis":"x","origin":[8,10.9,8]},"faces":{"north":{"uv":[6.75,7.25,7,10.25],"texture":"#8"},"east":{"uv":[7,7.25,7.25,10.25],"texture":"#8"},"south":{"uv":[7.25,7.25,7.5,10.25],"texture":"#8"},"west":{"uv":[3.25,7.5,3.5,10.5],"texture":"#8"},"up":{"uv":[3.5,7.25,3.25,7],"texture":"#8"},"down":{"uv":[1.75,8.75,1.5,9],"texture":"#8"}}},{"from":[1,14.9,11.85],"to":[15,15.9,12.85],"rotation":{"angle":-22.5,"axis":"x","origin":[8,10.9,8]},"faces":{"north":{"uv":[7,5.75,10.5,6],"texture":"#8"},"east":{"uv":[1.75,8.75,2,9],"texture":"#8"},"south":{"uv":[7,6,10.5,6.25],"texture":"#8"},"west":{"uv":[8.75,3.75,9,4],"texture":"#8"},"up":{"uv":[10.5,6.5,7,6.25],"texture":"#8"},"down":{"uv":[10.75,1.75,7.25,2],"texture":"#8"}}},{"from":[1,1.9,11.85],"to":[15,2.9,12.85],"rotation":{"angle":-22.5,"axis":"x","origin":[8,10.9,8]},"faces":{"north":{"uv":[7.25,2,10.75,2.25],"texture":"#8"},"east":{"uv":[8.75,4,9,4.25],"texture":"#8"},"south":{"uv":[7.25,2.25,10.75,2.5],"texture":"#8"},"west":{"uv":[8.75,4.25,9,4.5],"texture":"#8"},"up":{"uv":[10.75,2.75,7.25,2.5],"texture":"#8"},"down":{"uv":[10.75,2.75,7.25,3],"texture":"#8"}}},{"from":[1,2.9,11.85],"to":[2,14.9,12.85],"rotation":{"angle":-22.5,"axis":"x","origin":[8,10.9,8]},"faces":{"north":{"uv":[3.5,7.5,3.75,10.5],"texture":"#8"},"east":{"uv":[3.75,7.5,4,10.5],"texture":"#8"},"south":{"uv":[4,7.5,4.25,10.5],"texture":"#8"},"west":{"uv":[4.25,7.5,4.5,10.5],"texture":"#8"},"up":{"uv":[9,4.75,8.75,4.5],"texture":"#8"},"down":{"uv":[9,4.75,8.75,5],"texture":"#8"}}},{"from":[3,15.9,11.85],"to":[4,16.4,12.85],"rotation":{"angle":-22.5,"axis":"x","origin":[8,10.9,8]},"faces":{"north":{"uv":[9,4,9.25,4.25],"texture":"#8"},"east":{"uv":[9,4.25,9.25,4.5],"texture":"#8"},"south":{"uv":[9,4.5,9.25,4.75],"texture":"#8"},"west":{"uv":[9,4.75,9.25,5],"texture":"#8"},"up":{"uv":[9.25,5.25,9,5],"texture":"#8"},"down":{"uv":[5.75,9,5.5,9.25],"texture":"#8"}}},{"from":[12,15.9,11.85],"to":[13,16.4,12.85],"rotation":{"angle":-22.5,"axis":"x","origin":[8,10.9,8]},"faces":{"north":{"uv":[1.75,9,2,9.25],"texture":"#8"},"east":{"uv":[2,9,2.25,9.25],"texture":"#8"},"south":{"uv":[2.25,9,2.5,9.25],"texture":"#8"},"west":{"uv":[2.5,9,2.75,9.25],"texture":"#8"},"up":{"uv":[3,9.25,2.75,9],"texture":"#8"},"down":{"uv":[9.25,3.75,9,4],"texture":"#8"}}},{"from":[12,17.53236,7.58591],"to":[13,17.78236,9.08591],"rotation":{"angle":45,"axis":"x","origin":[8,17.03236,9.08591]},"faces":{"north":{"uv":[6.25,9,6.5,9.25],"texture":"#8"},"east":{"uv":[0,8.75,0.5,9],"texture":"#8"},"south":{"uv":[6.5,9,6.75,9.25],"texture":"#8"},"west":{"uv":[0.5,8.75,1,9],"texture":"#8"},"up":{"uv":[1.25,9.25,1,8.75],"texture":"#8"},"down":{"uv":[1.5,8.75,1.25,9.25],"texture":"#8"}}},{"from":[3,17.53236,7.58591],"to":[4,17.78236,9.08591],"rotation":{"angle":45,"axis":"x","origin":[8,17.03236,9.08591]},"faces":{"north":{"uv":[5.75,9,6,9.25],"texture":"#8"},"east":{"uv":[8.5,5,9,5.25],"texture":"#8"},"south":{"uv":[6,9,6.25,9.25],"texture":"#8"},"west":{"uv":[8.5,7.75,9,8],"texture":"#8"},"up":{"uv":[8.75,8.5,8.5,8],"texture":"#8"},"down":{"uv":[8.75,8.5,8.5,9],"texture":"#8"}}},{"name":"base","from":[1,0,1],"to":[15,1,15],"rotation":{"angle":0,"axis":"y","origin":[8,6.5,8]},"faces":{"north":{"uv":[7,0.75,10.5,1],"texture":"#8"},"east":{"uv":[7,1,10.5,1.25],"texture":"#8"},"south":{"uv":[7,1.25,10.5,1.5],"texture":"#8"},"west":{"uv":[7,1.5,10.5,1.75],"texture":"#8"},"up":{"uv":[1,1,15,15],"texture":"#1"},"down":{"uv":[3.5,0,0,3.5],"texture":"#8"}}},{"from":[14,1,2],"to":[15,4,14],"rotation":{"angle":0,"axis":"y","origin":[0,6,0]},"faces":{"north":{"uv":[2.5,7.75,2.75,8.5],"texture":"#8"},"east":{"uv":[3.5,6.5,6.5,7.25],"texture":"#8"},"south":{"uv":[2.75,7.75,3,8.5],"texture":"#8"},"west":{"uv":[6.5,6.5,9.5,7.25],"texture":"#8"},"up":{"uv":[4.75,10.5,4.5,7.5],"texture":"#8"},"down":{"uv":[5,7.5,4.75,10.5],"texture":"#8"}}},{"from":[1,1,1],"to":[15,4,2],"rotation":{"angle":0,"axis":"y","origin":[0,6,0]},"faces":{"north":{"uv":[3.5,3.5,7,4.25],"texture":"#8"},"east":{"uv":[2,7.75,2.25,8.5],"texture":"#8"},"south":{"uv":[3.5,4.25,7,5],"texture":"#8"},"west":{"uv":[2.25,7.75,2.5,8.5],"texture":"#8"},"up":{"uv":[10.75,3.25,7.25,3],"texture":"#8"},"down":{"uv":[6.75,7.25,3.25,7.5],"texture":"#8"}}},{"from":[1,1,14],"to":[15,4,15],"rotation":{"angle":0,"axis":"y","origin":[0,6,0]},"faces":{"north":{"uv":[3.5,5,7,5.75],"texture":"#8"},"east":{"uv":[7.75,3.75,8,4.5],"texture":"#8"},"south":{"uv":[3.5,5.75,7,6.5],"texture":"#8"},"west":{"uv":[7.75,4.5,8,5.25],"texture":"#8"},"up":{"uv":[10.75,3.5,7.25,3.25],"texture":"#8"},"down":{"uv":[10.75,3.5,7.25,3.75],"texture":"#8"}}},{"from":[1,1,2],"to":[2,4,14],"rotation":{"angle":0,"axis":"y","origin":[0,6,0]},"faces":{"north":{"uv":[7.75,7.25,8,8],"texture":"#8"},"east":{"uv":[0,7,3,7.75],"texture":"#8"},"south":{"uv":[8,3.75,8.25,4.5],"texture":"#8"},"west":{"uv":[7,0,10,0.75],"texture":"#8"},"up":{"uv":[5.25,10.5,5,7.5],"texture":"#8"},"down":{"uv":[5.5,7.5,5.25,10.5],"texture":"#8"}}},{"from":[9,2,0.25],"to":[10,3.5,1],"rotation":{"angle":0,"axis":"y","origin":[0,-0.5,0]},"faces":{"north":{"uv":[7.25,4.75,7.5,5.25],"texture":"#8"},"east":{"uv":[7.5,4.75,7.75,5.25],"texture":"#8"},"south":{"uv":[8,4.5,8.25,5],"texture":"#8"},"west":{"uv":[8,7.25,8.25,7.75],"texture":"#8"},"up":{"uv":[9,7.5,8.75,7.25],"texture":"#8"},"down":{"uv":[7.75,8.75,7.5,9],"texture":"#8"}}},{"from":[6,2,0.25],"to":[7,3.5,1],"rotation":{"angle":0,"axis":"y","origin":[0,-0.5,0]},"faces":{"north":{"uv":[7.75,8,8,8.5],"texture":"#8"},"east":{"uv":[8,7.75,8.25,8.25],"texture":"#8"},"south":{"uv":[8.25,3.75,8.5,4.25],"texture":"#8"},"west":{"uv":[8.25,4.25,8.5,4.75],"texture":"#8"},"up":{"uv":[9,7.75,8.75,7.5],"texture":"#8"},"down":{"uv":[8.25,8.75,8,9],"texture":"#8"}}},{"from":[7,1,0.25],"to":[9,2,1],"rotation":{"angle":0,"axis":"y","origin":[0,-1,0]},"faces":{"north":{"uv":[8,5,8.5,5.25],"texture":"#8"},"east":{"uv":[8.75,8,9,8.25],"texture":"#8"},"south":{"uv":[8.25,4.75,8.75,5],"texture":"#8"},"west":{"uv":[8.25,8.75,8.5,9],"texture":"#8"},"up":{"uv":[8.75,7.5,8.25,7.25],"texture":"#8"},"down":{"uv":[8.75,7.5,8.25,7.75],"texture":"#8"}}},{"from":[6.5,0.75,0.5],"to":[7.5,2.25,1],"rotation":{"angle":45,"axis":"z","origin":[6.5,1.5,0.5]},"faces":{"north":{"uv":[7.5,8.25,7.75,8.75],"texture":"#8"},"east":{"uv":[8.25,7.75,8.5,8.25],"texture":"#8"},"south":{"uv":[8,8.25,8.25,8.75],"texture":"#8"},"west":{"uv":[8.25,8.25,8.5,8.75],"texture":"#8"},"up":{"uv":[9,8.5,8.75,8.25],"texture":"#8"},"down":{"uv":[9,8.5,8.75,8.75],"texture":"#8"}}},{"from":[8.5,0.75,0.5],"to":[9.5,2.25,1],"rotation":{"angle":-45,"axis":"z","origin":[9.5,1.5,0.5]},"faces":{"north":{"uv":[2,8.5,2.25,9],"texture":"#8"},"east":{"uv":[2.25,8.5,2.5,9],"texture":"#8"},"south":{"uv":[2.5,8.5,2.75,9],"texture":"#8"},"west":{"uv":[2.75,8.5,3,9],"texture":"#8"},"up":{"uv":[9,9,8.75,8.75],"texture":"#8"},"down":{"uv":[0.25,9,0,9.25],"texture":"#8"}}},{"from":[3,2.25,0.5],"to":[4,4,1],"faces":{"north":{"uv":[8.5,3.75,8.75,4.25],"texture":"#8"},"east":{"uv":[8.5,4.25,8.75,4.75],"texture":"#8"},"south":{"uv":[5.5,8.5,5.75,9],"texture":"#8"},"west":{"uv":[5.75,8.5,6,9],"texture":"#8"},"up":{"uv":[0.5,9.25,0.25,9],"texture":"#8"},"down":{"uv":[0.75,9,0.5,9.25],"texture":"#8"}}},{"from":[12,2.25,0.5],"to":[13,4,1],"faces":{"north":{"uv":[6,8.5,6.25,9],"texture":"#8"},"east":{"uv":[6.25,8.5,6.5,9],"texture":"#8"},"south":{"uv":[6.5,8.5,6.75,9],"texture":"#8"},"west":{"uv":[7.75,8.5,8,9],"texture":"#8"},"up":{"uv":[1,9.25,0.75,9],"texture":"#8"},"down":{"uv":[1.75,9,1.5,9.25],"texture":"#8"}}},{"from":[2,0.81066,6.75305],"to":[2.25,4.81066,7.75305],"rotation":{"angle":45,"axis":"x","origin":[13.5,0.06066,11.25305]},"faces":{"north":{"uv":[0,7.75,0.25,8.75],"texture":"#8"},"east":{"uv":[0.25,7.75,0.5,8.75],"texture":"#8"},"south":{"uv":[0.5,7.75,0.75,8.75],"texture":"#8"},"west":{"uv":[0.75,7.75,1,8.75],"texture":"#8"},"up":{"uv":[9.25,8,9,7.75],"texture":"#8"},"down":{"uv":[8.25,9,8,9.25],"texture":"#8"}}},{"from":[13.75,5.81066,8.75305],"to":[14,9.81066,9.75305],"rotation":{"angle":22.5,"axis":"x","origin":[13.5,0.06066,11.25305]},"faces":{"north":{"uv":[7.25,3.75,7.5,4.75],"texture":"#8"},"east":{"uv":[7.5,3.75,7.75,4.75],"texture":"#8"},"south":{"uv":[5.5,7.5,5.75,8.5],"texture":"#8"},"west":{"uv":[5.75,7.5,6,8.5],"texture":"#8"},"up":{"uv":[9.25,7.5,9,7.25],"texture":"#8"},"down":{"uv":[7.75,9,7.5,9.25],"texture":"#8"}}},{"from":[2,5.81066,8.75305],"to":[2.25,9.81066,9.75305],"rotation":{"angle":22.5,"axis":"x","origin":[13.5,0.06066,11.25305]},"faces":{"north":{"uv":[6,7.5,6.25,8.5],"texture":"#8"},"east":{"uv":[6.25,7.5,6.5,8.5],"texture":"#8"},"south":{"uv":[6.5,7.5,6.75,8.5],"texture":"#8"},"west":{"uv":[7.5,7.25,7.75,8.25],"texture":"#8"},"up":{"uv":[9.25,7.75,9,7.5],"texture":"#8"},"down":{"uv":[8,9,7.75,9.25],"texture":"#8"}}},{"from":[13.75,0.81066,6.75305],"to":[14,4.81066,7.75305],"rotation":{"angle":45,"axis":"x","origin":[13.5,0.06066,11.25305]},"faces":{"north":{"uv":[1,7.75,1.25,8.75],"texture":"#8"},"east":{"uv":[1.25,7.75,1.5,8.75],"texture":"#8"},"south":{"uv":[1.5,7.75,1.75,8.75],"texture":"#8"},"west":{"uv":[1.75,7.75,2,8.75],"texture":"#8"},"up":{"uv":[9.25,8.25,9,8],"texture":"#8"},"down":{"uv":[8.5,9,8.25,9.25],"texture":"#8"}}}],"display":{"gui":{"rotation":[25,135,0],"scale":[0.6,0.6,0.6]},"head":{"translation":[0,-14,0],"scale":[2.155,2.155,2.155]}},"groups":[{"name":"top-half","origin":[8,8,8],"children":[0,{"name":"sides","origin":[0,0,0],"children":[1,2,3,4]},{"name":"lock","origin":[8,10.9,8],"children":[5,6,7,8]}]},{"name":"bottom-half","origin":[8,8,8],"children":[9,{"name":"sides","origin":[0,0,0],"children":[10,11,12,13]},{"name":"handle","origin":[9.5,2.5,0.5],"children":[14,15,16,17,18]},{"name":"lock","origin":[0,0,0],"children":[19,20]}]},{"name":"pivot","origin":[13.5,0.06066,11.25305],"children":[21,22,23,24]}]}