{
    "parent": "item/generated",
    "textures": {
        "layer0": "item/rabbit_hide"
    },
    "overrides": [
    {
      "predicate": {
        "custom_model_data": 1
      },
      "model": "item/vehicles/tankisbase"
    },
    {
      "predicate": {
        "custom_model_data": 2
      },
      "model": "item/vehicles/moskvitch"
    },
    {
      "predicate": {
        "custom_model_data": 3
      },
      "model": "item/vehicles/ladaniva"
    },
    {
      "predicate": {
        "custom_model_data": 4
      },
      "model": "item/vehicles/jeep"
    },
    {
      "predicate": {
        "custom_model_data": 5
      },
      "model": "item/vehicles/heli"
    },
    {
      "predicate": {
        "custom_model_data": 6
      },
      "model": "item/vehicles/civilboat1"
    },
    {
      "predicate": {
        "custom_model_data": 7
      },
      "model": "item/vehicles/mig1"
    },
    {
      "predicate": {
        "custom_model_data": 8
      },
      "model": "item/vehicles/polikarpov"
    },
    {
      "predicate": {
        "custom_model_data": 9
      },
      "model": "item/vehicles/cadillac62"
    },
    {
      "predicate": {
        "custom_model_data": 10
      },
      "model": "item/vehicles/motorcycle"
    },
    {
      "predicate": {
        "custom_model_data": 11
      },
      "model": "item/vehicles/truck"
    },    
    {
      "predicate": {
        "custom_model_data": 12
      },
      "model": "item/vehicles/shoppingcart"
    },    
    {
      "predicate": {
        "custom_model_data": 13
      },
      "model": "item/vehicles/policeveh"
    },
    {
      "predicate": {
        "custom_model_data": 14
      },
      "model": "item/vehicles/unmarkedvan"
    },
    {
      "predicate": {
        "custom_model_data": 15
      },
      "model": "item/vehicles/bus"
    },
    {
      "predicate": {
        "custom_model_data": 16
      },
      "model": "item/vehicles/b2plane"
    },
    {
      "predicate": {
        "custom_model_data": 17
      },
      "model": "item/vehicles/privateplane"
    },
    {
      "predicate": {
        "custom_model_data": 18
      },
      "model": "item/vehicles/ambulance"
    },
    {
      "predicate": {
        "custom_model_data": 19
      },
      "model": "item/vehicles/swspeederbike"
    },
    {
      "predicate": {
        "custom_model_data": 20
      },
      "model": "item/vehicles/swlandspeeder"
    },
    {
      "predicate": {
        "custom_model_data": 21
      },
      "model": "item/vehicles/trolly"
    },
    {
      "predicate": {
        "custom_model_data": 22
      },
      "model": "item/vehicles/bumpercarred"
    },
    {
      "predicate": {
        "custom_model_data": 23
      },
      "model": "item/vehicles/firetruck"
    },
    {
      "predicate": {
        "custom_model_data": 24
      },
      "model": "item/vehicles/taxi"
    },
    {
      "predicate": {
        "custom_model_data": 25
      },
      "model": "item/vehicles/hearse"
    },
    {
      "predicate": {
        "custom_model_data": 26
      },
      "model": "item/vehicles/ufo"
    },
    {
      "predicate": {
        "custom_model_data": 27
      },
      "model": "item/vehicles/newsvan"
    },
    {
      "predicate": {
        "custom_model_data": 28
      },
      "model": "item/vehicles/swatvan"
    },
    {
      "predicate": {
        "custom_model_data": 29
      },
      "model": "item/vehicles/streetsweep"
    },
    {
      "predicate": {
        "custom_model_data": 30
      },
      "model": "item/vehicles/heliorange"
    },
    {
      "predicate": {
        "custom_model_data": 31
      },
      "model": "item/vehicles/garbagetruck"
    },
    {
      "predicate": {
        "custom_model_data": 32
      },
      "model": "item/vehicles/preslimo"
    },
    {
      "predicate": {
        "custom_model_data": 33
      },
      "model": "item/vehicles/lamborghini"
    },
    {
      "predicate": {
        "custom_model_data": 34
      },
      "model": "item/vehicles/warthog"
    },
    {
      "predicate": {
        "custom_model_data": 35
      },
      "model": "item/vehicles/halofalcon"
    },
    {
      "predicate": {
        "custom_model_data": 36
      },
      "model": "item/vehicles/schoolbus"
    },
    {
      "predicate": {
        "custom_model_data": 37
      },
      "model": "item/vehicles/bmw"
    },
    {
      "predicate": {
        "custom_model_data": 38
      },
      "model": "item/misc/fueltank"
    },
    {
      "predicate": {
        "custom_model_data": 39
      },
      "model": "item/vehicles/motorcycleazul"
    },
    {
      "predicate": {
        "custom_model_data": 40
      },
      "model": "item/vehicles/motorcyclecamuflado"
    },
    {
      "predicate": {
        "custom_model_data": 41
      },
      "model": "item/vehicles/motorcyclecyan"
    },
    {
      "predicate": {
        "custom_model_data": 42
      },
      "model": "item/vehicles/motorcycledorado"
    },
    {
      "predicate": {
        "custom_model_data": 43
      },
      "model": "item/vehicles/motorcyclegris"
    },
    {
      "predicate": {
        "custom_model_data": 44
      },
      "model": "item/vehicles/motorcyclegrisoscuro"
    },
    {
      "predicate": {
        "custom_model_data": 45
      },
      "model": "item/vehicles/motorcyclenegro"
    },
    {
      "predicate": {
        "custom_model_data": 46
      },
      "model": "item/vehicles/motorcyclerosado"
    },
    {
      "predicate": {
        "custom_model_data": 47
      },
      "model": "item/vehicles/motorcycleverde"
    },
    {
      "predicate": {
        "custom_model_data": 48
      },
      "model": "item/vehicles/motorcyclevioleta"
    },
    {
      "predicate": {
        "custom_model_data": 49
      },
      "model": "item/vehicles/cadillac62azul"
    },
    {
      "predicate": {
        "custom_model_data": 50
      },
      "model": "item/vehicles/cadillac62blanco"
    },
    {
      "predicate": {
        "custom_model_data": 51
      },
      "model": "item/vehicles/cadillac62camuflado"
    },
    {
      "predicate": {
        "custom_model_data": 52
      },
      "model": "item/vehicles/cadillac62gris"
    },
    {
      "predicate": {
        "custom_model_data": 53
      },
      "model": "item/vehicles/cadillac62marron"
    },
    {
      "predicate": {
        "custom_model_data": 54
      },
      "model": "item/vehicles/cadillac62naranja"
    },
    {
      "predicate": {
        "custom_model_data": 55
      },
      "model": "item/vehicles/cadillac62negro"
    },
    {
      "predicate": {
        "custom_model_data": 56
      },
      "model": "item/vehicles/cadillac62rojo"
    },
    {
      "predicate": {
        "custom_model_data": 57
      },
      "model": "item/vehicles/cadillac62rosado"
    },
    {
      "predicate": {
        "custom_model_data": 58
      },
      "model": "item/vehicles/cadillac62verde"
    },
    {
      "predicate": {
        "custom_model_data": 59
      },
      "model": "item/vehicles/cadillac62verdeclaro"
    },
    {
      "predicate": {
        "custom_model_data": 60
      },
      "model": "item/vehicles/camionnegro"
    },
    {
      "predicate": {
        "custom_model_data": 61
      },
      "model": "item/vehicles/camionverde"
    },
    {
      "predicate": {
        "custom_model_data": 62
      },
      "model": "item/vehicles/jeepcamuflado"
    },
    {
      "predicate": {
        "custom_model_data": 63
      },
      "model": "item/vehicles/jeepdorado"
    },
    {
      "predicate": {
        "custom_model_data": 64
      },
      "model": "item/vehicles/jeepnaranja"
    },
    {
      "predicate": {
        "custom_model_data": 65
      },
      "model": "item/vehicles/jeepnegro"
    },
    {
      "predicate": {
        "custom_model_data": 66
      },
      "model": "item/vehicles/jeepvioleta"
    },
    {
      "predicate": {
        "custom_model_data": 67
      },
      "model": "item/vehicles/ladanivaazul"
    },
    {
      "predicate": {
        "custom_model_data": 68
      },
      "model": "item/vehicles/ladanivaazuloscuro"
    },
    {
      "predicate": {
        "custom_model_data": 69
      },
      "model": "item/vehicles/ladanivabordo"
    },
    {
      "predicate": {
        "custom_model_data": 70
      },
      "model": "item/vehicles/ladanivacamuflado"
    },
    {
      "predicate": {
        "custom_model_data": 71
      },
      "model": "item/vehicles/ladanivacyan"
    },
    {
      "predicate": {
        "custom_model_data": 72
      },
      "model": "item/vehicles/ladanivadorado"
    },
    {
      "predicate": {
        "custom_model_data": 73
      },
      "model": "item/vehicles/ladanivagrisclaro"
    },
    {
      "predicate": {
        "custom_model_data": 74
      },
      "model": "item/vehicles/ladanivagrisoscuro"
    },
    {
      "predicate": {
        "custom_model_data": 75
      },
      "model": "item/vehicles/ladanivamorado"
    },
    {
      "predicate": {
        "custom_model_data": 76
      },
      "model": "item/vehicles/ladanivanegro"
    },
    {
      "predicate": {
        "custom_model_data": 77
      },
      "model": "item/vehicles/ladanivarojo"
    },
    {
      "predicate": {
        "custom_model_data": 78
      },
      "model": "item/vehicles/ladanivarojofuerte"
    },
    {
      "predicate": {
        "custom_model_data": 79
      },
      "model": "item/vehicles/ladanivarosa"
    },
    {
      "predicate": {
        "custom_model_data": 80
      },
      "model": "item/vehicles/ladanivaverde"
    },
    {
      "predicate": {
        "custom_model_data": 81
      },
      "model": "item/vehicles/ladanivavioletaoscuro"
    },
    {
      "predicate": {
        "custom_model_data": 82
      },
      "model": "item/vehicles/lamborghiniazul"
    },
    {
      "predicate": {
        "custom_model_data": 83
      },
      "model": "item/vehicles/lamborghinibordo"
    },
    {
      "predicate": {
        "custom_model_data": 84
      },
      "model": "item/vehicles/lamborghinicyan"
    },
    {
      "predicate": {
        "custom_model_data": 85
      },
      "model": "item/vehicles/lamborghininaranja"
    },
    {
      "predicate": {
        "custom_model_data": 86
      },
      "model": "item/vehicles/lamborghinirojo"
    },
    {
      "predicate": {
        "custom_model_data": 87
      },
      "model": "item/vehicles/lamborghiniverde"
    },
    {
      "predicate": {
        "custom_model_data": 88
      },
      "model": "item/vehicles/lamborghinivioleta"
    },
    {
      "predicate": {
        "custom_model_data": 89
      },
      "model": "item/vehicles/moskvitchbordo"
    },
    {
      "predicate": {
        "custom_model_data": 90
      },
      "model": "item/vehicles/moskvitchcyan"
    },
    {
      "predicate": {
        "custom_model_data": 91
      },
      "model": "item/vehicles/moskvitchdorado"
    },
    {
      "predicate": {
        "custom_model_data": 92
      },
      "model": "item/vehicles/moskvitchgrisclaro"
    },
    {
      "predicate": {
        "custom_model_data": 93
      },
      "model": "item/vehicles/moskvitchgrisoscuro"
    },
    {
      "predicate": {
        "custom_model_data": 94
      },
      "model": "item/vehicles/moskvitchnegro"
    },
    {
      "predicate": {
        "custom_model_data": 95
      },
      "model": "item/vehicles/moskvitchrosa"
    },
    {
      "predicate": {
        "custom_model_data": 96
      },
      "model": "item/vehicles/moskvitchverde"
    },
    {
      "predicate": {
        "custom_model_data": 97
      },
      "model": "item/vehicles/moskvitchvioleta"
    },
    {
      "predicate": {
        "custom_model_data": 98
      },
      "model": "item/vehicles/warthogazul"
    },
    {
      "predicate": {
        "custom_model_data": 99
      },
      "model": "item/vehicles/warthogrojo"
    },
    {
      "predicate": {
        "custom_model_data": 101
      },
      "model": "item/vehicles/cadillac62azul"
    },
    {
      "predicate": {
        "custom_model_data": 102
      },
      "model": "item/vehicles/jeepazul"
    },
    {
      "predicate": {
        "custom_model_data": 103
      },
      "model": "item/vehicles/moskvitchazul"
    }
	]
}
