{"credit":"Made by spike5032","textures":{"0":"block/bone_block_side","1":"block/campfire_fire","2":"block/oak_log","3":"block/anvil","4":"block/chain","particle":"block/bone_block_side"},"elements":[{"from":[16.811,5.03405,15.97875],"to":[16.811,7.06905,17.58475],"rotation":{"angle":45,"axis":"y","origin":[16.78585,4.56904,16.80809]},"faces":{"north":{"uv":[0.34367,3.3125,0.44719,3.46777],"texture":"#missing"},"east":{"uv":[0,0,16,16],"texture":"#1"},"south":{"uv":[0.34367,3.3125,0.44719,3.46777],"texture":"#missing"},"west":{"uv":[0,0,16,16],"texture":"#1"},"up":{"uv":[0.34367,3.3125,0.44719,3.46777],"texture":"#missing"},"down":{"uv":[0.34367,3.3125,0.44719,3.46777],"texture":"#missing"}}},{"from":[15.93342,5.03405,16.79108],"to":[17.53942,7.06905,16.79108],"rotation":{"angle":45,"axis":"y","origin":[16.78585,4.56904,16.80809]},"faces":{"north":{"uv":[0,0,16,16],"texture":"#1"},"east":{"uv":[0.34367,3.3125,0.44719,3.46777],"texture":"#missing"},"south":{"uv":[0,0,16,16],"texture":"#1"},"west":{"uv":[0.34367,3.3125,0.44719,3.46777],"texture":"#missing"},"up":{"uv":[0.34367,3.3125,0.44719,3.46777],"texture":"#missing"},"down":{"uv":[0.34367,3.3125,0.44719,3.46777],"texture":"#missing"}}},{"from":[-1.5625,5.03405,16.78295],"to":[0.0435,7.06905,16.78295],"rotation":{"angle":45,"axis":"y","origin":[-0.78585,4.56904,16.80809]},"faces":{"north":{"uv":[0,0,16,16],"texture":"#1"},"east":{"uv":[0.34367,3.3125,0.44719,3.46777],"texture":"#missing"},"south":{"uv":[0,0,16,16],"texture":"#1"},"west":{"uv":[0.34367,3.3125,0.44719,3.46777],"texture":"#missing"},"up":{"uv":[0.34367,3.3125,0.44719,3.46777],"texture":"#missing"},"down":{"uv":[0.34367,3.3125,0.44719,3.46777],"texture":"#missing"}}},{"from":[-0.76883,5.03405,16.05452],"to":[-0.76883,7.06905,17.66052],"rotation":{"angle":45,"axis":"y","origin":[-0.78585,4.56904,16.80809]},"faces":{"north":{"uv":[0.34367,3.3125,0.44719,3.46777],"texture":"#missing"},"east":{"uv":[0,0,16,16],"texture":"#1"},"south":{"uv":[0.34367,3.3125,0.44719,3.46777],"texture":"#missing"},"west":{"uv":[0,0,16,16],"texture":"#1"},"up":{"uv":[0.34367,3.3125,0.44719,3.46777],"texture":"#missing"},"down":{"uv":[0.34367,3.3125,0.44719,3.46777],"texture":"#missing"}}},{"from":[-1.61519,5.03405,-0.83324],"to":[-0.00919,7.06905,-0.83324],"rotation":{"angle":45,"axis":"y","origin":[-0.78585,4.56904,-0.80809]},"faces":{"north":{"uv":[0,0,16,16],"texture":"#1"},"east":{"uv":[0.34367,3.3125,0.44719,3.46777],"texture":"#missing"},"south":{"uv":[0,0,16,16],"texture":"#1"},"west":{"uv":[0.34367,3.3125,0.44719,3.46777],"texture":"#missing"},"up":{"uv":[0.34367,3.3125,0.44719,3.46777],"texture":"#missing"},"down":{"uv":[0.34367,3.3125,0.44719,3.46777],"texture":"#missing"}}},{"from":[16.80286,5.03405,-1.56167],"to":[16.80286,7.06905,0.04433],"rotation":{"angle":-45,"axis":"y","origin":[16.78585,4.56904,-0.80809]},"faces":{"north":{"uv":[0,0,16,16],"texture":"#1"},"east":{"uv":[0,0,16,16],"texture":"#1"},"south":{"uv":[0,0,16,16],"texture":"#1"},"west":{"uv":[0,0,16,16],"texture":"#1"},"up":{"uv":[0,0,16,16],"texture":"#1"},"down":{"uv":[0,0,16,16],"texture":"#1"}}},{"from":[16.00919,5.03405,-0.83324],"to":[17.61519,7.06905,-0.83324],"rotation":{"angle":-45,"axis":"y","origin":[16.78585,4.56904,-0.80809]},"faces":{"north":{"uv":[0,0,16,16],"texture":"#1"},"east":{"uv":[0.34367,3.3125,0.44719,3.46777],"texture":"#missing"},"south":{"uv":[0,0,16,16],"texture":"#1"},"west":{"uv":[0.34367,3.3125,0.44719,3.46777],"texture":"#missing"},"up":{"uv":[0.34367,3.3125,0.44719,3.46777],"texture":"#missing"},"down":{"uv":[0.34367,3.3125,0.44719,3.46777],"texture":"#missing"}}},{"from":[-0.80286,5.03405,-1.56167],"to":[-0.80286,7.06905,0.04433],"rotation":{"angle":45,"axis":"y","origin":[-0.78585,4.56904,-0.80809]},"faces":{"north":{"uv":[0.34367,3.3125,0.44719,3.46777],"texture":"#missing"},"east":{"uv":[0,0,16,16],"texture":"#1"},"south":{"uv":[0.34367,3.3125,0.44719,3.46777],"texture":"#missing"},"west":{"uv":[0,0,16,16],"texture":"#1"},"up":{"uv":[0.34367,3.3125,0.44719,3.46777],"texture":"#missing"},"down":{"uv":[0.34367,3.3125,0.44719,3.46777],"texture":"#missing"}}},{"from":[-1.58927,2.16603,-1.63221],"to":[0.01673,5.03703,-0.02621],"rotation":{"angle":0,"axis":"y","origin":[-0.78585,4.56904,-0.80809]},"faces":{"north":{"uv":[0,0,16,16],"rotation":180,"texture":"#0"},"east":{"uv":[0,0,16,16],"rotation":180,"texture":"#0"},"south":{"uv":[0,0,16,16],"rotation":180,"texture":"#0"},"west":{"uv":[0,0,16,16],"rotation":180,"texture":"#0"},"up":{"uv":[0,0,16,16],"rotation":180,"texture":"#0"},"down":{"uv":[0,0,16,16],"rotation":180,"texture":"#0"}}},{"from":[-1.20436,4.2127,-1.96279],"to":[-0.81936,5.0377,-1.63279],"rotation":{"angle":0,"axis":"y","origin":[-0.78585,4.56904,-0.80809]},"faces":{"north":{"uv":[0,0,16,16],"texture":"#0"},"east":{"uv":[0,0,16,16],"texture":"#0"},"south":{"uv":[0,0,16,16],"texture":"#0"},"west":{"uv":[0,0,16,16],"texture":"#0"},"up":{"uv":[0,0,16,16],"texture":"#0"},"down":{"uv":[0,0,16,16],"texture":"#0"}}},{"from":[-1.58936,4.65203,-1.96212],"to":[-1.20436,5.03703,-1.63212],"rotation":{"angle":0,"axis":"y","origin":[-0.78585,4.56904,-0.80809]},"faces":{"north":{"uv":[0,0,16,16],"texture":"#0"},"east":{"uv":[0,0,16,16],"texture":"#0"},"south":{"uv":[0,0,16,16],"texture":"#0"},"west":{"uv":[0,0,16,16],"texture":"#0"},"up":{"uv":[0,0,16,16],"texture":"#0"},"down":{"uv":[0,0,16,16],"texture":"#0"}}},{"from":[-0.36827,4.65224,-1.96243],"to":[0.01673,5.03724,-1.63243],"rotation":{"angle":0,"axis":"y","origin":[-0.78585,4.56904,-0.80809]},"faces":{"north":{"uv":[0,0,16,16],"texture":"#0"},"east":{"uv":[0,0,16,16],"texture":"#0"},"south":{"uv":[0,0,16,16],"texture":"#0"},"west":{"uv":[0,0,16,16],"texture":"#0"},"up":{"uv":[0,0,16,16],"texture":"#0"},"down":{"uv":[0,0,16,16],"texture":"#0"}}},{"from":[-1.58927,5.03703,-1.96221],"to":[0.01673,5.42203,-1.63221],"rotation":{"angle":0,"axis":"y","origin":[-0.78585,4.56904,-0.80809]},"faces":{"north":{"uv":[0,0,16,16],"texture":"#0"},"east":{"uv":[0,0,16,16],"texture":"#0"},"south":{"uv":[0,0,16,16],"texture":"#0"},"west":{"uv":[0,0,16,16],"texture":"#0"},"up":{"uv":[0,0,16,16],"texture":"#0"},"down":{"uv":[0,0,16,16],"texture":"#0"}}},{"from":[-1.91759,5.03379,-1.63066],"to":[-1.58759,5.41879,-0.02466],"rotation":{"angle":0,"axis":"y","origin":[-0.78585,4.56904,-0.80809]},"faces":{"north":{"uv":[0,0,16,16],"texture":"#0"},"east":{"uv":[0,0,16,16],"texture":"#0"},"south":{"uv":[0,0,16,16],"texture":"#0"},"west":{"uv":[0,0,16,16],"texture":"#0"},"up":{"uv":[0,0,16,16],"texture":"#0"},"down":{"uv":[0,0,16,16],"texture":"#0"}}},{"from":[-1.91796,4.20925,-0.79455],"to":[-1.58796,5.03425,-0.40955],"rotation":{"angle":0,"axis":"y","origin":[-0.78585,4.56904,-0.80809]},"faces":{"north":{"uv":[0,0,16,16],"texture":"#0"},"east":{"uv":[0,0,16,16],"texture":"#0"},"south":{"uv":[0,0,16,16],"texture":"#0"},"west":{"uv":[0,0,16,16],"texture":"#0"},"up":{"uv":[0,0,16,16],"texture":"#0"},"down":{"uv":[0,0,16,16],"texture":"#0"}}},{"from":[-1.9176,3.87879,-1.63065],"to":[-1.5876,5.03379,-1.24565],"rotation":{"angle":0,"axis":"y","origin":[-0.78585,4.56904,-0.80809]},"faces":{"north":{"uv":[0,0,16,16],"texture":"#0"},"east":{"uv":[0,0,16,16],"texture":"#0"},"south":{"uv":[0,0,16,16],"texture":"#0"},"west":{"uv":[0,0,16,16],"texture":"#0"},"up":{"uv":[0,0,16,16],"texture":"#0"},"down":{"uv":[0,0,16,16],"texture":"#0"}}},{"from":[-1.91729,4.64858,-0.40955],"to":[-1.58729,5.03358,-0.02455],"rotation":{"angle":0,"axis":"y","origin":[-0.78585,4.56904,-0.80809]},"faces":{"north":{"uv":[0,0,16,16],"texture":"#0"},"east":{"uv":[0,0,16,16],"texture":"#0"},"south":{"uv":[0,0,16,16],"texture":"#0"},"west":{"uv":[0,0,16,16],"texture":"#0"},"up":{"uv":[0,0,16,16],"texture":"#0"},"down":{"uv":[0,0,16,16],"texture":"#0"}}},{"from":[-1.58662,4.64983,-0.02624],"to":[-1.20162,5.03483,0.30376],"rotation":{"angle":0,"axis":"y","origin":[-0.78585,4.56904,-0.80809]},"faces":{"north":{"uv":[0,0,16,16],"texture":"#0"},"east":{"uv":[0,0,16,16],"texture":"#0"},"south":{"uv":[0,0,16,16],"texture":"#0"},"west":{"uv":[0,0,16,16],"texture":"#0"},"up":{"uv":[0,0,16,16],"texture":"#0"},"down":{"uv":[0,0,16,16],"texture":"#0"}}},{"from":[-1.58604,5.03405,-0.02647],"to":[0.01996,5.41905,0.30353],"rotation":{"angle":0,"axis":"y","origin":[-0.78585,4.56904,-0.80809]},"faces":{"north":{"uv":[0,0,16,16],"texture":"#0"},"east":{"uv":[0,0,16,16],"texture":"#0"},"south":{"uv":[0,0,16,16],"texture":"#0"},"west":{"uv":[0,0,16,16],"texture":"#0"},"up":{"uv":[0,0,16,16],"texture":"#0"},"down":{"uv":[0,0,16,16],"texture":"#0"}}},{"from":[-0.75052,4.21029,-0.02588],"to":[-0.36552,5.03529,0.30412],"rotation":{"angle":0,"axis":"y","origin":[-0.78585,4.56904,-0.80809]},"faces":{"north":{"uv":[0,0,16,16],"texture":"#0"},"east":{"uv":[0,0,16,16],"texture":"#0"},"south":{"uv":[0,0,16,16],"texture":"#0"},"west":{"uv":[0,0,16,16],"texture":"#0"},"up":{"uv":[0,0,16,16],"texture":"#0"},"down":{"uv":[0,0,16,16],"texture":"#0"}}},{"from":[-0.36553,4.64962,-0.02655],"to":[0.01947,5.03462,0.30345],"rotation":{"angle":0,"axis":"y","origin":[-0.78585,4.56904,-0.80809]},"faces":{"north":{"uv":[0,0,16,16],"texture":"#0"},"east":{"uv":[0,0,16,16],"texture":"#0"},"south":{"uv":[0,0,16,16],"texture":"#0"},"west":{"uv":[0,0,16,16],"texture":"#0"},"up":{"uv":[0,0,16,16],"texture":"#0"},"down":{"uv":[0,0,16,16],"texture":"#0"}}},{"from":[0.01771,3.87638,-0.41302],"to":[0.34771,5.03138,-0.02802],"rotation":{"angle":0,"axis":"y","origin":[-0.78585,4.56904,-0.80809]},"faces":{"north":{"uv":[0,0,16,16],"texture":"#0"},"east":{"uv":[0,0,16,16],"texture":"#0"},"south":{"uv":[0,0,16,16],"texture":"#0"},"west":{"uv":[0,0,16,16],"texture":"#0"},"up":{"uv":[0,0,16,16],"texture":"#0"},"down":{"uv":[0,0,16,16],"texture":"#0"}}},{"from":[0.01828,5.03081,-1.63402],"to":[0.34828,5.41581,-0.02802],"rotation":{"angle":0,"axis":"y","origin":[-0.78585,4.56904,-0.80809]},"faces":{"north":{"uv":[0,0,16,16],"texture":"#0"},"east":{"uv":[0,0,16,16],"texture":"#0"},"south":{"uv":[0,0,16,16],"texture":"#0"},"west":{"uv":[0,0,16,16],"texture":"#0"},"up":{"uv":[0,0,16,16],"texture":"#0"},"down":{"uv":[0,0,16,16],"texture":"#0"}}},{"from":[0.01807,4.20684,-1.24911],"to":[0.34807,5.03184,-0.86411],"rotation":{"angle":0,"axis":"y","origin":[-0.78585,4.56904,-0.80809]},"faces":{"north":{"uv":[0,0,16,16],"texture":"#0"},"east":{"uv":[0,0,16,16],"texture":"#0"},"south":{"uv":[0,0,16,16],"texture":"#0"},"west":{"uv":[0,0,16,16],"texture":"#0"},"up":{"uv":[0,0,16,16],"texture":"#0"},"down":{"uv":[0,0,16,16],"texture":"#0"}}},{"from":[0.0174,4.64617,-1.63411],"to":[0.3474,5.03117,-1.24911],"rotation":{"angle":0,"axis":"y","origin":[-0.78585,4.56904,-0.80809]},"faces":{"north":{"uv":[0,0,16,16],"texture":"#0"},"east":{"uv":[0,0,16,16],"texture":"#0"},"south":{"uv":[0,0,16,16],"texture":"#0"},"west":{"uv":[0,0,16,16],"texture":"#0"},"up":{"uv":[0,0,16,16],"texture":"#0"},"down":{"uv":[0,0,16,16],"texture":"#0"}}},{"from":[-1.60997,2.16603,16.00467],"to":[-0.00397,5.03703,17.61067],"rotation":{"angle":0,"axis":"y","origin":[-0.78585,4.56904,16.80809]},"faces":{"north":{"uv":[0,0,16,16],"rotation":180,"texture":"#0"},"east":{"uv":[0,0,16,16],"rotation":180,"texture":"#0"},"south":{"uv":[0,0,16,16],"rotation":180,"texture":"#0"},"west":{"uv":[0,0,16,16],"rotation":180,"texture":"#0"},"up":{"uv":[0,0,16,16],"rotation":180,"texture":"#0"},"down":{"uv":[0,0,16,16],"rotation":180,"texture":"#0"}}},{"from":[-1.94054,4.2127,16.38958],"to":[-1.61054,5.0377,16.77458],"rotation":{"angle":0,"axis":"y","origin":[-0.78585,4.56904,16.80809]},"faces":{"north":{"uv":[0,0,16,16],"texture":"#0"},"east":{"uv":[0,0,16,16],"texture":"#0"},"south":{"uv":[0,0,16,16],"texture":"#0"},"west":{"uv":[0,0,16,16],"texture":"#0"},"up":{"uv":[0,0,16,16],"texture":"#0"},"down":{"uv":[0,0,16,16],"texture":"#0"}}},{"from":[-1.93987,4.65203,16.00458],"to":[-1.60987,5.03703,16.38958],"rotation":{"angle":0,"axis":"y","origin":[-0.78585,4.56904,16.80809]},"faces":{"north":{"uv":[0,0,16,16],"texture":"#0"},"east":{"uv":[0,0,16,16],"texture":"#0"},"south":{"uv":[0,0,16,16],"texture":"#0"},"west":{"uv":[0,0,16,16],"texture":"#0"},"up":{"uv":[0,0,16,16],"texture":"#0"},"down":{"uv":[0,0,16,16],"texture":"#0"}}},{"from":[-1.94018,4.65224,17.22567],"to":[-1.61018,5.03724,17.61067],"rotation":{"angle":0,"axis":"y","origin":[-0.78585,4.56904,16.80809]},"faces":{"north":{"uv":[0,0,16,16],"texture":"#0"},"east":{"uv":[0,0,16,16],"texture":"#0"},"south":{"uv":[0,0,16,16],"texture":"#0"},"west":{"uv":[0,0,16,16],"texture":"#0"},"up":{"uv":[0,0,16,16],"texture":"#0"},"down":{"uv":[0,0,16,16],"texture":"#0"}}},{"from":[-1.93997,5.03703,16.00467],"to":[-1.60997,5.42203,17.61067],"rotation":{"angle":0,"axis":"y","origin":[-0.78585,4.56904,16.80809]},"faces":{"north":{"uv":[0,0,16,16],"texture":"#0"},"east":{"uv":[0,0,16,16],"texture":"#0"},"south":{"uv":[0,0,16,16],"texture":"#0"},"west":{"uv":[0,0,16,16],"texture":"#0"},"up":{"uv":[0,0,16,16],"texture":"#0"},"down":{"uv":[0,0,16,16],"texture":"#0"}}},{"from":[-1.60841,5.03379,15.67635],"to":[-0.00241,5.41879,16.00635],"rotation":{"angle":0,"axis":"y","origin":[-0.78585,4.56904,16.80809]},"faces":{"north":{"uv":[0,0,16,16],"texture":"#0"},"east":{"uv":[0,0,16,16],"texture":"#0"},"south":{"uv":[0,0,16,16],"texture":"#0"},"west":{"uv":[0,0,16,16],"texture":"#0"},"up":{"uv":[0,0,16,16],"texture":"#0"},"down":{"uv":[0,0,16,16],"texture":"#0"}}},{"from":[-0.77231,4.20925,15.67598],"to":[-0.38731,5.03425,16.00598],"rotation":{"angle":0,"axis":"y","origin":[-0.78585,4.56904,16.80809]},"faces":{"north":{"uv":[0,0,16,16],"texture":"#0"},"east":{"uv":[0,0,16,16],"texture":"#0"},"south":{"uv":[0,0,16,16],"texture":"#0"},"west":{"uv":[0,0,16,16],"texture":"#0"},"up":{"uv":[0,0,16,16],"texture":"#0"},"down":{"uv":[0,0,16,16],"texture":"#0"}}},{"from":[-1.60841,3.87879,15.67635],"to":[-1.22341,5.03379,16.00635],"rotation":{"angle":0,"axis":"y","origin":[-0.78585,4.56904,16.80809]},"faces":{"north":{"uv":[0,0,16,16],"texture":"#0"},"east":{"uv":[0,0,16,16],"texture":"#0"},"south":{"uv":[0,0,16,16],"texture":"#0"},"west":{"uv":[0,0,16,16],"texture":"#0"},"up":{"uv":[0,0,16,16],"texture":"#0"},"down":{"uv":[0,0,16,16],"texture":"#0"}}},{"from":[-0.38731,4.64858,15.67665],"to":[-0.00231,5.03358,16.00665],"rotation":{"angle":0,"axis":"y","origin":[-0.78585,4.56904,16.80809]},"faces":{"north":{"uv":[0,0,16,16],"texture":"#0"},"east":{"uv":[0,0,16,16],"texture":"#0"},"south":{"uv":[0,0,16,16],"texture":"#0"},"west":{"uv":[0,0,16,16],"texture":"#0"},"up":{"uv":[0,0,16,16],"texture":"#0"},"down":{"uv":[0,0,16,16],"texture":"#0"}}},{"from":[-0.004,4.64983,16.00732],"to":[0.326,5.03483,16.39232],"rotation":{"angle":0,"axis":"y","origin":[-0.78585,4.56904,16.80809]},"faces":{"north":{"uv":[0,0,16,16],"texture":"#0"},"east":{"uv":[0,0,16,16],"texture":"#0"},"south":{"uv":[0,0,16,16],"texture":"#0"},"west":{"uv":[0,0,16,16],"texture":"#0"},"up":{"uv":[0,0,16,16],"texture":"#0"},"down":{"uv":[0,0,16,16],"texture":"#0"}}},{"from":[-0.00422,5.03405,16.0079],"to":[0.32578,5.41905,17.6139],"rotation":{"angle":0,"axis":"y","origin":[-0.78585,4.56904,16.80809]},"faces":{"north":{"uv":[0,0,16,16],"texture":"#0"},"east":{"uv":[0,0,16,16],"texture":"#0"},"south":{"uv":[0,0,16,16],"texture":"#0"},"west":{"uv":[0,0,16,16],"texture":"#0"},"up":{"uv":[0,0,16,16],"texture":"#0"},"down":{"uv":[0,0,16,16],"texture":"#0"}}},{"from":[-0.00363,4.21029,16.84342],"to":[0.32637,5.03529,17.22842],"rotation":{"angle":0,"axis":"y","origin":[-0.78585,4.56904,16.80809]},"faces":{"north":{"uv":[0,0,16,16],"texture":"#0"},"east":{"uv":[0,0,16,16],"texture":"#0"},"south":{"uv":[0,0,16,16],"texture":"#0"},"west":{"uv":[0,0,16,16],"texture":"#0"},"up":{"uv":[0,0,16,16],"texture":"#0"},"down":{"uv":[0,0,16,16],"texture":"#0"}}},{"from":[-0.0043,4.64962,17.22842],"to":[0.3257,5.03462,17.61342],"rotation":{"angle":0,"axis":"y","origin":[-0.78585,4.56904,16.80809]},"faces":{"north":{"uv":[0,0,16,16],"texture":"#0"},"east":{"uv":[0,0,16,16],"texture":"#0"},"south":{"uv":[0,0,16,16],"texture":"#0"},"west":{"uv":[0,0,16,16],"texture":"#0"},"up":{"uv":[0,0,16,16],"texture":"#0"},"down":{"uv":[0,0,16,16],"texture":"#0"}}},{"from":[-0.39077,3.87638,17.61165],"to":[-0.00577,5.03138,17.94165],"rotation":{"angle":0,"axis":"y","origin":[-0.78585,4.56904,16.80809]},"faces":{"north":{"uv":[0,0,16,16],"texture":"#0"},"east":{"uv":[0,0,16,16],"texture":"#0"},"south":{"uv":[0,0,16,16],"texture":"#0"},"west":{"uv":[0,0,16,16],"texture":"#0"},"up":{"uv":[0,0,16,16],"texture":"#0"},"down":{"uv":[0,0,16,16],"texture":"#0"}}},{"from":[-1.61178,5.03081,17.61222],"to":[-0.00578,5.41581,17.94222],"rotation":{"angle":0,"axis":"y","origin":[-0.78585,4.56904,16.80809]},"faces":{"north":{"uv":[0,0,16,16],"texture":"#0"},"east":{"uv":[0,0,16,16],"texture":"#0"},"south":{"uv":[0,0,16,16],"texture":"#0"},"west":{"uv":[0,0,16,16],"texture":"#0"},"up":{"uv":[0,0,16,16],"texture":"#0"},"down":{"uv":[0,0,16,16],"texture":"#0"}}},{"from":[-1.22687,4.20684,17.61201],"to":[-0.84187,5.03184,17.94201],"rotation":{"angle":0,"axis":"y","origin":[-0.78585,4.56904,16.80809]},"faces":{"north":{"uv":[0,0,16,16],"texture":"#0"},"east":{"uv":[0,0,16,16],"texture":"#0"},"south":{"uv":[0,0,16,16],"texture":"#0"},"west":{"uv":[0,0,16,16],"texture":"#0"},"up":{"uv":[0,0,16,16],"texture":"#0"},"down":{"uv":[0,0,16,16],"texture":"#0"}}},{"from":[-1.61187,4.64617,17.61134],"to":[-1.22687,5.03117,17.94134],"rotation":{"angle":0,"axis":"y","origin":[-0.78585,4.56904,16.80809]},"faces":{"north":{"uv":[0,0,16,16],"texture":"#0"},"east":{"uv":[0,0,16,16],"texture":"#0"},"south":{"uv":[0,0,16,16],"texture":"#0"},"west":{"uv":[0,0,16,16],"texture":"#0"},"up":{"uv":[0,0,16,16],"texture":"#0"},"down":{"uv":[0,0,16,16],"texture":"#0"}}},{"from":[15.98327,2.16603,-1.63221],"to":[17.58927,5.03703,-0.02621],"rotation":{"angle":0,"axis":"y","origin":[16.78585,4.56904,-0.80809]},"faces":{"north":{"uv":[0,0,16,16],"rotation":180,"texture":"#0"},"east":{"uv":[0,0,16,16],"rotation":180,"texture":"#0"},"south":{"uv":[0,0,16,16],"rotation":180,"texture":"#0"},"west":{"uv":[0,0,16,16],"rotation":180,"texture":"#0"},"up":{"uv":[0,0,16,16],"rotation":180,"texture":"#0"},"down":{"uv":[0,0,16,16],"rotation":180,"texture":"#0"}}},{"from":[16.81936,4.2127,-1.96279],"to":[17.20436,5.0377,-1.63279],"rotation":{"angle":0,"axis":"y","origin":[16.78585,4.56904,-0.80809]},"faces":{"north":{"uv":[0,0,16,16],"texture":"#0"},"east":{"uv":[0,0,16,16],"texture":"#0"},"south":{"uv":[0,0,16,16],"texture":"#0"},"west":{"uv":[0,0,16,16],"texture":"#0"},"up":{"uv":[0,0,16,16],"texture":"#0"},"down":{"uv":[0,0,16,16],"texture":"#0"}}},{"from":[17.20436,4.65203,-1.96212],"to":[17.58936,5.03703,-1.63212],"rotation":{"angle":0,"axis":"y","origin":[16.78585,4.56904,-0.80809]},"faces":{"north":{"uv":[0,0,16,16],"texture":"#0"},"east":{"uv":[0,0,16,16],"texture":"#0"},"south":{"uv":[0,0,16,16],"texture":"#0"},"west":{"uv":[0,0,16,16],"texture":"#0"},"up":{"uv":[0,0,16,16],"texture":"#0"},"down":{"uv":[0,0,16,16],"texture":"#0"}}},{"from":[15.98327,4.65224,-1.96243],"to":[16.36827,5.03724,-1.63243],"rotation":{"angle":0,"axis":"y","origin":[16.78585,4.56904,-0.80809]},"faces":{"north":{"uv":[0,0,16,16],"texture":"#0"},"east":{"uv":[0,0,16,16],"texture":"#0"},"south":{"uv":[0,0,16,16],"texture":"#0"},"west":{"uv":[0,0,16,16],"texture":"#0"},"up":{"uv":[0,0,16,16],"texture":"#0"},"down":{"uv":[0,0,16,16],"texture":"#0"}}},{"from":[15.98327,5.03703,-1.96221],"to":[17.58927,5.42203,-1.63221],"rotation":{"angle":0,"axis":"y","origin":[16.78585,4.56904,-0.80809]},"faces":{"north":{"uv":[0,0,16,16],"texture":"#0"},"east":{"uv":[0,0,16,16],"texture":"#0"},"south":{"uv":[0,0,16,16],"texture":"#0"},"west":{"uv":[0,0,16,16],"texture":"#0"},"up":{"uv":[0,0,16,16],"texture":"#0"},"down":{"uv":[0,0,16,16],"texture":"#0"}}},{"from":[17.58759,5.03379,-1.63066],"to":[17.91759,5.41879,-0.02466],"rotation":{"angle":0,"axis":"y","origin":[16.78585,4.56904,-0.80809]},"faces":{"north":{"uv":[0,0,16,16],"texture":"#0"},"east":{"uv":[0,0,16,16],"texture":"#0"},"south":{"uv":[0,0,16,16],"texture":"#0"},"west":{"uv":[0,0,16,16],"texture":"#0"},"up":{"uv":[0,0,16,16],"texture":"#0"},"down":{"uv":[0,0,16,16],"texture":"#0"}}},{"from":[17.58796,4.20925,-0.79455],"to":[17.91796,5.03425,-0.40955],"rotation":{"angle":0,"axis":"y","origin":[16.78585,4.56904,-0.80809]},"faces":{"north":{"uv":[0,0,16,16],"texture":"#0"},"east":{"uv":[0,0,16,16],"texture":"#0"},"south":{"uv":[0,0,16,16],"texture":"#0"},"west":{"uv":[0,0,16,16],"texture":"#0"},"up":{"uv":[0,0,16,16],"texture":"#0"},"down":{"uv":[0,0,16,16],"texture":"#0"}}},{"from":[17.5876,3.87879,-1.63065],"to":[17.9176,5.03379,-1.24565],"rotation":{"angle":0,"axis":"y","origin":[16.78585,4.56904,-0.80809]},"faces":{"north":{"uv":[0,0,16,16],"texture":"#0"},"east":{"uv":[0,0,16,16],"texture":"#0"},"south":{"uv":[0,0,16,16],"texture":"#0"},"west":{"uv":[0,0,16,16],"texture":"#0"},"up":{"uv":[0,0,16,16],"texture":"#0"},"down":{"uv":[0,0,16,16],"texture":"#0"}}},{"from":[17.58729,4.64858,-0.40955],"to":[17.91729,5.03358,-0.02455],"rotation":{"angle":0,"axis":"y","origin":[16.78585,4.56904,-0.80809]},"faces":{"north":{"uv":[0,0,16,16],"texture":"#0"},"east":{"uv":[0,0,16,16],"texture":"#0"},"south":{"uv":[0,0,16,16],"texture":"#0"},"west":{"uv":[0,0,16,16],"texture":"#0"},"up":{"uv":[0,0,16,16],"texture":"#0"},"down":{"uv":[0,0,16,16],"texture":"#0"}}},{"from":[17.20162,4.64983,-0.02624],"to":[17.58662,5.03483,0.30376],"rotation":{"angle":0,"axis":"y","origin":[16.78585,4.56904,-0.80809]},"faces":{"north":{"uv":[0,0,16,16],"texture":"#0"},"east":{"uv":[0,0,16,16],"texture":"#0"},"south":{"uv":[0,0,16,16],"texture":"#0"},"west":{"uv":[0,0,16,16],"texture":"#0"},"up":{"uv":[0,0,16,16],"texture":"#0"},"down":{"uv":[0,0,16,16],"texture":"#0"}}},{"from":[15.98004,5.03405,-0.02647],"to":[17.58604,5.41905,0.30353],"rotation":{"angle":0,"axis":"y","origin":[16.78585,4.56904,-0.80809]},"faces":{"north":{"uv":[0,0,16,16],"texture":"#0"},"east":{"uv":[0,0,16,16],"texture":"#0"},"south":{"uv":[0,0,16,16],"texture":"#0"},"west":{"uv":[0,0,16,16],"texture":"#0"},"up":{"uv":[0,0,16,16],"texture":"#0"},"down":{"uv":[0,0,16,16],"texture":"#0"}}},{"from":[16.36552,4.21029,-0.02588],"to":[16.75052,5.03529,0.30412],"rotation":{"angle":0,"axis":"y","origin":[16.78585,4.56904,-0.80809]},"faces":{"north":{"uv":[0,0,16,16],"texture":"#0"},"east":{"uv":[0,0,16,16],"texture":"#0"},"south":{"uv":[0,0,16,16],"texture":"#0"},"west":{"uv":[0,0,16,16],"texture":"#0"},"up":{"uv":[0,0,16,16],"texture":"#0"},"down":{"uv":[0,0,16,16],"texture":"#0"}}},{"from":[15.98053,4.64962,-0.02655],"to":[16.36553,5.03462,0.30345],"rotation":{"angle":0,"axis":"y","origin":[16.78585,4.56904,-0.80809]},"faces":{"north":{"uv":[0,0,16,16],"texture":"#0"},"east":{"uv":[0,0,16,16],"texture":"#0"},"south":{"uv":[0,0,16,16],"texture":"#0"},"west":{"uv":[0,0,16,16],"texture":"#0"},"up":{"uv":[0,0,16,16],"texture":"#0"},"down":{"uv":[0,0,16,16],"texture":"#0"}}},{"from":[15.65229,3.87638,-0.41302],"to":[15.98229,5.03138,-0.02802],"rotation":{"angle":0,"axis":"y","origin":[16.78585,4.56904,-0.80809]},"faces":{"north":{"uv":[0,0,16,16],"texture":"#0"},"east":{"uv":[0,0,16,16],"texture":"#0"},"south":{"uv":[0,0,16,16],"texture":"#0"},"west":{"uv":[0,0,16,16],"texture":"#0"},"up":{"uv":[0,0,16,16],"texture":"#0"},"down":{"uv":[0,0,16,16],"texture":"#0"}}},{"from":[15.65172,5.03081,-1.63402],"to":[15.98172,5.41581,-0.02802],"rotation":{"angle":0,"axis":"y","origin":[16.78585,4.56904,-0.80809]},"faces":{"north":{"uv":[0,0,16,16],"texture":"#0"},"east":{"uv":[0,0,16,16],"texture":"#0"},"south":{"uv":[0,0,16,16],"texture":"#0"},"west":{"uv":[0,0,16,16],"texture":"#0"},"up":{"uv":[0,0,16,16],"texture":"#0"},"down":{"uv":[0,0,16,16],"texture":"#0"}}},{"from":[15.65193,4.20684,-1.24911],"to":[15.98193,5.03184,-0.86411],"rotation":{"angle":0,"axis":"y","origin":[16.78585,4.56904,-0.80809]},"faces":{"north":{"uv":[0,0,16,16],"texture":"#0"},"east":{"uv":[0,0,16,16],"texture":"#0"},"south":{"uv":[0,0,16,16],"texture":"#0"},"west":{"uv":[0,0,16,16],"texture":"#0"},"up":{"uv":[0,0,16,16],"texture":"#0"},"down":{"uv":[0,0,16,16],"texture":"#0"}}},{"from":[15.6526,4.64617,-1.63411],"to":[15.9826,5.03117,-1.24911],"rotation":{"angle":0,"axis":"y","origin":[16.78585,4.56904,-0.80809]},"faces":{"north":{"uv":[0,0,16,16],"texture":"#0"},"east":{"uv":[0,0,16,16],"texture":"#0"},"south":{"uv":[0,0,16,16],"texture":"#0"},"west":{"uv":[0,0,16,16],"texture":"#0"},"up":{"uv":[0,0,16,16],"texture":"#0"},"down":{"uv":[0,0,16,16],"texture":"#0"}}},{"from":[16.00397,2.16603,16.00467],"to":[17.60997,5.03703,17.61067],"rotation":{"angle":0,"axis":"y","origin":[16.78585,4.56904,16.80809]},"faces":{"north":{"uv":[0,0,16,16],"rotation":180,"texture":"#0"},"east":{"uv":[0,0,16,16],"rotation":180,"texture":"#0"},"south":{"uv":[0,0,16,16],"rotation":180,"texture":"#0"},"west":{"uv":[0,0,16,16],"rotation":180,"texture":"#0"},"up":{"uv":[0,0,16,16],"rotation":180,"texture":"#0"},"down":{"uv":[0,0,16,16],"rotation":180,"texture":"#0"}}},{"from":[17.61054,4.2127,16.38958],"to":[17.94054,5.0377,16.77458],"rotation":{"angle":0,"axis":"y","origin":[16.78585,4.56904,16.80809]},"faces":{"north":{"uv":[0,0,16,16],"texture":"#0"},"east":{"uv":[0,0,16,16],"texture":"#0"},"south":{"uv":[0,0,16,16],"texture":"#0"},"west":{"uv":[0,0,16,16],"texture":"#0"},"up":{"uv":[0,0,16,16],"texture":"#0"},"down":{"uv":[0,0,16,16],"texture":"#0"}}},{"from":[17.60987,4.65203,16.00458],"to":[17.93987,5.03703,16.38958],"rotation":{"angle":0,"axis":"y","origin":[16.78585,4.56904,16.80809]},"faces":{"north":{"uv":[0,0,16,16],"texture":"#0"},"east":{"uv":[0,0,16,16],"texture":"#0"},"south":{"uv":[0,0,16,16],"texture":"#0"},"west":{"uv":[0,0,16,16],"texture":"#0"},"up":{"uv":[0,0,16,16],"texture":"#0"},"down":{"uv":[0,0,16,16],"texture":"#0"}}},{"from":[17.61018,4.65224,17.22567],"to":[17.94018,5.03724,17.61067],"rotation":{"angle":0,"axis":"y","origin":[16.78585,4.56904,16.80809]},"faces":{"north":{"uv":[0,0,16,16],"texture":"#0"},"east":{"uv":[0,0,16,16],"texture":"#0"},"south":{"uv":[0,0,16,16],"texture":"#0"},"west":{"uv":[0,0,16,16],"texture":"#0"},"up":{"uv":[0,0,16,16],"texture":"#0"},"down":{"uv":[0,0,16,16],"texture":"#0"}}},{"from":[17.60997,5.03703,16.00467],"to":[17.93997,5.42203,17.61067],"rotation":{"angle":0,"axis":"y","origin":[16.78585,4.56904,16.80809]},"faces":{"north":{"uv":[0,0,16,16],"texture":"#0"},"east":{"uv":[0,0,16,16],"texture":"#0"},"south":{"uv":[0,0,16,16],"texture":"#0"},"west":{"uv":[0,0,16,16],"texture":"#0"},"up":{"uv":[0,0,16,16],"texture":"#0"},"down":{"uv":[0,0,16,16],"texture":"#0"}}},{"from":[16.00241,5.03379,15.67635],"to":[17.60841,5.41879,16.00635],"rotation":{"angle":0,"axis":"y","origin":[16.78585,4.56904,16.80809]},"faces":{"north":{"uv":[0,0,16,16],"texture":"#0"},"east":{"uv":[0,0,16,16],"texture":"#0"},"south":{"uv":[0,0,16,16],"texture":"#0"},"west":{"uv":[0,0,16,16],"texture":"#0"},"up":{"uv":[0,0,16,16],"texture":"#0"},"down":{"uv":[0,0,16,16],"texture":"#0"}}},{"from":[16.38731,4.20925,15.67598],"to":[16.77231,5.03425,16.00598],"rotation":{"angle":0,"axis":"y","origin":[16.78585,4.56904,16.80809]},"faces":{"north":{"uv":[0,0,16,16],"texture":"#0"},"east":{"uv":[0,0,16,16],"texture":"#0"},"south":{"uv":[0,0,16,16],"texture":"#0"},"west":{"uv":[0,0,16,16],"texture":"#0"},"up":{"uv":[0,0,16,16],"texture":"#0"},"down":{"uv":[0,0,16,16],"texture":"#0"}}},{"from":[17.22341,3.87879,15.67635],"to":[17.60841,5.03379,16.00635],"rotation":{"angle":0,"axis":"y","origin":[16.78585,4.56904,16.80809]},"faces":{"north":{"uv":[0,0,16,16],"texture":"#0"},"east":{"uv":[0,0,16,16],"texture":"#0"},"south":{"uv":[0,0,16,16],"texture":"#0"},"west":{"uv":[0,0,16,16],"texture":"#0"},"up":{"uv":[0,0,16,16],"texture":"#0"},"down":{"uv":[0,0,16,16],"texture":"#0"}}},{"from":[16.00231,4.64858,15.67665],"to":[16.38731,5.03358,16.00665],"rotation":{"angle":0,"axis":"y","origin":[16.78585,4.56904,16.80809]},"faces":{"north":{"uv":[0,0,16,16],"texture":"#0"},"east":{"uv":[0,0,16,16],"texture":"#0"},"south":{"uv":[0,0,16,16],"texture":"#0"},"west":{"uv":[0,0,16,16],"texture":"#0"},"up":{"uv":[0,0,16,16],"texture":"#0"},"down":{"uv":[0,0,16,16],"texture":"#0"}}},{"from":[15.674,4.64983,16.00732],"to":[16.004,5.03483,16.39232],"rotation":{"angle":0,"axis":"y","origin":[16.78585,4.56904,16.80809]},"faces":{"north":{"uv":[0,0,16,16],"texture":"#0"},"east":{"uv":[0,0,16,16],"texture":"#0"},"south":{"uv":[0,0,16,16],"texture":"#0"},"west":{"uv":[0,0,16,16],"texture":"#0"},"up":{"uv":[0,0,16,16],"texture":"#0"},"down":{"uv":[0,0,16,16],"texture":"#0"}}},{"from":[15.67422,5.03405,16.0079],"to":[16.00422,5.41905,17.6139],"rotation":{"angle":0,"axis":"y","origin":[16.78585,4.56904,16.80809]},"faces":{"north":{"uv":[0,0,16,16],"texture":"#0"},"east":{"uv":[0,0,16,16],"texture":"#0"},"south":{"uv":[0,0,16,16],"texture":"#0"},"west":{"uv":[0,0,16,16],"texture":"#0"},"up":{"uv":[0,0,16,16],"texture":"#0"},"down":{"uv":[0,0,16,16],"texture":"#0"}}},{"from":[15.67363,4.21029,16.84342],"to":[16.00363,5.03529,17.22842],"rotation":{"angle":0,"axis":"y","origin":[16.78585,4.56904,16.80809]},"faces":{"north":{"uv":[0,0,16,16],"texture":"#0"},"east":{"uv":[0,0,16,16],"texture":"#0"},"south":{"uv":[0,0,16,16],"texture":"#0"},"west":{"uv":[0,0,16,16],"texture":"#0"},"up":{"uv":[0,0,16,16],"texture":"#0"},"down":{"uv":[0,0,16,16],"texture":"#0"}}},{"from":[15.6743,4.64962,17.22842],"to":[16.0043,5.03462,17.61342],"rotation":{"angle":0,"axis":"y","origin":[16.78585,4.56904,16.80809]},"faces":{"north":{"uv":[0,0,16,16],"texture":"#0"},"east":{"uv":[0,0,16,16],"texture":"#0"},"south":{"uv":[0,0,16,16],"texture":"#0"},"west":{"uv":[0,0,16,16],"texture":"#0"},"up":{"uv":[0,0,16,16],"texture":"#0"},"down":{"uv":[0,0,16,16],"texture":"#0"}}},{"from":[16.00577,3.87638,17.61165],"to":[16.39077,5.03138,17.94165],"rotation":{"angle":0,"axis":"y","origin":[16.78585,4.56904,16.80809]},"faces":{"north":{"uv":[0,0,16,16],"texture":"#0"},"east":{"uv":[0,0,16,16],"texture":"#0"},"south":{"uv":[0,0,16,16],"texture":"#0"},"west":{"uv":[0,0,16,16],"texture":"#0"},"up":{"uv":[0,0,16,16],"texture":"#0"},"down":{"uv":[0,0,16,16],"texture":"#0"}}},{"from":[16.00578,5.03081,17.61222],"to":[17.61178,5.41581,17.94222],"rotation":{"angle":0,"axis":"y","origin":[16.78585,4.56904,16.80809]},"faces":{"north":{"uv":[0,0,16,16],"texture":"#0"},"east":{"uv":[0,0,16,16],"texture":"#0"},"south":{"uv":[0,0,16,16],"texture":"#0"},"west":{"uv":[0,0,16,16],"texture":"#0"},"up":{"uv":[0,0,16,16],"texture":"#0"},"down":{"uv":[0,0,16,16],"texture":"#0"}}},{"from":[16.84187,4.20684,17.61201],"to":[17.22687,5.03184,17.94201],"rotation":{"angle":0,"axis":"y","origin":[16.78585,4.56904,16.80809]},"faces":{"north":{"uv":[0,0,16,16],"texture":"#0"},"east":{"uv":[0,0,16,16],"texture":"#0"},"south":{"uv":[0,0,16,16],"texture":"#0"},"west":{"uv":[0,0,16,16],"texture":"#0"},"up":{"uv":[0,0,16,16],"texture":"#0"},"down":{"uv":[0,0,16,16],"texture":"#0"}}},{"from":[17.22687,4.64617,17.61134],"to":[17.61187,5.03117,17.94134],"rotation":{"angle":0,"axis":"y","origin":[16.78585,4.56904,16.80809]},"faces":{"north":{"uv":[0,0,16,16],"texture":"#0"},"east":{"uv":[0,0,16,16],"texture":"#0"},"south":{"uv":[0,0,16,16],"texture":"#0"},"west":{"uv":[0,0,16,16],"texture":"#0"},"up":{"uv":[0,0,16,16],"texture":"#0"},"down":{"uv":[0,0,16,16],"texture":"#0"}}},{"name":"hexadecagon","from":[5.33114,-1.5,-5.42],"to":[10.66884,0.5,-3.44],"rotation":{"angle":-45,"axis":"y","origin":[8,-0.5,8]},"faces":{"north":{"uv":[0,0,16,16],"texture":"#2"},"east":{"uv":[0,0,16,16],"texture":"#2"},"south":{"uv":[0,0,16,16],"texture":"#2"},"west":{"uv":[0,0,16,16],"texture":"#2"},"up":{"uv":[0,0,16,16],"texture":"#2"},"down":{"uv":[0,0,16,16],"texture":"#2"}}},{"name":"hexadecagon","from":[5.33114,-1.5,-5.42],"to":[10.66886,0.5,-3.44],"rotation":{"angle":-22.5,"axis":"y","origin":[8,-0.5,8]},"faces":{"north":{"uv":[0,0,16,16],"texture":"#2"},"east":{"uv":[0,0,16,16],"texture":"#2"},"south":{"uv":[0,0,16,16],"texture":"#2"},"west":{"uv":[0,0,16,16],"texture":"#2"},"up":{"uv":[0,0,16,16],"texture":"#2"},"down":{"uv":[0,0,16,16],"texture":"#2"}}},{"name":"hexadecagon","from":[5.33114,-1.5,-5.42],"to":[10.66886,0.5,-3.44],"rotation":{"angle":0,"axis":"y","origin":[8,-0.5,8]},"faces":{"north":{"uv":[0,0,16,16],"texture":"#2"},"east":{"uv":[0,0,16,16],"texture":"#2"},"south":{"uv":[0,0,16,16],"texture":"#2"},"west":{"uv":[0,0,16,16],"texture":"#2"},"up":{"uv":[0,0,16,16],"texture":"#2"},"down":{"uv":[0,0,16,16],"texture":"#2"}}},{"name":"hexadecagon","from":[5.33114,-1.5,-5.42],"to":[10.66886,0.5,-3.44],"rotation":{"angle":22.5,"axis":"y","origin":[8,-0.5,8]},"faces":{"north":{"uv":[0,0,16,16],"texture":"#2"},"east":{"uv":[0,0,16,16],"texture":"#2"},"south":{"uv":[0,0,16,16],"texture":"#2"},"west":{"uv":[0,0,16,16],"texture":"#2"},"up":{"uv":[0,0,16,16],"texture":"#2"},"down":{"uv":[0,0,16,16],"texture":"#2"}}},{"name":"hexadecagon","from":[5.33114,-1.5,-5.42],"to":[10.66886,0.5,-3.44],"rotation":{"angle":45,"axis":"y","origin":[8,-0.5,8]},"faces":{"north":{"uv":[0,0,16,16],"texture":"#2"},"east":{"uv":[0,0,16,16],"texture":"#2"},"south":{"uv":[0,0,16,16],"texture":"#2"},"west":{"uv":[0,0,16,16],"texture":"#2"},"up":{"uv":[0,0,16,16],"texture":"#2"},"down":{"uv":[0,0,16,16],"texture":"#2"}}},{"name":"hexadecagon","from":[5.33114,-1.5,19.44],"to":[10.66886,0.5,21.42],"rotation":{"angle":-45,"axis":"y","origin":[8,-0.5,8]},"faces":{"north":{"uv":[0,0,16,16],"texture":"#2"},"east":{"uv":[0,0,16,16],"texture":"#2"},"south":{"uv":[0,0,16,16],"texture":"#2"},"west":{"uv":[0,0,16,16],"texture":"#2"},"up":{"uv":[0,0,16,16],"texture":"#2"},"down":{"uv":[0,0,16,16],"texture":"#2"}}},{"name":"hexadecagon","from":[5.33114,-1.5,19.44],"to":[10.66886,0.5,21.42],"rotation":{"angle":-22.5,"axis":"y","origin":[8,-0.5,8]},"faces":{"north":{"uv":[0,0,16,16],"texture":"#2"},"east":{"uv":[0,0,16,16],"texture":"#2"},"south":{"uv":[0,0,16,16],"texture":"#2"},"west":{"uv":[0,0,16,16],"texture":"#2"},"up":{"uv":[0,0,16,16],"texture":"#2"},"down":{"uv":[0,0,16,16],"texture":"#2"}}},{"name":"hexadecagon","from":[5.33114,-1.5,19.44],"to":[10.66886,0.5,21.42],"rotation":{"angle":0,"axis":"y","origin":[8,-0.5,8]},"faces":{"north":{"uv":[0,0,16,16],"texture":"#2"},"east":{"uv":[0,0,16,16],"texture":"#2"},"south":{"uv":[0,0,16,16],"texture":"#2"},"west":{"uv":[0,0,16,16],"texture":"#2"},"up":{"uv":[0,0,16,16],"texture":"#2"},"down":{"uv":[0,0,16,16],"texture":"#2"}}},{"name":"hexadecagon","from":[5.33114,-1.5,19.44],"to":[10.66886,0.5,21.42],"rotation":{"angle":22.5,"axis":"y","origin":[8,-0.5,8]},"faces":{"north":{"uv":[0,0,16,16],"texture":"#2"},"east":{"uv":[0,0,16,16],"texture":"#2"},"south":{"uv":[0,0,16,16],"texture":"#2"},"west":{"uv":[0,0,16,16],"texture":"#2"},"up":{"uv":[0,0,16,16],"texture":"#2"},"down":{"uv":[0,0,16,16],"texture":"#2"}}},{"name":"hexadecagon","from":[5.33114,-1.5,19.44],"to":[10.66886,0.5,21.42],"rotation":{"angle":45,"axis":"y","origin":[8,-0.5,8]},"faces":{"north":{"uv":[0,0,16,16],"texture":"#2"},"east":{"uv":[0,0,16,16],"texture":"#2"},"south":{"uv":[0,0,16,16],"texture":"#2"},"west":{"uv":[0,0,16,16],"texture":"#2"},"up":{"uv":[0,0,16,16],"texture":"#2"},"down":{"uv":[0,0,16,16],"texture":"#2"}}},{"name":"hexadecagon","from":[-5.42,-1.5,5.33114],"to":[-3.44,0.5,10.66886],"rotation":{"angle":-22.5,"axis":"y","origin":[8,-0.5,8]},"faces":{"north":{"uv":[0,0,16,16],"texture":"#2"},"east":{"uv":[0,0,16,16],"texture":"#2"},"south":{"uv":[0,0,16,16],"texture":"#2"},"west":{"uv":[0,0,16,16],"texture":"#2"},"up":{"uv":[0,0,16,16],"texture":"#2"},"down":{"uv":[0,0,16,16],"texture":"#2"}}},{"name":"hexadecagon","from":[-5.42,-1.5,5.33114],"to":[-3.44,0.5,10.66886],"rotation":{"angle":0,"axis":"y","origin":[8,-0.5,8]},"faces":{"north":{"uv":[0,0,16,16],"texture":"#2"},"east":{"uv":[0,0,16,16],"texture":"#2"},"south":{"uv":[0,0,16,16],"texture":"#2"},"west":{"uv":[0,0,16,16],"texture":"#2"},"up":{"uv":[0,0,16,16],"texture":"#2"},"down":{"uv":[0,0,16,16],"texture":"#2"}}},{"name":"hexadecagon","from":[-5.42,-1.5,5.33114],"to":[-3.44,0.5,10.66886],"rotation":{"angle":22.5,"axis":"y","origin":[8,-0.5,8]},"faces":{"north":{"uv":[0,0,16,16],"texture":"#2"},"east":{"uv":[0,0,16,16],"texture":"#2"},"south":{"uv":[0,0,16,16],"texture":"#2"},"west":{"uv":[0,0,16,16],"texture":"#2"},"up":{"uv":[0,0,16,16],"texture":"#2"},"down":{"uv":[0,0,16,16],"texture":"#2"}}},{"name":"hexadecagon","from":[19.44,-1.5,5.33114],"to":[21.42,0.5,10.66886],"rotation":{"angle":-22.5,"axis":"y","origin":[8,-0.5,8]},"faces":{"north":{"uv":[0,0,16,16],"texture":"#2"},"east":{"uv":[0,0,16,16],"texture":"#2"},"south":{"uv":[0,0,16,16],"texture":"#2"},"west":{"uv":[0,0,16,16],"texture":"#2"},"up":{"uv":[0,0,16,16],"texture":"#2"},"down":{"uv":[0,0,16,16],"texture":"#2"}}},{"name":"hexadecagon","from":[19.44,-1.5,5.33114],"to":[21.42,0.5,10.66886],"rotation":{"angle":0,"axis":"y","origin":[8,-0.5,8]},"faces":{"north":{"uv":[0,0,16,16],"texture":"#2"},"east":{"uv":[0,0,16,16],"texture":"#2"},"south":{"uv":[0,0,16,16],"texture":"#2"},"west":{"uv":[0,0,16,16],"texture":"#2"},"up":{"uv":[0,0,16,16],"texture":"#2"},"down":{"uv":[0,0,16,16],"texture":"#2"}}},{"name":"hexadecagon","from":[19.44,-1.5,5.33114],"to":[21.42,0.5,10.66884],"rotation":{"angle":22.5,"axis":"y","origin":[8,-0.5,8]},"faces":{"north":{"uv":[0,0,16,16],"texture":"#2"},"east":{"uv":[0,0,16,16],"texture":"#2"},"south":{"uv":[0,0,16,16],"texture":"#2"},"west":{"uv":[0,0,16,16],"texture":"#2"},"up":{"uv":[0,0,16,16],"texture":"#2"},"down":{"uv":[0,0,16,16],"texture":"#2"}}},{"name":"hexadecagon","from":[6.58114,-1.75,-5.67],"to":[9.41886,0.75,-3.19],"rotation":{"angle":0,"axis":"y","origin":[8,-0.5,8]},"faces":{"north":{"uv":[0,0,16,16],"texture":"#3"},"east":{"uv":[0,0,16,16],"texture":"#3"},"south":{"uv":[0,0,16,16],"texture":"#3"},"west":{"uv":[0,0,16,16],"texture":"#3"},"up":{"uv":[0,0,16,16],"texture":"#3"},"down":{"uv":[0,0,16,16],"texture":"#3"}}},{"name":"hexadecagon","from":[6.58114,-1.75,-5.67],"to":[9.41884,0.75,-3.19],"rotation":{"angle":-45,"axis":"y","origin":[8,-0.5,8]},"faces":{"north":{"uv":[0,0,16,16],"texture":"#3"},"east":{"uv":[0,0,16,16],"texture":"#3"},"south":{"uv":[0,0,16,16],"texture":"#3"},"west":{"uv":[0,0,16,16],"texture":"#3"},"up":{"uv":[0,0,16,16],"texture":"#3"},"down":{"uv":[0,0,16,16],"texture":"#3"}}},{"name":"hexadecagon","from":[19.19,-1.75,6.58114],"to":[21.67,0.75,9.41886],"rotation":{"angle":0,"axis":"y","origin":[8,-0.5,8]},"faces":{"north":{"uv":[0,0,16,16],"texture":"#3"},"east":{"uv":[0,0,16,16],"texture":"#3"},"south":{"uv":[0,0,16,16],"texture":"#3"},"west":{"uv":[0,0,16,16],"texture":"#3"},"up":{"uv":[0,0,16,16],"texture":"#3"},"down":{"uv":[0,0,16,16],"texture":"#3"}}},{"name":"hexadecagon","from":[6.58114,-1.75,19.19],"to":[9.41886,0.75,21.67],"rotation":{"angle":45,"axis":"y","origin":[8,-0.5,8]},"faces":{"north":{"uv":[0,0,16,16],"texture":"#3"},"east":{"uv":[0,0,16,16],"texture":"#3"},"south":{"uv":[0,0,16,16],"texture":"#3"},"west":{"uv":[0,0,16,16],"texture":"#3"},"up":{"uv":[0,0,16,16],"texture":"#3"},"down":{"uv":[0,0,16,16],"texture":"#3"}}},{"name":"hexadecagon","from":[6.58114,-1.75,19.19],"to":[9.41886,0.75,21.67],"rotation":{"angle":0,"axis":"y","origin":[8,-0.5,8]},"faces":{"north":{"uv":[0,0,16,16],"texture":"#3"},"east":{"uv":[0,0,16,16],"texture":"#3"},"south":{"uv":[0,0,16,16],"texture":"#3"},"west":{"uv":[0,0,16,16],"texture":"#3"},"up":{"uv":[0,0,16,16],"texture":"#3"},"down":{"uv":[0,0,16,16],"texture":"#3"}}},{"name":"hexadecagon","from":[6.58114,-1.75,19.19],"to":[9.41886,0.75,21.67],"rotation":{"angle":-45,"axis":"y","origin":[8,-0.5,8]},"faces":{"north":{"uv":[0,0,16,16],"texture":"#3"},"east":{"uv":[0,0,16,16],"texture":"#3"},"south":{"uv":[0,0,16,16],"texture":"#3"},"west":{"uv":[0,0,16,16],"texture":"#3"},"up":{"uv":[0,0,16,16],"texture":"#3"},"down":{"uv":[0,0,16,16],"texture":"#3"}}},{"name":"hexadecagon","from":[-5.67,-1.75,6.58114],"to":[-3.19,0.75,9.41886],"rotation":{"angle":0,"axis":"y","origin":[8,-0.5,8]},"faces":{"north":{"uv":[0,0,16,16],"texture":"#3"},"east":{"uv":[0,0,16,16],"texture":"#3"},"south":{"uv":[0,0,16,16],"texture":"#3"},"west":{"uv":[0,0,16,16],"texture":"#3"},"up":{"uv":[0,0,16,16],"texture":"#3"},"down":{"uv":[0,0,16,16],"texture":"#3"}}},{"name":"hexadecagon","from":[6.58114,-1.75,-5.67],"to":[9.41886,0.75,-3.19],"rotation":{"angle":45,"axis":"y","origin":[8,-0.5,8]},"faces":{"north":{"uv":[0,0,16,16],"texture":"#3"},"east":{"uv":[0,0,16,16],"texture":"#3"},"south":{"uv":[0,0,16,16],"texture":"#3"},"west":{"uv":[0,0,16,16],"texture":"#3"},"up":{"uv":[0,0,16,16],"texture":"#3"},"down":{"uv":[0,0,16,16],"texture":"#3"}}},{"from":[15.59827,1.50603,-2.01721],"to":[17.97427,2.17703,0.35879],"rotation":{"angle":0,"axis":"y","origin":[16.78585,4.56904,-0.80809]},"faces":{"north":{"uv":[0,0,16,16],"texture":"#3"},"east":{"uv":[0,0,16,16],"texture":"#3"},"south":{"uv":[0,0,16,16],"texture":"#3"},"west":{"uv":[0,0,16,16],"texture":"#3"},"up":{"uv":[0,0,16,16],"texture":"#3"},"down":{"uv":[0,0,16,16],"texture":"#3"}}},{"from":[16.42327,0.57103,-1.19221],"to":[17.14927,1.51703,-0.46621],"rotation":{"angle":0,"axis":"y","origin":[16.78585,4.56904,-0.80809]},"faces":{"north":{"uv":[0,0,16,16],"texture":"#3"},"east":{"uv":[0,0,16,16],"texture":"#3"},"south":{"uv":[0,0,16,16],"texture":"#3"},"west":{"uv":[0,0,16,16],"texture":"#3"},"up":{"uv":[0,0,16,16],"texture":"#3"},"down":{"uv":[0,0,16,16],"texture":"#3"}}},{"from":[15.61897,1.50603,15.61967],"to":[17.99497,2.17703,17.99567],"rotation":{"angle":0,"axis":"y","origin":[16.78585,4.56904,16.80809]},"faces":{"north":{"uv":[0,0,16,16],"texture":"#3"},"east":{"uv":[0,0,16,16],"texture":"#3"},"south":{"uv":[0,0,16,16],"texture":"#3"},"west":{"uv":[0,0,16,16],"texture":"#3"},"up":{"uv":[0,0,16,16],"texture":"#3"},"down":{"uv":[0,0,16,16],"texture":"#3"}}},{"from":[16.44397,0.57103,16.44467],"to":[17.16997,1.51703,17.17067],"rotation":{"angle":0,"axis":"y","origin":[16.78585,4.56904,16.80809]},"faces":{"north":{"uv":[0,0,16,16],"texture":"#3"},"east":{"uv":[0,0,16,16],"texture":"#3"},"south":{"uv":[0,0,16,16],"texture":"#3"},"west":{"uv":[0,0,16,16],"texture":"#3"},"up":{"uv":[0,0,16,16],"texture":"#3"},"down":{"uv":[0,0,16,16],"texture":"#3"}}},{"from":[-1.99497,1.50603,15.61967],"to":[0.38103,2.17703,17.99567],"rotation":{"angle":0,"axis":"y","origin":[-0.78585,4.56904,16.80809]},"faces":{"north":{"uv":[0,0,16,16],"texture":"#3"},"east":{"uv":[0,0,16,16],"texture":"#3"},"south":{"uv":[0,0,16,16],"texture":"#3"},"west":{"uv":[0,0,16,16],"texture":"#3"},"up":{"uv":[0,0,16,16],"texture":"#3"},"down":{"uv":[0,0,16,16],"texture":"#3"}}},{"from":[-1.16997,0.57103,16.44467],"to":[-0.44397,1.51703,17.17067],"rotation":{"angle":0,"axis":"y","origin":[-0.78585,4.56904,16.80809]},"faces":{"north":{"uv":[0,0,16,16],"texture":"#3"},"east":{"uv":[0,0,16,16],"texture":"#3"},"south":{"uv":[0,0,16,16],"texture":"#3"},"west":{"uv":[0,0,16,16],"texture":"#3"},"up":{"uv":[0,0,16,16],"texture":"#3"},"down":{"uv":[0,0,16,16],"texture":"#3"}}},{"from":[-1.97427,1.50603,-2.01721],"to":[0.40173,2.17703,0.35879],"rotation":{"angle":0,"axis":"y","origin":[-0.78585,4.56904,-0.80809]},"faces":{"north":{"uv":[0,0,16,16],"texture":"#3"},"east":{"uv":[0,0,16,16],"texture":"#3"},"south":{"uv":[0,0,16,16],"texture":"#3"},"west":{"uv":[0,0,16,16],"texture":"#3"},"up":{"uv":[0,0,16,16],"texture":"#3"},"down":{"uv":[0,0,16,16],"texture":"#3"}}},{"from":[-1.14927,0.57103,-1.19221],"to":[-0.42327,1.51703,-0.46621],"rotation":{"angle":0,"axis":"y","origin":[-0.78585,4.56904,-0.80809]},"faces":{"north":{"uv":[0,0,16,16],"texture":"#3"},"east":{"uv":[0,0,16,16],"texture":"#3"},"south":{"uv":[0,0,16,16],"texture":"#3"},"west":{"uv":[0,0,16,16],"texture":"#3"},"up":{"uv":[0,0,16,16],"texture":"#3"},"down":{"uv":[0,0,16,16],"texture":"#3"}}},{"from":[8.00086,13.64134,6.76308],"to":[8.00086,31.64134,9.26308],"rotation":{"angle":0,"axis":"y","origin":[8.02091,21.64589,7.99354]},"faces":{"north":{"uv":[0,0,6,16],"texture":"#4"},"east":{"uv":[0,0,6,16],"texture":"#4"},"south":{"uv":[0,0,6,16],"texture":"#4"},"west":{"uv":[0,0,6,16],"texture":"#4"},"up":{"uv":[0,0,6,16],"texture":"#4"},"down":{"uv":[0,0,6,16],"texture":"#4"}}},{"from":[6.73467,11.14134,8.01312],"to":[9.23467,29.14134,8.01312],"rotation":{"angle":0,"axis":"y","origin":[7.99278,20.14131,8.02119]},"faces":{"north":{"uv":[0,0,6,16],"texture":"#4"},"east":{"uv":[0,0,6,16],"texture":"#4"},"south":{"uv":[0,0,6,16],"texture":"#4"},"west":{"uv":[0,0,6,16],"texture":"#4"},"up":{"uv":[0,0,6,16],"texture":"#4"},"down":{"uv":[0,0,6,16],"texture":"#4"}}},{"from":[8.00086,-3.34955,12.026],"to":[8.00086,14.65045,14.026],"rotation":{"angle":-45,"axis":"x","origin":[8.02091,6.64589,13.00646]},"faces":{"north":{"uv":[0,0,6,16],"rotation":180,"texture":"#4"},"east":{"uv":[0,0,6,16],"rotation":180,"texture":"#4"},"south":{"uv":[0,0,6,16],"rotation":180,"texture":"#4"},"west":{"uv":[0,0,6,16],"rotation":180,"texture":"#4"},"up":{"uv":[0,0,6,16],"rotation":180,"texture":"#4"},"down":{"uv":[0,0,6,16],"rotation":180,"texture":"#4"}}},{"from":[6.98467,-0.84955,13.02604],"to":[8.98467,12.15045,13.02604],"rotation":{"angle":-45,"axis":"x","origin":[8.02091,6.64589,13.00646]},"faces":{"north":{"uv":[0,0,6,16],"rotation":180,"texture":"#4"},"east":{"uv":[0,0,6,16],"rotation":180,"texture":"#4"},"south":{"uv":[0,0,6,16],"rotation":180,"texture":"#4"},"west":{"uv":[0,0,6,16],"rotation":180,"texture":"#4"},"up":{"uv":[0,0,6,16],"rotation":180,"texture":"#4"},"down":{"uv":[0,0,6,16],"rotation":180,"texture":"#4"}}},{"from":[8.00086,-3.34955,1.974],"to":[8.00086,14.65045,3.974],"rotation":{"angle":45,"axis":"x","origin":[8.02091,6.64589,2.99354]},"faces":{"north":{"uv":[0,0,6,16],"rotation":180,"texture":"#4"},"east":{"uv":[0,0,6,16],"rotation":180,"texture":"#4"},"south":{"uv":[0,0,6,16],"rotation":180,"texture":"#4"},"west":{"uv":[0,0,6,16],"rotation":180,"texture":"#4"},"up":{"uv":[0,0,6,16],"rotation":180,"texture":"#4"},"down":{"uv":[0,0,6,16],"rotation":180,"texture":"#4"}}},{"from":[6.98467,-0.84955,2.97396],"to":[8.98467,12.15045,2.97396],"rotation":{"angle":45,"axis":"x","origin":[8.02091,6.64589,2.99354]},"faces":{"north":{"uv":[0,0,6,16],"rotation":180,"texture":"#4"},"east":{"uv":[0,0,6,16],"rotation":180,"texture":"#4"},"south":{"uv":[0,0,6,16],"rotation":180,"texture":"#4"},"west":{"uv":[0,0,6,16],"rotation":180,"texture":"#4"},"up":{"uv":[0,0,6,16],"rotation":180,"texture":"#4"},"down":{"uv":[0,0,6,16],"rotation":180,"texture":"#4"}}},{"from":[2.95031,-7.10417,7.97302],"to":[4.95031,10.89583,7.97302],"rotation":{"angle":-45,"axis":"z","origin":[8.0103,5.95586,7.98245]},"faces":{"north":{"uv":[0,0,6,16],"rotation":180,"texture":"#4"},"east":{"uv":[0,0,6,16],"rotation":180,"texture":"#4"},"south":{"uv":[0,0,6,16],"rotation":180,"texture":"#4"},"west":{"uv":[0,0,6,16],"rotation":180,"texture":"#4"},"up":{"uv":[0,0,6,16],"rotation":180,"texture":"#4"},"down":{"uv":[0,0,6,16],"rotation":180,"texture":"#4"}}},{"from":[3.95028,-4.60417,6.95683],"to":[3.95028,8.39583,8.95683],"rotation":{"angle":-45,"axis":"z","origin":[8.0103,5.95586,7.98245]},"faces":{"north":{"uv":[0,0,6,16],"rotation":180,"texture":"#4"},"east":{"uv":[0,0,6,16],"rotation":180,"texture":"#4"},"south":{"uv":[0,0,6,16],"rotation":180,"texture":"#4"},"west":{"uv":[0,0,6,16],"rotation":180,"texture":"#4"},"up":{"uv":[0,0,6,16],"rotation":180,"texture":"#4"},"down":{"uv":[0,0,6,16],"rotation":180,"texture":"#4"}}},{"from":[11.04546,-7.07935,7.97302],"to":[13.04546,10.92065,7.97302],"rotation":{"angle":45,"axis":"z","origin":[8.0103,5.95586,7.98245]},"faces":{"north":{"uv":[0,0,6,16],"rotation":180,"texture":"#4"},"east":{"uv":[0,0,6,16],"rotation":180,"texture":"#4"},"south":{"uv":[0,0,6,16],"rotation":180,"texture":"#4"},"west":{"uv":[0,0,6,16],"rotation":180,"texture":"#4"},"up":{"uv":[0,0,6,16],"rotation":180,"texture":"#4"},"down":{"uv":[0,0,6,16],"rotation":180,"texture":"#4"}}},{"from":[12.0455,-4.57935,6.95683],"to":[12.0455,8.42065,8.95683],"rotation":{"angle":45,"axis":"z","origin":[8.0103,5.95586,7.98245]},"faces":{"north":{"uv":[0,0,6,16],"rotation":180,"texture":"#4"},"east":{"uv":[0,0,6,16],"rotation":180,"texture":"#4"},"south":{"uv":[0,0,6,16],"rotation":180,"texture":"#4"},"west":{"uv":[0,0,6,16],"rotation":180,"texture":"#4"},"up":{"uv":[0,0,6,16],"rotation":180,"texture":"#4"},"down":{"uv":[0,0,6,16],"rotation":180,"texture":"#4"}}}],"display":{"thirdperson_righthand":{"rotation":[74.75,45,0],"translation":[0,-2.5,-2.75],"scale":[0.375,0.375,0.375]},"thirdperson_lefthand":{"rotation":[74.75,45,0],"translation":[0,-2.5,-2.75],"scale":[0.375,0.375,0.375]},"firstperson_righthand":{"rotation":[0.75,158.5,-4],"translation":[1.25,4,0],"scale":[0.26523,0.26523,0.26523]},"firstperson_lefthand":{"rotation":[0.75,158.5,-4],"translation":[1.25,4,0],"scale":[0.26523,0.26523,0.26523]},"ground":{"translation":[0,1,0],"scale":[0.42,0.42,0.42]},"gui":{"rotation":[30,-166,0],"translation":[0,-0.75,0],"scale":[0.4,0.4,0.4]},"head":{"translation":[0,-29.25,0],"scale":[2.01,1.45,2.01]},"fixed":{"translation":[0,-1.25,-0.25],"scale":[0.35,0.35,0.35]}},"groups":[{"name":"Flames","origin":[-0.78585,4.56904,-0.80809],"children":[0,1,2,3,4,5,6,7]},{"name":"Candles","origin":[16.78585,4.56904,16.80809],"children":[8,9,10,11,12,13,14,15,16,17,18,19,20,21,22,23,24,25,26,27,28,29,30,31,32,33,34,35,36,37,38,39,40,41,42,43,44,45,46,47,48,49,50,51,52,53,54,55,56,57,58,59,60,61,62,63,64,65,66,67,68,69,70,71,72,73,74,75]},{"name":"Wooden","origin":[8,8,8],"children":[76,77,78,79,80,81,82,83,84,85,86,87,88,89,90,91]},{"name":"Grips","origin":[8,1,8],"children":[92,93,94,95,96,97,98,99,100,101,102,103,104,105,106,107]},{"name":"Chains","origin":[8,8,8],"children":[{"name":"Vertical","origin":[15,-8,7],"children":[108,109]},{"name":"group","origin":[8,8,8],"children":[{"name":"Angle","origin":[15,-8,7],"children":[110,111]},{"name":"Angle","origin":[15,-8,7],"children":[112,113]}]},{"name":"group","origin":[8,8,8],"children":[{"name":"Angle","origin":[15,-8,7],"children":[114,115]},{"name":"Angle","origin":[15,-8,7],"children":[116,117]}]}]}]}