{"credit":"Made by spike5032","textures":{"1":"block/brown_concrete","2":"block/gray_concrete_powder","particle":"block/brown_concrete"},"elements":[{"from":[3.5,0.375,6.1],"to":[11.5,0.425,9.9],"rotation":{"angle":0,"axis":"y","origin":[7.5,0.5,8]},"faces":{"north":{"uv":[0,0,13,2],"rotation":90,"texture":"#2"},"east":{"uv":[0,0,13,2],"rotation":90,"texture":"#2"},"south":{"uv":[0,0,13,2],"rotation":90,"texture":"#2"},"west":{"uv":[0,0,13,2],"rotation":90,"texture":"#2"},"up":{"uv":[0,0,13,2],"rotation":90,"texture":"#2"},"down":{"uv":[0,0,13,2],"rotation":90,"texture":"#2"}}},{"from":[4,0,6],"to":[11,0.75,10],"rotation":{"angle":0,"axis":"y","origin":[7.5,0.5,8]},"faces":{"north":{"uv":[7.867,6.4,14.734,9.599],"texture":"#1"},"east":{"uv":[7.867,6.4,14.734,9.599],"texture":"#1"},"south":{"uv":[7.867,6.4,14.734,9.599],"texture":"#1"},"west":{"uv":[7.867,6.4,14.734,9.599],"texture":"#1"},"up":{"uv":[7.867,6.4,14.734,9.599],"texture":"#1"},"down":{"uv":[7.867,6.4,14.734,9.599],"texture":"#1"}}}],"display":{"thirdperson_righthand":{"rotation":[-26,-97,0],"translation":[-2,7.25,0]},"thirdperson_lefthand":{"rotation":[-26,-273.75,0],"translation":[-2,7.25,0]},"firstperson_righthand":{"rotation":[0,60,84.25],"translation":[-5.25,6.25,8.5],"scale":[0.50195,0.50195,0.50195]},"firstperson_lefthand":{"rotation":[28,-102.5,-63],"translation":[-4.25,6,9.5],"scale":[0.50195,0.50195,0.50195]},"ground":{"translation":[0,4.25,0]},"gui":{"rotation":[30,225,0],"translation":[-0.5,8.75,0],"scale":[1.41016,1.41016,1.41016]},"head":{"translation":[1,-31,0],"scale":[1.5,1.5,1.5]},"fixed":{"rotation":[-90,0,0],"translation":[0.75,0,-15.25],"scale":[2,2,2]}},"groups":[{"name":"Closed Bar","origin":[12,8,9],"children":[0,1]}]}