{"credit":"Made by spike5032","textures":{"0":"block/gray_stained_glass","2":"block/anvil","3":"entity/lead_knot","4":"block/stripped_spruce_log","5":"block/oak_planks","6":"block/gray_concrete_powder","7":"block/redstone_block","particle":"block/gray_stained_glass"},"elements":[{"from":[-2.02,-15.68,4.9],"to":[0.44,-2.56,7.36],"rotation":{"angle":0,"axis":"y","origin":[7,4,13.92]},"faces":{"north":{"uv":[1,0,4,16],"texture":"#5"},"east":{"uv":[1,0,4,16],"texture":"#5"},"south":{"uv":[1,0,4,16],"texture":"#5"},"west":{"uv":[1,0,4,16],"texture":"#5"},"up":{"uv":[1,0,4,16],"texture":"#5"},"down":{"uv":[1,0,4,16],"texture":"#5"}}},{"from":[-1.579,-6.53335,-5.81983],"to":[0.04901,-4.07392,11.76091],"rotation":{"angle":-45,"axis":"x","origin":[-0.39053,-10.50533,4.45071]},"faces":{"north":{"uv":[1,0,4,15],"texture":"#5"},"east":{"uv":[1,0,4,15],"rotation":270,"texture":"#5"},"south":{"uv":[1,0,4,15],"texture":"#5"},"west":{"uv":[1,0,4,15],"rotation":270,"texture":"#5"},"up":{"uv":[1,0,4,15],"texture":"#5"},"down":{"uv":[1,0,4,15],"texture":"#5"}}},{"from":[-1.62,-15.68,-7.35936],"to":[0.09,-13.22,4.9],"rotation":{"angle":0,"axis":"x","origin":[-0.38068,-14.04069,1.18269]},"faces":{"north":{"uv":[1,0,4,3],"rotation":90,"texture":"#5"},"east":{"uv":[1,0,4,15],"rotation":90,"texture":"#5"},"south":{"uv":[1,0,4,15],"rotation":90,"texture":"#5"},"west":{"uv":[1,0,4,15],"rotation":90,"texture":"#5"},"up":{"uv":[1,0,4,15],"rotation":90,"texture":"#5"},"down":{"uv":[1,0,4,15],"rotation":90,"texture":"#5"}}},{"from":[15.951,-6.53335,-5.81983],"to":[17.57901,-4.07392,11.76091],"rotation":{"angle":-45,"axis":"x","origin":[16.38947,-10.50533,4.45071]},"faces":{"north":{"uv":[1,0,4,15],"texture":"#5"},"east":{"uv":[1,0,4,15],"rotation":270,"texture":"#5"},"south":{"uv":[1,0,4,15],"texture":"#5"},"west":{"uv":[1,0,4,15],"rotation":270,"texture":"#5"},"up":{"uv":[1,0,4,15],"texture":"#5"},"down":{"uv":[1,0,4,15],"texture":"#5"}}},{"from":[15.56,-15.68,4.9],"to":[18.02,-2.56,7.36],"rotation":{"angle":0,"axis":"y","origin":[24.58,4,13.92]},"faces":{"north":{"uv":[1,0,4,16],"texture":"#5"},"east":{"uv":[1,0,4,16],"texture":"#5"},"south":{"uv":[1,0,4,16],"texture":"#5"},"west":{"uv":[1,0,4,16],"texture":"#5"},"up":{"uv":[1,0,4,16],"texture":"#5"},"down":{"uv":[1,0,4,16],"texture":"#5"}}},{"from":[15.91,-15.68,-7.35936],"to":[17.62,-13.22,4.9],"rotation":{"angle":0,"axis":"x","origin":[16.39932,-14.04069,1.18269]},"faces":{"north":{"uv":[1,0,4,3],"rotation":90,"texture":"#5"},"east":{"uv":[1,0,4,15],"rotation":90,"texture":"#5"},"south":{"uv":[1,0,4,15],"rotation":90,"texture":"#5"},"west":{"uv":[1,0,4,15],"rotation":90,"texture":"#5"},"up":{"uv":[1,0,4,15],"rotation":90,"texture":"#5"},"down":{"uv":[1,0,4,15],"rotation":90,"texture":"#5"}}},{"from":[15.56,-2.56,4.9],"to":[18.02,10.56,7.36],"rotation":{"angle":0,"axis":"y","origin":[24.58,4,13.92]},"faces":{"north":{"uv":[1,0,4,15],"texture":"#5"},"east":{"uv":[1,0,4,15],"texture":"#5"},"south":{"uv":[1,0,4,15],"texture":"#5"},"west":{"uv":[1,0,4,15],"texture":"#5"},"up":{"uv":[1,0,4,15],"texture":"#5"},"down":{"uv":[1,0,4,15],"texture":"#5"}}},{"from":[-2.02,-2.56,4.9],"to":[0.44,10.56,7.36],"rotation":{"angle":0,"axis":"y","origin":[7,4,13.92]},"faces":{"north":{"uv":[1,0,4,15],"texture":"#5"},"east":{"uv":[1,0,4,15],"texture":"#5"},"south":{"uv":[1,0,4,15],"texture":"#5"},"west":{"uv":[1,0,4,15],"texture":"#5"},"up":{"uv":[1,0,4,15],"texture":"#5"},"down":{"uv":[1,0,4,15],"texture":"#5"}}},{"from":[-2.02,10.56,4.9],"to":[0.44,30,7.36],"rotation":{"angle":0,"axis":"y","origin":[7,4,13.92]},"faces":{"north":{"uv":[1,0,4,15],"texture":"#5"},"east":{"uv":[1,0,4,15],"texture":"#5"},"south":{"uv":[1,0,4,15],"texture":"#5"},"west":{"uv":[1,0,4,15],"texture":"#5"},"up":{"uv":[1,0,4,15],"texture":"#5"},"down":{"uv":[1,0,4,15],"texture":"#5"}}},{"from":[15.56,10.56,4.9],"to":[18.02,30,7.36],"rotation":{"angle":0,"axis":"y","origin":[24.58,4,13.92]},"faces":{"north":{"uv":[1,0,4,15],"texture":"#5"},"east":{"uv":[1,0,4,15],"texture":"#5"},"south":{"uv":[1,0,4,15],"texture":"#5"},"west":{"uv":[1,0,4,15],"texture":"#5"},"up":{"uv":[1,0,4,15],"texture":"#5"},"down":{"uv":[1,0,4,15],"texture":"#5"}}},{"from":[-2.84,27.4,4.08],"to":[18.84,29.86,8.18],"rotation":{"angle":0,"axis":"y","origin":[8,11,13.92]},"faces":{"north":{"uv":[4,0,7,16],"rotation":90,"texture":"#4"},"east":{"uv":[4,0,7,5],"rotation":90,"texture":"#4"},"south":{"uv":[4,0,7,16],"rotation":90,"texture":"#4"},"west":{"uv":[4,0,7,5],"rotation":90,"texture":"#4"},"up":{"uv":[0,0,16,5],"texture":"#missing"},"down":{"uv":[4,0,7,16],"rotation":90,"texture":"#4"}}},{"from":[-3.66,29.86,3.26],"to":[19.66,30.68,9],"rotation":{"angle":0,"axis":"y","origin":[8,11,13.92]},"faces":{"north":{"uv":[0,0,1,16],"rotation":90,"texture":"#4"},"east":{"uv":[0,0,1,16],"rotation":90,"texture":"#4"},"south":{"uv":[0,0,1,16],"rotation":90,"texture":"#4"},"west":{"uv":[0,0,1,7],"rotation":90,"texture":"#4"},"up":{"uv":[4,0,7,16],"rotation":90,"texture":"#4"},"down":{"uv":[4,0,7,16],"rotation":90,"texture":"#4"}}},{"name":"Rope","from":[7.59,24.12,5.72],"to":[8.41,27.4,6.54],"rotation":{"angle":0,"axis":"y","origin":[7.59,8.54,13.92]},"faces":{"north":{"uv":[0.5,3,1.5,7],"texture":"#3"},"east":{"uv":[0.5,3,1.5,7],"texture":"#3"},"south":{"uv":[0.5,3,1.5,7],"texture":"#3"},"west":{"uv":[0.5,3,1.5,7],"texture":"#3"},"up":{"uv":[0.5,3,1.5,7],"texture":"#3"},"down":{"uv":[0.5,3,1.5,7],"texture":"#3"}}},{"from":[0.03,20.84,4.49],"to":[15.97,24.12,7.77],"rotation":{"angle":0,"axis":"y","origin":[8,5.26,13.92]},"faces":{"north":{"uv":[0,0,4,16],"rotation":90,"texture":"#4"},"east":{"uv":[0,0,4,16],"rotation":90,"texture":"#4"},"south":{"uv":[0,0,4,16],"rotation":90,"texture":"#4"},"west":{"uv":[0,0,4,16],"rotation":90,"texture":"#4"},"up":{"uv":[0,0,4,16],"rotation":90,"texture":"#4"},"down":{"uv":[0,0,4,16],"rotation":90,"texture":"#4"}}},{"from":[0.03,15.92,5.925],"to":[16.79,19.2,6.335],"rotation":{"angle":-22.5,"axis":"z","origin":[7.98354,17.56499,6.14148]},"faces":{"north":{"uv":[6,2,7,4],"texture":"#6"},"east":{"uv":[6,2,7,3],"texture":"#6"},"south":{"uv":[6,2,7,4],"texture":"#6"},"west":{"uv":[6,2,7,3],"texture":"#6"},"up":{"uv":[6,2,7,3],"texture":"#6"},"down":{"uv":[6,3,7,4],"texture":"#6"}}},{"from":[0.40645,19.04435,5.9455],"to":[15.52645,20.84835,6.3145],"rotation":{"angle":0,"axis":"z","origin":[8.35802,18.22282,6.14197]},"faces":{"north":{"uv":[6,2,7,3],"texture":"#6"},"east":{"uv":[6,2,7,3],"texture":"#6"},"south":{"uv":[6,2,7,3],"texture":"#6"},"west":{"uv":[6,2,7,3],"texture":"#6"},"up":{"uv":[6,2,7,3],"texture":"#6"},"down":{"uv":[6,2,7,3],"texture":"#6"}}},{"from":[7.32645,16.18435,5.9455],"to":[16.75645,19.20835,6.3145],"rotation":{"angle":0,"axis":"z","origin":[8.35802,18.22282,6.14197]},"faces":{"north":{"uv":[6,2,7,3],"texture":"#6"},"east":{"uv":[6,2,7,3],"texture":"#6"},"south":{"uv":[6,2,7,3],"texture":"#6"},"west":{"uv":[6,2,7,3],"texture":"#6"},"up":{"uv":[6,2,7,3],"texture":"#6"},"down":{"uv":[6,2,7,3],"texture":"#6"}}},{"from":[0.03,-0.94,5.105],"to":[15.97,0.7,6.79],"rotation":{"angle":0,"axis":"y","origin":[8,-18.16,13.92]},"faces":{"north":{"uv":[0,0,2,16],"rotation":90,"texture":"#4"},"east":{"uv":[0,0,2,16],"rotation":90,"texture":"#4"},"south":{"uv":[0,0,2,16],"rotation":90,"texture":"#4"},"west":{"uv":[0,0,2,16],"rotation":90,"texture":"#4"},"up":{"uv":[0,0,2,16],"rotation":90,"texture":"#4"},"down":{"uv":[0,0,2,16],"rotation":90,"texture":"#4"}}},{"from":[0.03,-11.3,5.105],"to":[15.97,-9.66,6.79],"rotation":{"angle":0,"axis":"y","origin":[8,7.56,13.92]},"faces":{"north":{"uv":[2,0,0,16],"rotation":90,"texture":"#4"},"east":{"uv":[2,0,0,16],"rotation":90,"texture":"#4"},"south":{"uv":[2,0,0,16],"rotation":90,"texture":"#4"},"west":{"uv":[2,0,0,16],"rotation":90,"texture":"#4"},"up":{"uv":[2,0,0,16],"rotation":90,"texture":"#4"},"down":{"uv":[2,0,0,16],"rotation":90,"texture":"#4"}}},{"from":[0.03,-2.58,5.31],"to":[15.97,-0.94,6.585],"rotation":{"angle":0,"axis":"y","origin":[8,-19.8,13.92]},"faces":{"north":{"uv":[2,0,5,16],"rotation":90,"texture":"#5"},"east":{"uv":[0,0,1.25,2],"texture":"#5"},"south":{"uv":[2,0,5,16],"rotation":90,"texture":"#5"},"west":{"uv":[0,0,1.25,2],"texture":"#5"},"up":{"uv":[0,0,16,1.25],"texture":"#5"},"down":{"uv":[0,0,1,3],"rotation":90,"texture":"#5"}}},{"from":[0.03,-9.66,5.31],"to":[15.97,-8.02,6.585],"rotation":{"angle":0,"axis":"y","origin":[8,9.2,13.92]},"faces":{"north":{"uv":[4,0,1,16],"rotation":90,"texture":"#5"},"east":{"uv":[0,2,1.25,0],"texture":"#5"},"south":{"uv":[4,0,1,16],"rotation":90,"texture":"#5"},"west":{"uv":[0,2,1.25,0],"texture":"#5"},"up":{"uv":[0,0,1,3],"rotation":90,"texture":"#5"},"down":{"uv":[0,1.25,16,0],"texture":"#5"}}},{"from":[11.46,-8.04,5.31],"to":[15.56,-2.58,6.585],"rotation":{"angle":0,"axis":"y","origin":[7.59,-22.44,13.92]},"faces":{"north":{"uv":[1,3,9,8],"rotation":90,"texture":"#5"},"east":{"uv":[0,0,1,3],"texture":"#5"},"south":{"uv":[1,3,9,8],"rotation":90,"texture":"#5"},"west":{"uv":[1,15,9,16],"rotation":90,"texture":"#5"},"up":{"uv":[0,0,1,3],"texture":"#5"},"down":{"uv":[0,0,1,3],"texture":"#5"}}},{"from":[0.44,-8.04,5.31],"to":[4.54,-2.58,6.585],"rotation":{"angle":0,"axis":"y","origin":[-1.43,-22.44,13.92]},"faces":{"north":{"uv":[1,3,9,8],"rotation":90,"texture":"#5"},"east":{"uv":[1,15,9,16],"rotation":90,"texture":"#5"},"south":{"uv":[1,3,9,8],"rotation":90,"texture":"#5"},"west":{"uv":[0,0,1,3],"texture":"#5"},"up":{"uv":[0,0,1,3],"texture":"#5"},"down":{"uv":[0,0,1,3],"texture":"#5"}}},{"name":"octagon","from":[5.75613,-10.637,-8.54289],"to":[10.24387,-9.8006,-7.18859],"rotation":{"angle":22.5,"axis":"y","origin":[8,-10.2188,-3.1257]},"faces":{"north":{"uv":[0,9,5.472,10.02],"texture":"#2"},"east":{"uv":[0,9,1.651,10.02],"texture":"#2"},"south":{"uv":[0,9,5.472,10.02],"texture":"#2"},"west":{"uv":[0,9,1.651,10.02],"texture":"#2"},"up":{"uv":[0,9,5.472,10.651],"texture":"#2"},"down":{"uv":[0,9,5.472,10.651],"texture":"#2"}}},{"name":"octagon","from":[5.75613,-10.637,-8.54289],"to":[10.24387,-9.8006,-7.18859],"rotation":{"angle":-22.5,"axis":"y","origin":[8,-10.2188,-3.1257]},"faces":{"north":{"uv":[0,9,5.472,10.02],"texture":"#2"},"east":{"uv":[0,9,1.651,10.02],"texture":"#2"},"south":{"uv":[0,9,5.472,10.02],"texture":"#2"},"west":{"uv":[0,9,1.651,10.02],"texture":"#2"},"up":{"uv":[0,9,5.472,10.651],"texture":"#2"},"down":{"uv":[0,9,5.472,10.651],"texture":"#2"}}},{"name":"octagon","from":[5.75613,-10.637,0.9372],"to":[10.24387,-9.8006,2.2915],"rotation":{"angle":22.5,"axis":"y","origin":[8,-10.2188,-3.1257]},"faces":{"north":{"uv":[0,9,5.472,10.02],"texture":"#2"},"east":{"uv":[0,9,1.651,10.02],"texture":"#2"},"south":{"uv":[0,9,5.472,10.02],"texture":"#2"},"west":{"uv":[0,9,1.651,10.02],"texture":"#2"},"up":{"uv":[0,9,5.472,10.651],"texture":"#2"},"down":{"uv":[0,9,5.472,10.651],"texture":"#2"}}},{"name":"octagon","from":[5.75613,-10.637,0.9372],"to":[10.24387,-9.8006,2.2915],"rotation":{"angle":-22.5,"axis":"y","origin":[8,-10.2188,-3.1257]},"faces":{"north":{"uv":[0,9,5.472,10.02],"texture":"#2"},"east":{"uv":[0,9,1.651,10.02],"texture":"#2"},"south":{"uv":[0,9,5.472,10.02],"texture":"#2"},"west":{"uv":[0,9,1.651,10.02],"texture":"#2"},"up":{"uv":[0,9,5.472,10.651],"texture":"#2"},"down":{"uv":[0,9,5.472,10.651],"texture":"#2"}}},{"name":"octagon","from":[2.5828,-10.637,-5.36957],"to":[3.93711,-9.8006,-0.88182],"rotation":{"angle":22.5,"axis":"y","origin":[8,-10.2188,-3.1257]},"faces":{"north":{"uv":[0,9,5.472,10.02],"texture":"#2"},"east":{"uv":[0,9,1.651,10.02],"texture":"#2"},"south":{"uv":[0,9,5.472,10.02],"texture":"#2"},"west":{"uv":[0,9,1.651,10.02],"texture":"#2"},"up":{"uv":[0,9,5.472,10.651],"texture":"#2"},"down":{"uv":[0,9,5.472,10.651],"texture":"#2"}}},{"name":"octagon","from":[2.5828,-10.637,-5.36957],"to":[3.93711,-9.8006,-0.88182],"rotation":{"angle":-22.5,"axis":"y","origin":[8,-10.2188,-3.1257]},"faces":{"north":{"uv":[0,9,5.472,10.02],"texture":"#2"},"east":{"uv":[0,9,1.651,10.02],"texture":"#2"},"south":{"uv":[0,9,5.472,10.02],"texture":"#2"},"west":{"uv":[0,9,1.651,10.02],"texture":"#2"},"up":{"uv":[0,9,5.472,10.651],"texture":"#2"},"down":{"uv":[0,9,5.472,10.651],"texture":"#2"}}},{"name":"octagon","from":[12.0629,-10.637,-5.36957],"to":[13.4172,-9.8006,-0.88182],"rotation":{"angle":22.5,"axis":"y","origin":[8,-10.2188,-3.1257]},"faces":{"north":{"uv":[0,9,5.472,10.02],"texture":"#2"},"east":{"uv":[0,9,1.651,10.02],"texture":"#2"},"south":{"uv":[0,9,5.472,10.02],"texture":"#2"},"west":{"uv":[0,9,1.651,10.02],"texture":"#2"},"up":{"uv":[0,9,5.472,10.651],"texture":"#2"},"down":{"uv":[0,9,5.472,10.651],"texture":"#2"}}},{"name":"octagon","from":[12.0629,-10.637,-5.36957],"to":[13.4172,-9.8006,-0.88182],"rotation":{"angle":-22.5,"axis":"y","origin":[8,-10.2188,-3.1257]},"faces":{"north":{"uv":[0,9,5.472,10.02],"texture":"#2"},"east":{"uv":[0,9,1.651,10.02],"texture":"#2"},"south":{"uv":[0,9,5.472,10.02],"texture":"#2"},"west":{"uv":[0,9,1.651,10.02],"texture":"#2"},"up":{"uv":[0,9,5.472,10.651],"texture":"#2"},"down":{"uv":[0,9,5.472,10.651],"texture":"#2"}}},{"name":"octagon","from":[5.84482,-14.819,-8.3706],"to":[10.15518,-10.637,2.03556],"rotation":{"angle":22.5,"axis":"y","origin":[8,-14.4008,-3.16752]},"faces":{"north":{"uv":[0,0,5.25655,5.1],"texture":"#2"},"east":{"uv":[0,0,12.69043,5.1],"texture":"#2"},"south":{"uv":[0,0,5.25655,5.1],"texture":"#2"},"west":{"uv":[0,0,12.69043,5.1],"texture":"#2"},"up":{"uv":[1,0,2,1],"texture":"#0"},"down":{"uv":[0,0,11.7504,4.8672],"rotation":90,"texture":"#2"}}},{"name":"octagon","from":[5.88792,-14.52262,-8.04319],"to":[10.11208,-10.42426,1.90485],"rotation":{"angle":22.5,"axis":"y","origin":[8,-14.11278,-2.94417]},"faces":{"north":{"uv":[0,0,5.25655,5.1],"texture":"#7"},"east":{"uv":[0,0,12.69043,5.1],"texture":"#7"},"south":{"uv":[0,0,5.25655,5.1],"texture":"#7"},"west":{"uv":[0,0,12.69043,5.1],"texture":"#7"},"up":{"uv":[5,5,11,7],"texture":"#7"},"down":{"uv":[0,0,11.7504,4.8672],"rotation":90,"texture":"#7"}}},{"name":"octagon","from":[5.84482,-14.819,-8.3706],"to":[10.15518,-10.637,2.03556],"rotation":{"angle":-22.5,"axis":"y","origin":[8,-14.4008,-3.16752]},"faces":{"north":{"uv":[0,0,5.25655,5.1],"texture":"#2"},"east":{"uv":[0,0,12.69043,5.1],"texture":"#2"},"south":{"uv":[0,0,5.25655,5.1],"texture":"#2"},"west":{"uv":[0,0,12.69043,5.1],"texture":"#2"},"up":{"uv":[1,0,2,1],"texture":"#0"},"down":{"uv":[0,0,11.7504,4.8672],"rotation":90,"texture":"#2"}}},{"name":"octagon","from":[5.88792,-14.52262,-8.04319],"to":[10.11208,-10.42426,1.90485],"rotation":{"angle":-22.5,"axis":"y","origin":[8,-14.11278,-2.94417]},"faces":{"north":{"uv":[0,0,5.25655,5.1],"texture":"#7"},"east":{"uv":[0,0,12.69043,5.1],"texture":"#7"},"south":{"uv":[0,0,5.25655,5.1],"texture":"#7"},"west":{"uv":[0,0,12.69043,5.1],"texture":"#7"},"up":{"uv":[5,5,11,7],"texture":"#7"},"down":{"uv":[0,0,11.7504,4.8672],"rotation":90,"texture":"#7"}}},{"name":"octagon","from":[2.79692,-14.819,-5.3227],"to":[13.20308,-10.637,-1.01233],"rotation":{"angle":22.5,"axis":"y","origin":[8,-14.4008,-3.16752]},"faces":{"north":{"uv":[0,0,12.69043,5.1],"texture":"#2"},"east":{"uv":[0,0,5.25655,5.1],"texture":"#2"},"south":{"uv":[0,0,12.69043,5.1],"texture":"#2"},"west":{"uv":[0,0,5.25655,5.1],"texture":"#2"},"up":{"uv":[1,0,2,1],"texture":"#0"},"down":{"uv":[0,0,11.7504,4.8672],"texture":"#2"}}},{"name":"octagon","from":[3.40098,-14.52262,-5.05625],"to":[13.09902,-10.42426,-0.83208],"rotation":{"angle":22.5,"axis":"y","origin":[8,-14.11278,-2.94417]},"faces":{"north":{"uv":[0,0,12.69043,5.1],"texture":"#7"},"east":{"uv":[0,0,5.25655,5.1],"texture":"#7"},"south":{"uv":[0,0,12.69043,5.1],"texture":"#7"},"west":{"uv":[0,0,5.25655,5.1],"texture":"#7"},"up":{"uv":[5,5,11,7],"texture":"#7"},"down":{"uv":[0,0,11.7504,4.8672],"texture":"#7"}}},{"name":"octagon","from":[2.79692,-14.819,-5.3227],"to":[13.20308,-10.637,-1.01233],"rotation":{"angle":-22.5,"axis":"y","origin":[8,-14.4008,-3.16752]},"faces":{"north":{"uv":[0,0,12.69043,5.1],"texture":"#2"},"east":{"uv":[0,0,5.25655,5.1],"texture":"#2"},"south":{"uv":[0,0,12.69043,5.1],"texture":"#2"},"west":{"uv":[0,0,5.25655,5.1],"texture":"#2"},"up":{"uv":[1,0,2,1],"texture":"#0"},"down":{"uv":[0,0,11.7504,4.8672],"texture":"#2"}}},{"name":"octagon","from":[2.90098,-14.52262,-5.05625],"to":[12.84902,-10.42426,-0.83208],"rotation":{"angle":-22.5,"axis":"y","origin":[8,-14.11278,-2.94417]},"faces":{"north":{"uv":[0,0,12.69043,5.1],"texture":"#7"},"east":{"uv":[0,0,5.25655,5.1],"texture":"#7"},"south":{"uv":[0,0,12.69043,5.1],"texture":"#7"},"west":{"uv":[0,0,5.25655,5.1],"texture":"#7"},"up":{"uv":[5,5,11,7],"texture":"#7"},"down":{"uv":[0,0,11.7504,4.8672],"texture":"#7"}}},{"name":"octagon","from":[6.00446,-15.6554,-8.03536],"to":[9.99554,-14.819,1.59996],"rotation":{"angle":22.5,"axis":"y","origin":[8,-15.2372,-3.2177]},"faces":{"north":{"uv":[0,0,4.86718,1.02],"texture":"#2"},"east":{"uv":[0,0,11.7504,1.02],"texture":"#2"},"south":{"uv":[0,0,4.86718,1.02],"texture":"#2"},"west":{"uv":[0,0,11.7504,1.02],"texture":"#2"},"up":{"uv":[1,0,2,1],"texture":"#0"},"down":{"uv":[0,0,11.7504,4.8672],"rotation":90,"texture":"#2"}}},{"name":"octagon","from":[6.00446,-15.6554,-8.03536],"to":[9.99554,-14.819,1.59996],"rotation":{"angle":-22.5,"axis":"y","origin":[8,-15.2372,-3.2177]},"faces":{"north":{"uv":[0,0,4.86718,1.02],"texture":"#2"},"east":{"uv":[0,0,11.7504,1.02],"texture":"#2"},"south":{"uv":[0,0,4.86718,1.02],"texture":"#2"},"west":{"uv":[0,0,11.7504,1.02],"texture":"#2"},"up":{"uv":[1,0,2,1],"texture":"#0"},"down":{"uv":[0,0,11.7504,4.8672],"rotation":90,"texture":"#2"}}},{"name":"octagon","from":[3.18234,-15.6554,-5.21324],"to":[12.81766,-14.819,-1.22216],"rotation":{"angle":22.5,"axis":"y","origin":[8,-15.2372,-3.2177]},"faces":{"north":{"uv":[0,0,11.7504,1.02],"texture":"#2"},"east":{"uv":[0,0,4.86718,1.02],"texture":"#2"},"south":{"uv":[0,0,11.7504,1.02],"texture":"#2"},"west":{"uv":[0,0,4.86718,1.02],"texture":"#2"},"up":{"uv":[1,0,2,1],"texture":"#0"},"down":{"uv":[0,0,11.7504,4.8672],"texture":"#2"}}},{"name":"octagon","from":[3.18234,-15.6554,-5.21324],"to":[12.81766,-14.819,-1.22216],"rotation":{"angle":-22.5,"axis":"y","origin":[8,-15.2372,-3.2177]},"faces":{"north":{"uv":[0,0,11.7504,1.02],"texture":"#2"},"east":{"uv":[0,0,4.86718,1.02],"texture":"#2"},"south":{"uv":[0,0,11.7504,1.02],"texture":"#2"},"west":{"uv":[0,0,4.86718,1.02],"texture":"#2"},"up":{"uv":[1,0,2,1],"texture":"#0"},"down":{"uv":[0,0,11.7504,4.8672],"texture":"#2"}}}],"display":{"thirdperson_righthand":{"rotation":[75,45,0],"translation":[0.75,1.75,1.5],"scale":[0.25,0.25,0.25]},"thirdperson_lefthand":{"rotation":[75,45,0],"translation":[0.75,1.75,1.5],"scale":[0.25,0.25,0.25]},"firstperson_righthand":{"rotation":[7,106.25,3],"translation":[1.25,5.25,0],"scale":[0.18359,0.18359,0.18359]},"firstperson_lefthand":{"rotation":[7,106.25,3],"translation":[1.25,5.25,0],"scale":[0.18359,0.18359,0.18359]},"ground":{"translation":[0,5,0],"scale":[0.25,0.25,0.25]},"gui":{"rotation":[30,225,0],"translation":[-1.25,0.75,0],"scale":[0.28,0.28,0.28]},"head":{"translation":[0,-13.5,7.25],"scale":[1.25,1.25,1.25]},"fixed":{"translation":[0,0.25,0],"scale":[0.42,0.42,0.42]}},"groups":[{"name":"Frame","origin":[8,8,8],"children":[{"name":"Guillotine","origin":[-1.43,-22.44,12.92],"children":[0,1,2,3,4,5,6,7,8,9,10,11,12,13,14,15,16,17,18,19,20,21,22]}]},{"name":"Basket","origin":[8,8,8],"children":[{"name":"octagon","origin":[8,8,8],"children":[23,24,25,26,27,28,29,30]},{"name":"octagon","origin":[8,8,8],"children":[31,32,33,34,35,36,37,38]},{"name":"octagon","origin":[8,8,8],"children":[39,40,41,42]}]}]}