{"credit":"Made by spike5032","textures":{"4":"block/stripped_spruce_log","5":"block/oak_planks"},"elements":[{"from":[-13.52,-15.68,4.9],"to":[-11.06,-2.56,7.36],"rotation":{"angle":0,"axis":"y","origin":[-4.5,4,13.92]},"faces":{"north":{"uv":[1,0,4,16],"texture":"#5"},"east":{"uv":[1,0,4,16],"texture":"#5"},"south":{"uv":[1,0,4,16],"texture":"#5"},"west":{"uv":[1,0,4,16],"texture":"#5"},"up":{"uv":[1,0,4,16],"texture":"#5"},"down":{"uv":[1,0,4,16],"texture":"#5"}}},{"from":[-12.99136,-7.98801,-0.54866],"to":[-11.62383,-5.92209,9.38916],"rotation":{"angle":-45,"axis":"x","origin":[-11.99305,-11.32448,8.0786]},"faces":{"north":{"uv":[1,0,4,15],"texture":"#5"},"east":{"uv":[1,0,4,15],"rotation":270,"texture":"#5"},"south":{"uv":[1,0,4,15],"texture":"#5"},"west":{"uv":[1,0,4,15],"rotation":270,"texture":"#5"},"up":{"uv":[1,0,4,15],"texture":"#5"},"down":{"uv":[1,0,4,15],"texture":"#5"}}},{"from":[-12.99136,-7.98801,2.86084],"to":[-11.62383,-5.92209,12.79866],"rotation":{"angle":45,"axis":"x","origin":[-11.99305,-11.32448,4.1714]},"faces":{"north":{"uv":[4,0,1,15],"texture":"#5"},"east":{"uv":[1,15,4,0],"rotation":270,"texture":"#5"},"south":{"uv":[4,0,1,15],"texture":"#5"},"west":{"uv":[1,15,4,0],"rotation":270,"texture":"#5"},"up":{"uv":[1,15,4,0],"texture":"#5"},"down":{"uv":[1,15,4,0],"texture":"#5"}}},{"from":[-13.0258,-15.6712,-1.84186],"to":[-11.62383,-13.6048,14.09186],"rotation":{"angle":0,"axis":"x","origin":[-11.98477,-14.29418,6.91654]},"faces":{"north":{"uv":[1,15,4,0],"rotation":90,"texture":"#5"},"east":{"uv":[1,15,4,0],"rotation":90,"texture":"#5"},"south":{"uv":[1,3,4,0],"rotation":90,"texture":"#5"},"west":{"uv":[1,15,4,0],"rotation":90,"texture":"#5"},"up":{"uv":[4,0,1,15],"rotation":90,"texture":"#5"},"down":{"uv":[4,0,1,15],"rotation":90,"texture":"#5"}}},{"from":[-13.52,-2.56,4.9],"to":[-11.06,10.56,7.36],"rotation":{"angle":0,"axis":"y","origin":[-4.5,4,13.92]},"faces":{"north":{"uv":[1,0,4,15],"texture":"#5"},"east":{"uv":[1,0,4,15],"texture":"#5"},"south":{"uv":[1,0,4,15],"texture":"#5"},"west":{"uv":[1,0,4,15],"texture":"#5"},"up":{"uv":[1,0,4,15],"texture":"#5"},"down":{"uv":[1,0,4,15],"texture":"#5"}}},{"from":[-11.07,7.06,5.105],"to":[-0.005,8.7,6.99],"rotation":{"angle":0,"axis":"y","origin":[-5.5,-10.16,14.02]},"faces":{"north":{"uv":[0,0,2,16],"rotation":90,"texture":"#4"},"east":{"uv":[0,0,2,16],"rotation":90,"texture":"#4"},"south":{"uv":[0,0,2,16],"rotation":90,"texture":"#4"},"west":{"uv":[0,0,2,16],"rotation":90,"texture":"#4"},"up":{"uv":[0,0,2,16],"rotation":90,"texture":"#4"},"down":{"uv":[0,0,2,16],"rotation":90,"texture":"#4"}}},{"from":[-11.07,-3.3,5.105],"to":[0.02,-1.66,6.99],"rotation":{"angle":0,"axis":"y","origin":[-5.5,15.56,14.02]},"faces":{"north":{"uv":[2,0,0,16],"rotation":90,"texture":"#4"},"east":{"uv":[2,0,0,16],"rotation":90,"texture":"#4"},"south":{"uv":[2,0,0,16],"rotation":90,"texture":"#4"},"west":{"uv":[2,0,0,16],"rotation":90,"texture":"#4"},"up":{"uv":[2,0,0,16],"rotation":90,"texture":"#4"},"down":{"uv":[2,0,0,16],"rotation":90,"texture":"#4"}}},{"from":[-11.07,5.42,5.41],"to":[-0.005,7.06,6.685],"rotation":{"angle":0,"axis":"y","origin":[-5.5,-11.8,14.02]},"faces":{"north":{"uv":[2,0,5,16],"rotation":90,"texture":"#5"},"east":{"uv":[0,0,1.25,2],"texture":"#5"},"south":{"uv":[2,0,5,16],"rotation":90,"texture":"#5"},"west":{"uv":[0,0,1.25,2],"texture":"#5"},"up":{"uv":[0,0,1.109,3.5],"rotation":90,"texture":"#5"},"down":{"uv":[0,0,1.109,3.5],"rotation":90,"texture":"#5"}}},{"from":[-11.07,-1.66,5.41],"to":[0.02,-0.02,6.685],"rotation":{"angle":0,"axis":"y","origin":[-5.5,17.2,14.02]},"faces":{"north":{"uv":[4,0,7,16],"rotation":90,"texture":"#5"},"east":{"uv":[0,2,1.25,0],"texture":"#5"},"south":{"uv":[4,0,7,16],"rotation":90,"texture":"#5"},"west":{"uv":[0,2,1.25,0],"texture":"#5"},"up":{"uv":[0,0,1,5],"rotation":90,"texture":"#5"},"down":{"uv":[0,1.25,16,0],"texture":"#5"}}},{"from":[-5.56,-0.04,5.41],"to":[-2.96,2.52,6.685],"rotation":{"angle":0,"axis":"y","origin":[-7.93,-14.44,14.02]},"faces":{"north":{"uv":[3,3,8,6],"rotation":90,"texture":"#5"},"east":{"uv":[3,3,8,6],"rotation":90,"texture":"#5"},"south":{"uv":[3,3,8,6],"rotation":90,"texture":"#5"},"west":{"uv":[3,3,8,6],"rotation":90,"texture":"#5"},"up":{"uv":[0,0,1.109,3.5],"rotation":90,"texture":"#5"},"down":{"uv":[0,0,1.109,3.5],"rotation":90,"texture":"#5"}}},{"from":[-5.56,2.88,5.41],"to":[-2.96,5.44,6.685],"rotation":{"angle":0,"axis":"y","origin":[-7.93,19.84,14.02]},"faces":{"north":{"uv":[1,3,6,6],"rotation":90,"texture":"#5"},"east":{"uv":[1,3,6,6],"rotation":90,"texture":"#5"},"south":{"uv":[1,3,6,6],"rotation":90,"texture":"#5"},"west":{"uv":[1,3,6,6],"rotation":90,"texture":"#5"},"up":{"uv":[0,0,1.109,3.5],"rotation":90,"texture":"#5"},"down":{"uv":[0,0,1.109,3.5],"rotation":90,"texture":"#5"}}},{"from":[-9.06,-0.04,5.41],"to":[-5.56,1.07,6.685],"rotation":{"angle":0,"axis":"y","origin":[-7.93,-14.44,14.02]},"faces":{"north":{"uv":[1,0,3.109,3.5],"rotation":90,"texture":"#5"},"east":{"uv":[1,15,9,16],"rotation":90,"texture":"#5"},"south":{"uv":[1,0,3.109,3.5],"rotation":90,"texture":"#5"},"west":{"uv":[0,0,1,3],"texture":"#5"},"up":{"uv":[0,0,1.109,3.5],"rotation":90,"texture":"#5"},"down":{"uv":[0,0,1.109,3.5],"rotation":90,"texture":"#5"}}},{"from":[-9.06,4.31,5.41],"to":[-5.56,5.42,6.685],"rotation":{"angle":0,"axis":"y","origin":[-7.93,-10.44,14.02]},"faces":{"north":{"uv":[1,0,3.109,3.5],"rotation":90,"texture":"#5"},"east":{"uv":[1,15,9,16],"rotation":90,"texture":"#5"},"south":{"uv":[1,0,3.109,3.5],"rotation":90,"texture":"#5"},"west":{"uv":[0,0,1,3],"texture":"#5"},"up":{"uv":[0,0,1.109,3.5],"rotation":90,"texture":"#5"},"down":{"uv":[0,0,1.109,3.5],"rotation":90,"texture":"#5"}}},{"from":[-11.06,-0.04,5.41],"to":[-8.96,2.52,6.685],"rotation":{"angle":0,"axis":"y","origin":[-12.93,-14.44,14.02]},"faces":{"north":{"uv":[3,3,8,6],"rotation":90,"texture":"#5"},"east":{"uv":[3,3,8,6],"rotation":90,"texture":"#5"},"south":{"uv":[3,3,8,6],"rotation":90,"texture":"#5"},"west":{"uv":[3,3,8,6],"rotation":90,"texture":"#5"},"up":{"uv":[0,0,1.109,3.5],"rotation":90,"texture":"#5"},"down":{"uv":[0,0,1.109,3.5],"rotation":90,"texture":"#5"}}},{"from":[-11.06,2.88,5.41],"to":[-8.96,5.44,6.685],"rotation":{"angle":0,"axis":"y","origin":[-12.93,19.84,14.02]},"faces":{"north":{"uv":[1,3,6,6],"rotation":90,"texture":"#5"},"east":{"uv":[1,3,6,6],"rotation":90,"texture":"#5"},"south":{"uv":[1,3,6,6],"rotation":90,"texture":"#5"},"west":{"uv":[1,3,6,6],"rotation":90,"texture":"#5"},"up":{"uv":[0,0,1.109,3.5],"rotation":90,"texture":"#5"},"down":{"uv":[0,0,1.109,3.5],"rotation":90,"texture":"#5"}}},{"from":[11.06,-15.68,4.9],"to":[13.52,-2.56,7.36],"rotation":{"angle":0,"axis":"y","origin":[4.5,4,13.92]},"faces":{"north":{"uv":[4,0,1,16],"texture":"#5"},"east":{"uv":[4,0,1,16],"texture":"#5"},"south":{"uv":[4,0,1,16],"texture":"#5"},"west":{"uv":[4,0,1,16],"texture":"#5"},"up":{"uv":[4,0,1,16],"texture":"#5"},"down":{"uv":[4,0,1,16],"texture":"#5"}}},{"from":[11.62383,-7.98801,-0.54866],"to":[12.99136,-5.92209,9.38916],"rotation":{"angle":-45,"axis":"x","origin":[11.99305,-11.32448,8.0786]},"faces":{"north":{"uv":[4,0,1,15],"texture":"#5"},"east":{"uv":[1,15,4,0],"rotation":270,"texture":"#5"},"south":{"uv":[4,0,1,15],"texture":"#5"},"west":{"uv":[1,15,4,0],"rotation":270,"texture":"#5"},"up":{"uv":[4,0,1,15],"texture":"#5"},"down":{"uv":[4,0,1,15],"texture":"#5"}}},{"from":[11.62383,-7.98801,2.86084],"to":[12.99136,-5.92209,12.79866],"rotation":{"angle":45,"axis":"x","origin":[11.99305,-11.32448,4.1714]},"faces":{"north":{"uv":[1,0,4,15],"texture":"#5"},"east":{"uv":[1,0,4,15],"rotation":270,"texture":"#5"},"south":{"uv":[1,0,4,15],"texture":"#5"},"west":{"uv":[1,0,4,15],"rotation":270,"texture":"#5"},"up":{"uv":[4,15,1,0],"texture":"#5"},"down":{"uv":[4,15,1,0],"texture":"#5"}}},{"from":[11.62383,-15.6712,-1.84186],"to":[13.0258,-13.6048,14.09186],"rotation":{"angle":0,"axis":"x","origin":[11.98477,-14.29418,6.91654]},"faces":{"north":{"uv":[1,0,4,15],"rotation":90,"texture":"#5"},"east":{"uv":[1,0,4,15],"rotation":90,"texture":"#5"},"south":{"uv":[1,0,4,3],"rotation":90,"texture":"#5"},"west":{"uv":[1,0,4,15],"rotation":90,"texture":"#5"},"up":{"uv":[4,15,1,0],"rotation":90,"texture":"#5"},"down":{"uv":[4,15,1,0],"rotation":90,"texture":"#5"}}},{"from":[11.06,-2.56,4.9],"to":[13.52,10.56,7.36],"rotation":{"angle":0,"axis":"y","origin":[4.5,4,13.92]},"faces":{"north":{"uv":[4,0,1,15],"texture":"#5"},"east":{"uv":[4,0,1,15],"texture":"#5"},"south":{"uv":[4,0,1,15],"texture":"#5"},"west":{"uv":[4,0,1,15],"texture":"#5"},"up":{"uv":[4,0,1,15],"texture":"#5"},"down":{"uv":[4,0,1,15],"texture":"#5"}}},{"from":[0.005,7.06,5.105],"to":[11.07,8.7,6.99],"rotation":{"angle":0,"axis":"y","origin":[5.5,-10.16,14.02]},"faces":{"north":{"uv":[0,16,2,0],"rotation":90,"texture":"#4"},"east":{"uv":[0,16,2,0],"rotation":90,"texture":"#4"},"south":{"uv":[0,16,2,0],"rotation":90,"texture":"#4"},"west":{"uv":[0,16,2,0],"rotation":90,"texture":"#4"},"up":{"uv":[0,16,2,0],"rotation":90,"texture":"#4"},"down":{"uv":[0,16,2,0],"rotation":90,"texture":"#4"}}},{"from":[-0.02,-3.3,5.105],"to":[11.07,-1.66,6.99],"rotation":{"angle":0,"axis":"y","origin":[5.5,15.56,14.02]},"faces":{"north":{"uv":[2,16,0,0],"rotation":90,"texture":"#4"},"east":{"uv":[2,16,0,0],"rotation":90,"texture":"#4"},"south":{"uv":[2,16,0,0],"rotation":90,"texture":"#4"},"west":{"uv":[2,16,0,0],"rotation":90,"texture":"#4"},"up":{"uv":[2,16,0,0],"rotation":90,"texture":"#4"},"down":{"uv":[2,16,0,0],"rotation":90,"texture":"#4"}}},{"from":[0.005,5.42,5.41],"to":[11.07,7.06,6.685],"rotation":{"angle":0,"axis":"y","origin":[5.5,-11.8,14.02]},"faces":{"north":{"uv":[2,16,5,0],"rotation":90,"texture":"#5"},"east":{"uv":[1.25,0,0,2],"texture":"#5"},"south":{"uv":[2,16,5,0],"rotation":90,"texture":"#5"},"west":{"uv":[1.25,0,0,2],"texture":"#5"},"up":{"uv":[0,0,1.109,3.5],"rotation":90,"texture":"#5"},"down":{"uv":[0,0,1.109,3.5],"rotation":90,"texture":"#5"}}},{"from":[-0.02,-1.66,5.41],"to":[11.07,-0.02,6.685],"rotation":{"angle":0,"axis":"y","origin":[5.5,17.2,14.02]},"faces":{"north":{"uv":[4,0,7,16],"rotation":90,"texture":"#5"},"east":{"uv":[1.25,2,0,0],"texture":"#5"},"south":{"uv":[4,0,7,16],"rotation":90,"texture":"#5"},"west":{"uv":[1.25,2,0,0],"texture":"#5"},"up":{"uv":[0,0,1,5],"rotation":90,"texture":"#5"},"down":{"uv":[16,1.25,0,0],"texture":"#5"}}},{"from":[2.96,-0.04,5.41],"to":[5.56,2.52,6.685],"rotation":{"angle":0,"axis":"y","origin":[7.93,-14.44,14.02]},"faces":{"north":{"uv":[3,3,8,6],"rotation":90,"texture":"#5"},"east":{"uv":[3,3,8,6],"rotation":90,"texture":"#5"},"south":{"uv":[3,3,8,6],"rotation":90,"texture":"#5"},"west":{"uv":[3,3,8,6],"rotation":90,"texture":"#5"},"up":{"uv":[0,0,1.109,3.5],"rotation":90,"texture":"#5"},"down":{"uv":[0,0,1.109,3.5],"rotation":90,"texture":"#5"}}},{"from":[2.96,2.88,5.41],"to":[5.56,5.44,6.685],"rotation":{"angle":0,"axis":"y","origin":[7.93,19.84,14.02]},"faces":{"north":{"uv":[1,3,6,6],"rotation":90,"texture":"#5"},"east":{"uv":[1,3,6,6],"rotation":90,"texture":"#5"},"south":{"uv":[1,3,6,6],"rotation":90,"texture":"#5"},"west":{"uv":[1,3,6,6],"rotation":90,"texture":"#5"},"up":{"uv":[0,0,1.109,3.5],"rotation":90,"texture":"#5"},"down":{"uv":[0,0,1.109,3.5],"rotation":90,"texture":"#5"}}},{"from":[5.56,-0.04,5.41],"to":[9.06,1.07,6.685],"rotation":{"angle":0,"axis":"y","origin":[7.93,-14.44,14.02]},"faces":{"north":{"uv":[1,0,3.109,3.5],"rotation":90,"texture":"#5"},"east":{"uv":[1,0,0,3],"texture":"#5"},"south":{"uv":[1,0,3.109,3.5],"rotation":90,"texture":"#5"},"west":{"uv":[1,16,9,15],"rotation":90,"texture":"#5"},"up":{"uv":[0,0,1.109,3.5],"rotation":90,"texture":"#5"},"down":{"uv":[0,0,1.109,3.5],"rotation":90,"texture":"#5"}}},{"from":[5.56,4.31,5.41],"to":[9.06,5.42,6.685],"rotation":{"angle":0,"axis":"y","origin":[7.93,-10.44,14.02]},"faces":{"north":{"uv":[1,0,3.109,3.5],"rotation":90,"texture":"#5"},"east":{"uv":[1,0,0,3],"texture":"#5"},"south":{"uv":[1,0,3.109,3.5],"rotation":90,"texture":"#5"},"west":{"uv":[1,16,9,15],"rotation":90,"texture":"#5"},"up":{"uv":[0,0,1.109,3.5],"rotation":90,"texture":"#5"},"down":{"uv":[0,0,1.109,3.5],"rotation":90,"texture":"#5"}}},{"from":[8.96,-0.04,5.41],"to":[11.06,2.52,6.685],"rotation":{"angle":0,"axis":"y","origin":[12.93,-14.44,14.02]},"faces":{"north":{"uv":[3,3,8,6],"rotation":90,"texture":"#5"},"east":{"uv":[3,3,8,6],"rotation":90,"texture":"#5"},"south":{"uv":[3,3,8,6],"rotation":90,"texture":"#5"},"west":{"uv":[3,3,8,6],"rotation":90,"texture":"#5"},"up":{"uv":[0,0,1.109,3.5],"rotation":90,"texture":"#5"},"down":{"uv":[0,0,1.109,3.5],"rotation":90,"texture":"#5"}}},{"from":[8.96,2.88,5.41],"to":[11.06,5.44,6.685],"rotation":{"angle":0,"axis":"y","origin":[12.93,19.84,14.02]},"faces":{"north":{"uv":[1,3,6,6],"rotation":90,"texture":"#5"},"east":{"uv":[1,3,6,6],"rotation":90,"texture":"#5"},"south":{"uv":[1,3,6,6],"rotation":90,"texture":"#5"},"west":{"uv":[1,3,6,6],"rotation":90,"texture":"#5"},"up":{"uv":[0,0,1.109,3.5],"rotation":90,"texture":"#5"},"down":{"uv":[0,0,1.109,3.5],"rotation":90,"texture":"#5"}}}],"display":{"thirdperson_righthand":{"rotation":[75,29.25,0],"translation":[0.75,1.25,1.5],"scale":[0.25,0.25,0.25]},"thirdperson_lefthand":{"rotation":[75,29.25,0],"translation":[0.75,1.25,1.5],"scale":[0.25,0.25,0.25]},"firstperson_righthand":{"rotation":[7,129,3],"translation":[0,5.25,0.25],"scale":[0.18359,0.18359,0.18359]},"firstperson_lefthand":{"rotation":[7,132.5,3],"translation":[1.25,5.25,2.75],"scale":[0.18359,0.18359,0.18359]},"ground":{"translation":[4.25,6.25,0.5],"scale":[0.25,0.25,0.25]},"gui":{"rotation":[30,225,0],"translation":[-3,3.25,0],"scale":[0.42,0.42,0.42]},"head":{"translation":[14,-3,3.5],"scale":[1.7,1.7,1.7]},"fixed":{"translation":[4.5,4.75,0],"scale":[0.51,0.51,0.51]}},"groups":[{"name":"Frame","origin":[8,8,8],"children":[{"name":"Guillotine","origin":[-1.43,-22.44,12.92],"children":[0,1,2,3,4,5,6,7,8,9,10,11,12,13,14]},{"name":"Guillotine","origin":[-1.43,-22.44,12.92],"children":[15,16,17,18,19,20,21,22,23,24,25,26,27,28,29]}]}]}