{"credit":"Made by spike5032","textures":{"0":"block/orange_concrete","1":"block/brown_concrete_powder","2":"block/light_gray_concrete_powder","3":"block/spruce_log","particle":"block/orange_concrete"},"elements":[{"from":[3.70625,0,6.74651],"to":[7.70625,1,10.24651],"rotation":{"angle":0,"axis":"y","origin":[8,0.59107,8]},"faces":{"north":{"uv":[14.667,0,15.666,3.065],"texture":"#0"},"east":{"uv":[0,0,7,5],"texture":"#2"},"south":{"uv":[14.667,0,15.666,3.065],"texture":"#0"},"west":{"uv":[14.667,0,15.666,3.065],"texture":"#0"},"up":{"uv":[7.867,0,11.667,3.065],"texture":"#0"},"down":{"uv":[7.867,3.334,11.667,6.399],"texture":"#0"}}},{"from":[3.28748,0.475,6.84593],"to":[4.28748,0.525,10.14593],"rotation":{"angle":0,"axis":"y","origin":[8,0.59107,8]},"faces":{"north":{"uv":[0,0,0.5,0.05],"texture":"#2"},"east":{"uv":[6.667,0,7.666,3.199],"texture":"#2"},"south":{"uv":[0,0,0.5,0.05],"texture":"#2"},"west":{"uv":[0,0,13,1],"texture":"#2"},"up":{"uv":[0,0,13,2],"rotation":90,"texture":"#2"},"down":{"uv":[0,0,13,2],"rotation":90,"texture":"#2"}}},{"from":[7.70625,-0.025,6.64651],"to":[7.90625,1.1,10.34651],"rotation":{"angle":0,"axis":"y","origin":[8,0.59107,8]},"faces":{"north":{"uv":[0,0,1,5],"texture":"#2"},"east":{"uv":[0,0,7,5],"texture":"#2"},"south":{"uv":[0,0,1,5],"texture":"#2"},"west":{"uv":[6.667,0,7.666,3.199],"texture":"#2"},"up":{"uv":[0,0,7,1],"rotation":90,"texture":"#2"},"down":{"uv":[0,0,7,1],"rotation":90,"texture":"#2"}}},{"name":"octagon","from":[9.96981,0.545,8.72],"to":[11.03019,0.955,11.28],"rotation":{"angle":22.5,"axis":"y","origin":[10.5,0.125,10]},"faces":{"north":{"uv":[4,0,11,6],"texture":"#3"},"east":{"uv":[4,0,5,1],"texture":"#3"},"south":{"uv":[4,0,11,6],"texture":"#3"},"west":{"uv":[4,0,5,1],"texture":"#3"},"up":{"uv":[0,0,1,1],"texture":"#1"},"down":{"uv":[4,0,5,1],"texture":"#3"}}},{"name":"octagon","from":[9.96981,0.545,8.72],"to":[11.03019,0.955,11.28],"rotation":{"angle":-22.5,"axis":"y","origin":[10.5,0.125,10]},"faces":{"north":{"uv":[4,0,11,6],"texture":"#3"},"east":{"uv":[4,0,5,1],"texture":"#3"},"south":{"uv":[4,0,11,6],"texture":"#3"},"west":{"uv":[4,0,5,1],"texture":"#3"},"up":{"uv":[0,0,1,1],"texture":"#1"},"down":{"uv":[4,0,5,1],"texture":"#3"}}},{"name":"octagon","from":[9.22,0.545,9.46981],"to":[11.78,0.955,10.53019],"rotation":{"angle":22.5,"axis":"y","origin":[10.5,0.125,10]},"faces":{"north":{"uv":[4,0,11,6],"texture":"#3"},"east":{"uv":[4,0,11,6],"texture":"#3"},"south":{"uv":[4,0,11,6],"texture":"#3"},"west":{"uv":[4,0,11,6],"texture":"#3"},"up":{"uv":[0,0,1,1],"texture":"#1"},"down":{"uv":[4,0,5,1],"texture":"#3"}}},{"name":"octagon","from":[9.22,0.545,9.46981],"to":[11.78,0.955,10.53019],"rotation":{"angle":-22.5,"axis":"y","origin":[10.5,0.125,10]},"faces":{"north":{"uv":[4,0,11,6],"texture":"#3"},"east":{"uv":[4,0,11,6],"texture":"#3"},"south":{"uv":[4,0,11,6],"texture":"#3"},"west":{"uv":[4,0,11,6],"texture":"#3"},"up":{"uv":[0,0,1,1],"texture":"#1"},"down":{"uv":[4,0,5,1],"texture":"#3"}}},{"name":"octagon","from":[10.01477,0.0173,8.81894],"to":[10.98523,0.60054,11.16186],"rotation":{"angle":22.5,"axis":"y","origin":[10.5,-0.36708,9.9904]},"faces":{"north":{"uv":[4,0,11,6],"texture":"#3"},"east":{"uv":[4,0,5,1],"texture":"#3"},"south":{"uv":[4,0,11,6],"texture":"#3"},"west":{"uv":[4,0,5,1],"texture":"#3"},"up":{"uv":[0,0,1,1],"texture":"#1"},"down":{"uv":[4,0,5,1],"texture":"#3"}}},{"name":"octagon","from":[10.01477,0.0173,8.81894],"to":[10.98523,0.60054,11.16186],"rotation":{"angle":-22.5,"axis":"y","origin":[10.5,-0.36708,9.9904]},"faces":{"north":{"uv":[4,0,11,6],"texture":"#3"},"east":{"uv":[4,0,5,1],"texture":"#3"},"south":{"uv":[4,0,11,6],"texture":"#3"},"west":{"uv":[4,0,5,1],"texture":"#3"},"up":{"uv":[0,0,1,1],"texture":"#1"},"down":{"uv":[4,0,5,1],"texture":"#3"}}},{"name":"octagon","from":[9.32854,0.0173,9.50517],"to":[11.67146,0.60054,10.47563],"rotation":{"angle":22.5,"axis":"y","origin":[10.5,-0.36708,9.9904]},"faces":{"north":{"uv":[4,0,11,6],"texture":"#3"},"east":{"uv":[4,0,11,6],"texture":"#3"},"south":{"uv":[4,0,11,6],"texture":"#3"},"west":{"uv":[4,0,11,6],"texture":"#3"},"up":{"uv":[0,0,1,1],"texture":"#1"},"down":{"uv":[4,0,5,1],"texture":"#3"}}},{"name":"octagon","from":[9.32854,0.0173,9.50517],"to":[11.67146,0.60054,10.47563],"rotation":{"angle":-22.5,"axis":"y","origin":[10.5,-0.36708,9.9904]},"faces":{"north":{"uv":[4,0,11,6],"texture":"#3"},"east":{"uv":[4,0,11,6],"texture":"#3"},"south":{"uv":[4,0,11,6],"texture":"#3"},"west":{"uv":[4,0,11,6],"texture":"#3"},"up":{"uv":[0,0,1,1],"texture":"#1"},"down":{"uv":[4,0,5,1],"texture":"#3"}}},{"name":"octagon","from":[7.19481,0.545,7.345],"to":[8.25519,0.955,9.905],"rotation":{"angle":22.5,"axis":"y","origin":[7.725,0.125,8.625]},"faces":{"north":{"uv":[4,0,5,1],"texture":"#3"},"east":{"uv":[4,0,5,1],"texture":"#3"},"south":{"uv":[4,0,11,6],"texture":"#3"},"west":{"uv":[4,0,5,1],"texture":"#3"},"up":{"uv":[0,0,1,1],"texture":"#1"},"down":{"uv":[4,0,5,1],"texture":"#3"}}},{"name":"octagon","from":[7.19481,0.545,7.345],"to":[8.25519,0.955,9.905],"rotation":{"angle":-22.5,"axis":"y","origin":[7.725,0.125,8.625]},"faces":{"north":{"uv":[4,0,11,6],"texture":"#3"},"east":{"uv":[4,0,5,1],"texture":"#3"},"south":{"uv":[4,0,5,1],"texture":"#3"},"west":{"uv":[4,0,5,1],"texture":"#3"},"up":{"uv":[0,0,1,1],"texture":"#1"},"down":{"uv":[4,0,5,1],"texture":"#3"}}},{"name":"octagon","from":[6.445,0.545,8.09481],"to":[9.005,0.955,9.15519],"rotation":{"angle":22.5,"axis":"y","origin":[7.725,0.125,8.625]},"faces":{"north":{"uv":[4,0,5,1],"texture":"#3"},"east":{"uv":[4,0,11,6],"texture":"#3"},"south":{"uv":[4,0,5,1],"texture":"#3"},"west":{"uv":[4,0,5,1],"texture":"#3"},"up":{"uv":[0,0,1,1],"texture":"#1"},"down":{"uv":[4,0,5,1],"texture":"#3"}}},{"name":"octagon","from":[6.445,0.545,8.09481],"to":[9.005,0.955,9.15519],"rotation":{"angle":-22.5,"axis":"y","origin":[7.725,0.125,8.625]},"faces":{"north":{"uv":[4,0,5,1],"texture":"#3"},"east":{"uv":[4,0,11,6],"texture":"#3"},"south":{"uv":[4,0,5,1],"texture":"#3"},"west":{"uv":[4,0,5,1],"texture":"#3"},"up":{"uv":[0,0,1,1],"texture":"#1"},"down":{"uv":[4,0,5,1],"texture":"#3"}}},{"name":"octagon","from":[7.23977,0.0173,7.44394],"to":[8.21023,0.60054,9.78686],"rotation":{"angle":22.5,"axis":"y","origin":[7.725,-0.36708,8.6154]},"faces":{"north":{"uv":[4,0,5,1],"texture":"#3"},"east":{"uv":[4,0,5,1],"texture":"#3"},"south":{"uv":[4,0,11,6],"texture":"#3"},"west":{"uv":[4,0,5,1],"texture":"#3"},"up":{"uv":[0,0,1,1],"texture":"#1"},"down":{"uv":[4,0,5,1],"texture":"#3"}}},{"name":"octagon","from":[7.23977,0.0173,7.44394],"to":[8.21023,0.60054,9.78686],"rotation":{"angle":-22.5,"axis":"y","origin":[7.725,-0.36708,8.6154]},"faces":{"north":{"uv":[4,0,11,6],"texture":"#3"},"east":{"uv":[4,0,5,1],"texture":"#3"},"south":{"uv":[4,0,5,1],"texture":"#3"},"west":{"uv":[4,0,5,1],"texture":"#3"},"up":{"uv":[0,0,1,1],"texture":"#1"},"down":{"uv":[4,0,5,1],"texture":"#3"}}},{"name":"octagon","from":[6.55354,0.0173,8.13017],"to":[8.89646,0.60054,9.10063],"rotation":{"angle":22.5,"axis":"y","origin":[7.725,-0.36708,8.6154]},"faces":{"north":{"uv":[4,0,5,1],"texture":"#3"},"east":{"uv":[4,0,11,6],"texture":"#3"},"south":{"uv":[4,0,5,1],"texture":"#3"},"west":{"uv":[4,0,5,1],"texture":"#3"},"up":{"uv":[0,0,1,1],"texture":"#1"},"down":{"uv":[4,0,5,1],"texture":"#3"}}},{"name":"octagon","from":[6.55354,0.0173,8.13017],"to":[8.89646,0.60054,9.10063],"rotation":{"angle":-22.5,"axis":"y","origin":[7.725,-0.36708,8.6154]},"faces":{"north":{"uv":[4,0,5,1],"texture":"#3"},"east":{"uv":[4,0,11,6],"texture":"#3"},"south":{"uv":[4,0,5,1],"texture":"#3"},"west":{"uv":[4,0,5,1],"texture":"#3"},"up":{"uv":[0,0,1,1],"texture":"#1"},"down":{"uv":[4,0,5,1],"texture":"#3"}}}],"display":{"thirdperson_righthand":{"rotation":[-26,-97,0],"translation":[-2,7.25,0]},"thirdperson_lefthand":{"rotation":[-26,-273.75,0],"translation":[-2,7.25,0]},"firstperson_righthand":{"rotation":[0,60,84.25],"translation":[-5.25,6.25,8.5],"scale":[0.50195,0.50195,0.50195]},"firstperson_lefthand":{"rotation":[28,-102.5,-63],"translation":[-4.25,6,9.5],"scale":[0.50195,0.50195,0.50195]},"ground":{"translation":[0,4.25,0]},"gui":{"rotation":[30,225,0],"translation":[-0.5,8.75,0],"scale":[1.41016,1.41016,1.41016]},"head":{"translation":[1,-31.25,0],"scale":[1.5,1.5,1.5]},"fixed":{"rotation":[-90,0,0],"translation":[1.25,-1.25,-15],"scale":[2,2,2]}},"groups":[{"name":"Open Bar","origin":[12,8,18],"children":[0,1,2]},{"name":"octagon","origin":[8,8,8],"children":[3,4,5,6,7,8,9,10]},{"name":"octagon","origin":[8,8,8],"children":[11,12,13,14,15,16,17,18]}]}