{"parent":"minecraft:block/glowstone","overrides":[{"predicate":{"custom_model_data":1},"model":"blockus:auto_generated/blue_redstone_lamp_on"},{"predicate":{"custom_model_data":2},"model":"blockus:auto_generated/brown_redstone_lamp_on"},{"predicate":{"custom_model_data":3},"model":"blockus:auto_generated/cyan_redstone_lamp_on"},{"predicate":{"custom_model_data":4},"model":"blockus:auto_generated/gray_redstone_lamp_on"},{"predicate":{"custom_model_data":5},"model":"blockus:auto_generated/green_redstone_lamp_on"},{"predicate":{"custom_model_data":6},"model":"blockus:auto_generated/light_blue_redstone_lamp_on"},{"predicate":{"custom_model_data":7},"model":"blockus:auto_generated/light_gray_redstone_lamp_on"},{"predicate":{"custom_model_data":8},"model":"blockus:auto_generated/lime_redstone_lamp_on"},{"predicate":{"custom_model_data":9},"model":"blockus:auto_generated/magenta_redstone_lamp_on"},{"predicate":{"custom_model_data":10},"model":"blockus:auto_generated/orange_redstone_lamp_on"},{"predicate":{"custom_model_data":11},"model":"blockus:auto_generated/pink_redstone_lamp_on"},{"predicate":{"custom_model_data":12},"model":"blockus:auto_generated/purple_redstone_lamp_on"},{"predicate":{"custom_model_data":13},"model":"blockus:auto_generated/red_redstone_lamp_on"},{"predicate":{"custom_model_data":14},"model":"blockus:auto_generated/white_redstone_lamp_on"},{"predicate":{"custom_model_data":15},"model":"blockus:auto_generated/yellow_redstone_lamp_on"},{"predicate":{"custom_model_data":16},"model":"blockus:auto_generated/soul_o_lantern"},{"predicate":{"custom_model_data":17},"model":"blockus:auto_generated/blaze_block"},{"predicate":{"custom_model_data":18},"model":"blockus:auto_generated/lantern_block"},{"predicate":{"custom_model_data":19},"model":"blockus:auto_generated/rainbow_lamp_on"},{"predicate":{"custom_model_data":20},"model":"blockus:auto_generated/soul_lantern_block"},{"predicate":{"custom_model_data":21},"model":"minecraft:item/glowstone"}]}