{"parent":"minecraft:item/generated","textures":{"layer0":"minecraft:block/grass"},"overrides":[{"predicate":{"custom_model_data":1},"model":"blockus:auto_generated/dirt_path1"},{"predicate":{"custom_model_data":2},"model":"blockus:auto_generated/dirt_path2"},{"predicate":{"custom_model_data":3},"model":"blockus:auto_generated/dirt_path3"},{"predicate":{"custom_model_data":4},"model":"blockus:auto_generated/dirt_path4"},{"predicate":{"custom_model_data":5},"model":"blockus:auto_generated/dirt_path5"},{"predicate":{"custom_model_data":6},"model":"blockus:auto_generated/dirt_path6"},{"predicate":{"custom_model_data":7},"model":"blockus:auto_generated/dirt_path7"},{"predicate":{"custom_model_data":8},"model":"blockus:auto_generated/dirt_path8"},{"predicate":{"custom_model_data":9},"model":"minecraft:item/grass"}]}