{"parent":"minecraft:block/oak_leaves","overrides":[{"predicate":{"custom_model_data":1},"model":"forestry:auto_generated/avocado_tree_leaves"},{"predicate":{"custom_model_data":2},"model":"forestry:auto_generated/banana_tree_leaves"},{"predicate":{"custom_model_data":3},"model":"forestry:auto_generated/cherry_tree_leaves"},{"predicate":{"custom_model_data":4},"model":"forestry:auto_generated/decaying_tree_leaves"},{"predicate":{"custom_model_data":5},"model":"forestry:auto_generated/dragonfruit_tree_leaves"},{"predicate":{"custom_model_data":6},"model":"forestry:auto_generated/guava_tree_leaves"},{"predicate":{"custom_model_data":7},"model":"forestry:auto_generated/lemon_tree_leaves"},{"predicate":{"custom_model_data":8},"model":"forestry:auto_generated/lime_tree_leaves"},{"predicate":{"custom_model_data":9},"model":"forestry:auto_generated/mango_tree_leaves"},{"predicate":{"custom_model_data":10},"model":"forestry:auto_generated/maple_tree_leaves"},{"predicate":{"custom_model_data":11},"model":"forestry:auto_generated/nut_tree_leaves"},{"predicate":{"custom_model_data":12},"model":"forestry:auto_generated/olive_tree_leaves"},{"predicate":{"custom_model_data":13},"model":"forestry:auto_generated/orange_tree_leaves"},{"predicate":{"custom_model_data":14},"model":"forestry:auto_generated/palm_tree_leaves"},{"predicate":{"custom_model_data":15},"model":"forestry:auto_generated/passionfruit_tree_leaves"},{"predicate":{"custom_model_data":16},"model":"forestry:auto_generated/peach_tree_leaves"},{"predicate":{"custom_model_data":17},"model":"forestry:auto_generated/plum_tree_leaves"},{"predicate":{"custom_model_data":18},"model":"forestry:auto_generated/prune_tree_leaves"},{"predicate":{"custom_model_data":19},"model":"minecraft:item/oak_leaves"}]}