{"parent":"minecraft:item/generated","textures":{"layer0":"minecraft:item/sweet_berries"},"overrides":[{"predicate":{"custom_model_data":1},"model":"newtrees:auto_generated/cherry"},{"predicate":{"custom_model_data":2},"model":"forestry:auto_generated/avocado"},{"predicate":{"custom_model_data":3},"model":"forestry:auto_generated/banana"},{"predicate":{"custom_model_data":4},"model":"forestry:auto_generated/cherry"},{"predicate":{"custom_model_data":5},"model":"forestry:auto_generated/rottenfruit"},{"predicate":{"custom_model_data":6},"model":"forestry:auto_generated/dragonfruit"},{"predicate":{"custom_model_data":7},"model":"forestry:auto_generated/guava"},{"predicate":{"custom_model_data":8},"model":"forestry:auto_generated/lemon"},{"predicate":{"custom_model_data":9},"model":"forestry:auto_generated/lime"},{"predicate":{"custom_model_data":10},"model":"forestry:auto_generated/mango"},{"predicate":{"custom_model_data":11},"model":"forestry:auto_generated/maple"},{"predicate":{"custom_model_data":12},"model":"forestry:auto_generated/chestnut"},{"predicate":{"custom_model_data":13},"model":"forestry:auto_generated/almond"},{"predicate":{"custom_model_data":14},"model":"forestry:auto_generated/cashew"},{"predicate":{"custom_model_data":15},"model":"forestry:auto_generated/olive"},{"predicate":{"custom_model_data":16},"model":"forestry:auto_generated/orange"},{"predicate":{"custom_model_data":17},"model":"forestry:auto_generated/coconut"},{"predicate":{"custom_model_data":18},"model":"forestry:auto_generated/passionfruit"},{"predicate":{"custom_model_data":19},"model":"forestry:auto_generated/peach"},{"predicate":{"custom_model_data":20},"model":"forestry:auto_generated/plum"},{"predicate":{"custom_model_data":21},"model":"forestry:auto_generated/prune"},{"predicate":{"custom_model_data":22},"model":"minecraft:item/sweet_berries"}]}