{"parent":"minecraft:item/generated","textures":{"layer0":"minecraft:item/wheat_seeds"},"overrides":[{"predicate":{"custom_model_data":1},"model":"itemsadder:auto_generated/tomato_seeds"},{"predicate":{"custom_model_data":2},"model":"itemsadder:auto_generated/garlic_seeds"},{"predicate":{"custom_model_data":3},"model":"itemsadder:auto_generated/lettuce_seeds"},{"predicate":{"custom_model_data":4},"model":"itemsadder:auto_generated/chili_pepper_seeds"},{"predicate":{"custom_model_data":5},"model":"itemsadder:auto_generated/rice_seeds"},{"predicate":{"custom_model_data":6},"model":"itemsadder:auto_generated/tobacco_seeds"},{"predicate":{"custom_model_data":7},"model":"minecraft:item/wheat_seeds"}]}