{
	"__comment": "Designed by Nightcling with Cubik Studio - https://cubik.studio",
	"textures": {
		"playerskin": "custom/skins/hulk_skin"
	},
	"elements": [
		{
			"__comment": "Cube1",
			"from": [ 8.5, -11.5, 6.5 ],
			"to": [ 15, 3, 13 ],
			"faces": {
				"down": { "uv": [ 2, 4, 3, 5 ], "texture": "#playerskin" },
				"up": { "uv": [ 1, 4, 2, 5 ], "texture": "#playerskin" },
				"north": { "uv": [ 1, 5, 2, 8 ], "texture": "#playerskin" },
				"south": { "uv": [ 3, 5, 4, 8 ], "texture": "#playerskin" },
				"west": { "uv": [ 2, 5, 3, 8 ], "texture": "#playerskin" },
				"east": { "uv": [ 0, 5, 1, 8 ], "texture": "#playerskin" }
			}
		},
		{
			"__comment": "Cube1",
			"from": [ 0, -11.5, 6.5 ],
			"to": [ 6.5, 3, 13 ],
			"faces": {
				"down": { "uv": [ 6, 12, 7, 13 ], "texture": "#playerskin" },
				"up": { "uv": [ 5, 12, 6, 13 ], "texture": "#playerskin" },
				"north": { "uv": [ 5, 13, 6, 16 ], "texture": "#playerskin" },
				"south": { "uv": [ 7, 13, 8, 16 ], "texture": "#playerskin" },
				"west": { "uv": [ 6, 13, 7, 16 ], "texture": "#playerskin" },
				"east": { "uv": [ 4, 13, 5, 16 ], "texture": "#playerskin" }
			}
		},
		{
			"__comment": "Cube1",
			"from": [ -1, 3, 5 ],
			"to": [ 16, 21, 14.5 ],
			"faces": {
				"down": { "uv": [ 7, 4, 9, 5 ], "texture": "#playerskin" },
				"up": { "uv": [ 5, 4, 7, 5 ], "texture": "#playerskin" },
				"north": { "uv": [ 5, 5, 7, 8 ], "texture": "#playerskin" },
				"south": { "uv": [ 8, 5, 10, 8 ], "texture": "#playerskin" },
				"west": { "uv": [ 7, 5, 8, 8 ], "texture": "#playerskin" },
				"east": { "uv": [ 4, 5, 5, 8 ], "texture": "#playerskin" }
			}
		},
		{
			"__comment": "Cube1",
			"from": [ 16, 5, 2 ],
			"to": [ 21, 21.5, 7 ],
			"rotation": { "origin": [ 16, 5, 2 ], "axis": "x", "angle": 22.5 },
			"faces": {
				"down": { "uv": [ 10, 12, 11, 13 ], "texture": "#playerskin" },
				"up": { "uv": [ 11, 4, 12, 5 ], "texture": "#playerskin" },
				"north": { "uv": [ 11, 5, 12, 8 ], "texture": "#playerskin" },
				"south": { "uv": [ 13, 5, 14, 8 ], "texture": "#playerskin" },
				"west": { "uv": [ 12, 5, 13, 8 ], "texture": "#playerskin" },
				"east": { "uv": [ 10, 5, 11, 8 ], "texture": "#playerskin" }
			}
		},
		{
			"__comment": "Cube1",
			"from": [ -6, 5, 2 ],
			"to": [ -1, 21.5, 7 ],
			"rotation": { "origin": [ -6, 5, 2 ], "axis": "x", "angle": 22.5 },
			"faces": {
				"down": { "uv": [ 12, 4, 13, 5 ], "texture": "#playerskin" },
				"up": { "uv": [ 9, 12, 10, 13 ], "texture": "#playerskin" },
				"north": { "uv": [ 8.999999, 13, 9.999999, 16 ], "texture": "#playerskin" },
				"south": { "uv": [ 11, 13, 12, 16 ], "texture": "#playerskin" },
				"west": { "uv": [ 9.999999, 13, 11, 16 ], "texture": "#playerskin" },
				"east": { "uv": [ 8, 13, 9, 16 ], "texture": "#playerskin" }
			}
		},
		{
			"__comment": "Cube8",
			"from": [ 3.5, 21, 5.5 ],
			"to": [ 11.5, 29, 14 ],
			"faces": {
				"down": { "uv": [ 4, 0, 6, 2 ], "texture": "#playerskin" },
				"up": { "uv": [ 2, 0, 4, 2 ], "texture": "#playerskin" },
				"north": { "uv": [ 2, 2, 4, 4 ], "texture": "#playerskin" },
				"south": { "uv": [ 6, 2, 8, 4 ], "texture": "#playerskin" },
				"west": { "uv": [ 4, 2, 6, 4 ], "texture": "#playerskin" },
				"east": { "uv": [ 0, 2, 2, 4 ], "texture": "#playerskin" }
			}
		},
		{
			"__comment": "PlaneY8",
			"from": [ 3.5, 29, 5.5 ],
			"to": [ 11.5, 29.001, 14 ],
			"faces": {
				"down": { "uv": [ 2, 0, 4, 2 ], "texture": "#playerskin", "rotation": 180 },
				"up": { "uv": [ 2, 0, 4, 2 ], "texture": "#playerskin", "rotation": 180 }
			}
		}
	],
	"display": {
		"thirdperson_righthand": {
			"rotation":  [ 0, 2, 0 ],
			"translation":  [ -0.1, -2.2, -1.1 ],
			"scale":  [ 0.2, 0.2, 0.2 ]
		},
		"thirdperson_lefthand": {
			"rotation":  [ 0, 2, 0 ],
			"translation":  [ -0.1, -2.2, -1.1 ],
			"scale":  [ 0.2, 0.2, 0.2 ]
		},
		"firstperson_righthand": {
			"rotation":  [ -7, 110, 0 ],
			"translation":  [ 0, 3.4782, -2.086 ],
			"scale":  [ 0.3, 0.3, 0.3 ]
		},
		"firstperson_lefthand": {
			"rotation":  [ -7, 110, 0 ],
			"translation":  [ 0, 3.4782, -2.086 ],
			"scale":  [ 0.3, 0.3, 0.3 ]
		},
		"gui": {
			"rotation":  [ 15, 146, 0 ],
			"translation":  [ 0, -0.35, 0 ],
			"scale":  [ 0.35, 0.35, 0.35 ]
		},
		"head": {
			"translation":  [ 0, 12.52, 0 ],
			"scale":  [ 0.3, 0.3, 0.3 ]
		},
		"ground": {
			"rotation":  [ 90, 0, 0 ],
			"translation":  [ 0, 2.0869, 0 ],
			"scale":  [ 0.3, 0.3, 0.3 ]
		},
		"fixed": {
			"translation":  [ 0, -0.695, 0 ],
			"scale":  [ 0.45, 0.45, 0.45 ]
		}
	}
}
