{
	"__comment": "Designed by Nightcling with Cubik Studio - https://cubik.studio",
	"textures": {
		"playerskin": "custom/skins/halloween_clown_skin"
	},
	"elements": [
		{
			"__comment": "Cube1",
			"from": [ 8.5, -3, 5 ],
			"to": [ 12.5, 9, 9 ],
			"faces": {
				"down": { "uv": [ 2, 4, 3, 5 ], "texture": "#playerskin" },
				"up": { "uv": [ 1, 4, 2, 5 ], "texture": "#playerskin" },
				"north": { "uv": [ 1, 5, 2, 8 ], "texture": "#playerskin" },
				"south": { "uv": [ 3, 5, 4, 8 ], "texture": "#playerskin" },
				"west": { "uv": [ 2, 5, 3, 8 ], "texture": "#playerskin" },
				"east": { "uv": [ 0, 5, 1, 8 ], "texture": "#playerskin" }
			}
		},
		{
			"__comment": "Cube1",
			"from": [ 4.5, -3, 5 ],
			"to": [ 8.5, 9, 9 ],
			"faces": {
				"down": { "uv": [ 6, 12, 7, 13 ], "texture": "#playerskin" },
				"up": { "uv": [ 5, 12, 6, 13 ], "texture": "#playerskin" },
				"north": { "uv": [ 5, 13, 6, 16 ], "texture": "#playerskin" },
				"south": { "uv": [ 7, 13, 8, 16 ], "texture": "#playerskin" },
				"west": { "uv": [ 6, 13, 7, 16 ], "texture": "#playerskin" },
				"east": { "uv": [ 4, 13, 5, 16 ], "texture": "#playerskin" }
			}
		},
		{
			"__comment": "Cube1",
			"from": [ 4.5, 9, 5 ],
			"to": [ 12.5, 21, 9 ],
			"faces": {
				"down": { "uv": [ 7, 4, 9, 5 ], "texture": "#playerskin" },
				"up": { "uv": [ 5, 4, 7, 5 ], "texture": "#playerskin" },
				"north": { "uv": [ 5, 5, 7, 8 ], "texture": "#playerskin" },
				"south": { "uv": [ 8, 5, 10, 8 ], "texture": "#playerskin" },
				"west": { "uv": [ 7, 5, 8, 8 ], "texture": "#playerskin" },
				"east": { "uv": [ 4, 5, 5, 8 ], "texture": "#playerskin" }
			}
		},
		{
			"__comment": "Cube1",
			"from": [ 12.5, 9, 5 ],
			"to": [ 16.5, 21, 9 ],
			"faces": {
				"down": { "uv": [ 10, 12, 11, 13 ], "texture": "#playerskin" },
				"up": { "uv": [ 12, 4, 11, 5 ], "texture": "#playerskin" },
				"north": { "uv": [ 11, 5, 12, 8 ], "texture": "#playerskin" },
				"south": { "uv": [ 13, 5, 14, 8 ], "texture": "#playerskin" },
				"west": { "uv": [ 12, 5, 13, 8 ], "texture": "#playerskin" },
				"east": { "uv": [ 10, 5, 11, 8 ], "texture": "#playerskin" }
			}
		},
		{
			"__comment": "Cube1",
			"from": [ 0.5, 9, 5 ],
			"to": [ 4.5, 21, 9 ],
			"faces": {
				"down": { "uv": [ 12, 4, 13, 5 ], "texture": "#playerskin" },
				"up": { "uv": [ 10, 12, 9, 13 ], "texture": "#playerskin" },
				"north": { "uv": [ 8.999999, 13, 9.999999, 16 ], "texture": "#playerskin" },
				"south": { "uv": [ 11, 13, 12, 16 ], "texture": "#playerskin" },
				"west": { "uv": [ 9.999999, 13, 11, 16 ], "texture": "#playerskin" },
				"east": { "uv": [ 8, 13, 9, 16 ], "texture": "#playerskin" }
			}
		},
		{
			"__comment": "Cube8",
			"from": [ 4.5, 21, 3 ],
			"to": [ 12.5, 29, 11 ],
			"faces": {
				"down": { "uv": [ 4, 0, 6, 2 ], "texture": "#playerskin" },
				"up": { "uv": [ 2, 0, 4, 2 ], "texture": "#playerskin" },
				"north": { "uv": [ 2, 2, 4, 4 ], "texture": "#playerskin" },
				"south": { "uv": [ 6, 2, 8, 4 ], "texture": "#playerskin" },
				"west": { "uv": [ 4, 2, 6, 4 ], "texture": "#playerskin" },
				"east": { "uv": [ 0, 2, 2, 4 ], "texture": "#playerskin" }
			}
		},
		{
			"__comment": "PlaneY8",
			"from": [ 4.5, 29, 3 ],
			"to": [ 12.5, 29.001, 11 ],
			"faces": {
				"down": { "uv": [ 2, 0, 4, 2 ], "texture": "#playerskin", "rotation": 180 },
				"up": { "uv": [ 2, 0, 4, 2 ], "texture": "#playerskin", "rotation": 180 }
			}
		},
		{
			"__comment": "Box8",
			"from": [ 7.5, 23, 1.5 ],
			"to": [ 9.5, 25, 3 ],
			"faces": {
				"down": { "uv": [ 0, 2.5, 0.5, 3 ], "texture": "#playerskin" },
				"up": { "uv": [ 0, 2.5, 0.5, 3 ], "texture": "#playerskin" },
				"north": { "uv": [ 0, 2.5, 0.5, 3 ], "texture": "#playerskin" },
				"south": { "uv": [ 0, 2.5, 0.5, 3 ], "texture": "#playerskin" },
				"west": { "uv": [ 0, 2.5, 0.5, 3 ], "texture": "#playerskin" },
				"east": { "uv": [ 0, 2.5, 0.5, 3 ], "texture": "#playerskin" }
			}
		},
		{
			"__comment": "Box9",
			"from": [ 3.5, 23, 4 ],
			"to": [ 4.5, 28, 8.5 ],
			"faces": {
				"down": { "uv": [ 4.5, 2.5, 5.5, 3.5 ], "texture": "#playerskin" },
				"up": { "uv": [ 4.5, 2.5, 5.5, 3.5 ], "texture": "#playerskin" },
				"north": { "uv": [ 5.5, 3.5, 4.5, 2.5 ], "texture": "#playerskin" },
				"south": { "uv": [ 5.5, 3.5, 4.5, 2.5 ], "texture": "#playerskin" },
				"west": { "uv": [ 4.5, 2.5, 5.5, 3.5 ], "texture": "#playerskin", "rotation": 180 },
				"east": { "uv": [ 4.5, 2.5, 5.5, 3.5 ], "texture": "#playerskin", "rotation": 180 }
			}
		},
		{
			"__comment": "Box10",
			"from": [ 3.5, 24, 6.5 ],
			"to": [ 13.5, 29.5, 11.5 ],
			"faces": {
				"down": { "uv": [ 6, 2, 8, 3 ], "texture": "#playerskin" },
				"up": { "uv": [ 6, 2, 8, 3 ], "texture": "#playerskin" },
				"north": { "uv": [ 6, 2, 8, 3 ], "texture": "#playerskin" },
				"south": { "uv": [ 6, 2, 8, 3 ], "texture": "#playerskin" },
				"west": { "uv": [ 4.5, 2.5, 5.5, 3.5 ], "texture": "#playerskin" },
				"east": { "uv": [ 5.5, 2.5, 4.5, 3.5 ], "texture": "#playerskin" }
			}
		},
		{
			"__comment": "Box9",
			"from": [ 12.5, 23, 4 ],
			"to": [ 13.5, 28, 8.5 ],
			"faces": {
				"down": { "uv": [ 4.5, 2.5, 5.5, 3.5 ], "texture": "#playerskin" },
				"up": { "uv": [ 4.5, 2.5, 5.5, 3.5 ], "texture": "#playerskin" },
				"north": { "uv": [ 5.5, 3.5, 4.5, 2.5 ], "texture": "#playerskin" },
				"south": { "uv": [ 5.5, 3.5, 4.5, 2.5 ], "texture": "#playerskin" },
				"west": { "uv": [ 4.5, 2.5, 5.5, 3.5 ], "texture": "#playerskin", "rotation": 180 },
				"east": { "uv": [ 5.5, 2.5, 4.5, 3.5 ], "texture": "#playerskin", "rotation": 180 }
			}
		},
		{
			"__comment": "Box12",
			"from": [ 4, 28, 6 ],
			"to": [ 5.5, 29.5, 6.5 ],
			"faces": {
				"down": { "uv": [ 6, 2.5, 6.5, 3 ], "texture": "#playerskin" },
				"up": { "uv": [ 6, 2.5, 6.5, 3 ], "texture": "#playerskin" },
				"north": { "uv": [ 6, 2.5, 6.5, 3 ], "texture": "#playerskin" },
				"south": { "uv": [ 6, 2.5, 6.5, 3 ], "texture": "#playerskin" },
				"west": { "uv": [ 6, 2.5, 6.5, 3 ], "texture": "#playerskin" },
				"east": { "uv": [ 6, 2.5, 6.5, 3 ], "texture": "#playerskin" }
			}
		},
		{
			"__comment": "Box12",
			"from": [ 11.5, 28, 6 ],
			"to": [ 13, 29.5, 6.5 ],
			"faces": {
				"down": { "uv": [ 6, 2.5, 6.5, 3 ], "texture": "#playerskin" },
				"up": { "uv": [ 6, 2.5, 6.5, 3 ], "texture": "#playerskin" },
				"north": { "uv": [ 6, 2.5, 6.5, 3 ], "texture": "#playerskin" },
				"south": { "uv": [ 6, 2.5, 6.5, 3 ], "texture": "#playerskin" },
				"west": { "uv": [ 6, 2.5, 6.5, 3 ], "texture": "#playerskin" },
				"east": { "uv": [ 6, 2.5, 6.5, 3 ], "texture": "#playerskin" }
			}
		}
	],
	"display": {
		"thirdperson_righthand": {
			"rotation":  [ 0, 2, 0 ],
			"translation":  [ -0.1, -2.782, 0 ],
			"scale":  [ 0.25, 0.25, 0.25 ]
		},
		"thirdperson_lefthand": {
			"rotation":  [ 0, 2, 0 ],
			"translation":  [ -0.1, -2.782, 0 ],
			"scale":  [ 0.25, 0.25, 0.25 ]
		},
		"firstperson_righthand": {
			"rotation":  [ -8, 110, 0 ],
			"translation":  [ 0, 2.0869, 0.6956 ],
			"scale":  [ 0.3, 0.3, 0.3 ]
		},
		"firstperson_lefthand": {
			"rotation":  [ -8, 110, 0 ],
			"translation":  [ 0, 2.0869, 0.6956 ],
			"scale":  [ 0.3, 0.3, 0.3 ]
		},
		"gui": {
			"rotation":  [ 15, 146, 0 ],
			"translation":  [ 0, -2.086, 0 ],
			"scale":  [ 0.4, 0.4, 0.4 ]
		},
		"head": {
			"translation":  [ 0, 10.434, 0 ],
			"scale":  [ 0.3, 0.3, 0.3 ]
		},
		"ground": {
			"rotation":  [ 90, 0, 0 ],
			"scale":  [ 0.3, 0.3, 0.3 ]
		},
		"fixed": {
			"translation":  [ 0, -2.782, 0 ],
			"scale":  [ 0.5, 0.5, 0.5 ]
		}
	}
}
