{
	"credit": "Made with Blockbench",
	"textures": {
		"0": "custom/skins/loena31c_skin"
	},
	"elements": [
		{
			"name": "Cube1",
			"from": [8.5, -3, 5],
			"to": [12.5, 9, 9],
			"faces": {
				"north": {"uv": [1, 5, 2, 8], "texture": "#0"},
				"east": {"uv": [0, 5, 1, 8], "texture": "#0"},
				"south": {"uv": [3, 5, 4, 8], "texture": "#0"},
				"west": {"uv": [2, 5, 3, 8], "texture": "#0"},
				"up": {"uv": [1, 4, 2, 5], "texture": "#0"},
				"down": {"uv": [2, 4, 3, 5], "texture": "#0"}
			}
		},
		{
			"name": "Cube1",
			"from": [4.5, -3, 5],
			"to": [8.5, 9, 9],
			"faces": {
				"north": {"uv": [5, 13, 6, 16], "texture": "#0"},
				"east": {"uv": [4, 13, 5, 16], "texture": "#0"},
				"south": {"uv": [7, 13, 8, 16], "texture": "#0"},
				"west": {"uv": [6, 13, 7, 16], "texture": "#0"},
				"up": {"uv": [5, 12, 6, 13], "texture": "#0"},
				"down": {"uv": [6, 12, 7, 13], "texture": "#0"}
			}
		},
		{
			"name": "Cube1",
			"from": [4.5, 9, 5],
			"to": [12.5, 21, 9],
			"faces": {
				"north": {"uv": [5, 5, 7, 8], "texture": "#0"},
				"east": {"uv": [4, 5, 5, 8], "texture": "#0"},
				"south": {"uv": [8, 5, 10, 8], "texture": "#0"},
				"west": {"uv": [7, 5, 8, 8], "texture": "#0"},
				"up": {"uv": [5, 4, 7, 5], "texture": "#0"},
				"down": {"uv": [7, 4, 9, 5], "texture": "#0"}
			}
		},
		{
			"name": "Cube1",
			"from": [12.5, 9, 5],
			"to": [16.5, 21, 9],
			"faces": {
				"north": {"uv": [11, 5, 12, 8], "texture": "#0"},
				"east": {"uv": [10, 5, 11, 8], "texture": "#0"},
				"south": {"uv": [13, 5, 14, 8], "texture": "#0"},
				"west": {"uv": [12, 5, 13, 8], "texture": "#0"},
				"up": {"uv": [11, 4, 12, 5], "texture": "#0"},
				"down": {"uv": [10, 12, 11, 13], "texture": "#0"}
			}
		},
		{
			"name": "Cube1",
			"from": [0.5, 9, 5],
			"to": [4.5, 21, 9],
			"faces": {
				"north": {"uv": [9, 13, 10, 16], "texture": "#0"},
				"east": {"uv": [8, 13, 9, 16], "texture": "#0"},
				"south": {"uv": [11, 13, 12, 16], "texture": "#0"},
				"west": {"uv": [10, 13, 11, 16], "texture": "#0"},
				"up": {"uv": [9, 12, 10, 13], "texture": "#0"},
				"down": {"uv": [12, 4, 13, 5], "texture": "#0"}
			}
		},
		{
			"name": "Cube11",
			"from": [4.6, 21, 2.9],
			"to": [4.6, 29, 10.9],
			"rotation": {"angle": 0, "axis": "y", "origin": [4.6, 25, 6.9]},
			"faces": {
				"north": {"uv": [10, 2.25, 12, 4.25], "texture": "#0"},
				"east": {"uv": [8, 2, 10, 4], "texture": "#0"},
				"south": {"uv": [0, 2, 2, 4], "texture": "#0"},
				"west": {"uv": [6, 2, 8, 4], "texture": "#0"},
				"up": {"uv": [2, 0, 4, 2], "texture": "#0", "rotation": 90},
				"down": {"uv": [4, 0, 6, 2], "texture": "#0", "rotation": 270}
			}
		},
		{
			"name": "Cube10",
			"from": [12.6, 21, 2.9],
			"to": [12.6, 29, 10.9],
			"rotation": {"angle": 0, "axis": "y", "origin": [12.6, 25, 6.9]},
			"faces": {
				"north": {"uv": [10, 2.25, 12, 4.25], "texture": "#0"},
				"east": {"uv": [8, 2, 10, 4], "texture": "#0"},
				"south": {"uv": [0, 2, 2, 4], "texture": "#0"},
				"west": {"uv": [6, 2, 8, 4], "texture": "#0"},
				"up": {"uv": [2, 0, 4, 2], "texture": "#0", "rotation": 90},
				"down": {"uv": [4, 0, 6, 2], "texture": "#0", "rotation": 270}
			}
		},
		{
			"name": "Cube9",
			"from": [4.5, 21, 2.9],
			"to": [12.5, 29, 2.9],
			"faces": {
				"north": {"uv": [10, 2, 12, 4], "texture": "#0"},
				"east": {"uv": [0, 2, 2, 4], "texture": "#0"},
				"south": {"uv": [6, 2, 8, 4], "texture": "#0"},
				"west": {"uv": [10, 2.25, 12, 4.25], "texture": "#0"},
				"up": {"uv": [2, 0, 4, 2], "texture": "#0"},
				"down": {"uv": [4, 0, 6, 2], "texture": "#0"}
			}
		},
		{
			"name": "Cube8",
			"from": [4.5, 21, 3],
			"to": [12.5, 29, 11],
			"faces": {
				"north": {"uv": [2, 2, 4, 4], "texture": "#0"},
				"east": {"uv": [0, 2, 2, 4], "texture": "#0"},
				"south": {"uv": [6, 2, 8, 4], "texture": "#0"},
				"west": {"uv": [12, 2, 14, 4], "texture": "#0"},
				"up": {"uv": [2, 0, 4, 2], "texture": "#0"},
				"down": {"uv": [4, 0, 6, 2], "texture": "#0"}
			}
		},
		{
			"name": "PlaneY8",
			"from": [4.5, 29, 3],
			"to": [12.5, 29.001, 11],
			"faces": {
				"north": {"uv": [0, 0, 0, 0], "texture": "#0"},
				"east": {"uv": [0, 0, 0, 0], "texture": "#0"},
				"south": {"uv": [0, 0, 0, 0], "texture": "#0"},
				"west": {"uv": [0, 0, 0, 0], "texture": "#0"},
				"up": {"uv": [2, 0, 4, 2], "texture": "#0", "rotation": 180},
				"down": {"uv": [2, 0, 4, 2], "texture": "#0", "rotation": 180}
			}
		}
	],
	"display": {
		"thirdperson_righthand": {
			"rotation": [0, 2, 0],
			"translation": [-0.1, -2.782, 0],
			"scale": [0.25, 0.25, 0.25]
		},
		"thirdperson_lefthand": {
			"rotation": [0, 2, 0],
			"translation": [-0.1, -2.782, 0],
			"scale": [0.25, 0.25, 0.25]
		},
		"firstperson_righthand": {
			"rotation": [-8, 110, 0],
			"translation": [0, 2.0869, 0.6956],
			"scale": [0.3, 0.3, 0.3]
		},
		"firstperson_lefthand": {
			"rotation": [-8, 110, 0],
			"translation": [0, 2.0869, 0.6956],
			"scale": [0.3, 0.3, 0.3]
		},
		"gui": {
			"rotation": [15, 146, 0],
			"translation": [0, -2.086, 0],
			"scale": [0.4, 0.4, 0.4]
		},
		"head": {
			"translation": [0, 10.434, 0],
			"scale": [0.3, 0.3, 0.3]
		},
		"ground": {
			"rotation": [90, 0, 0],
			"scale": [0.3, 0.3, 0.3]
		},
		"fixed": {
			"translation": [0, -2.782, 0],
			"scale": [0.5, 0.5, 0.5]
		}
	}
}
