{
	"credit": "Made with Blockbench, a free, modern block model editor by JannisX11",
	"textures": {
		"0": "blocks/bedrock",
		"1": "blocks/cactus_top",
		"2": "blocks/double_plant_paeonia_top",
		"particle": "blocks/bedrock"
	},
	"elements": [
		{
			"name": "cube",
			"from": [7.5, 3.7, 7.699999999999999],
			"to": [8.500000000000002, 4.2, 9],
			"faces": {
				"north": {
					"uv": [
						4.999902296066284,
						1.9999610900878906,
						6.398861265182495,
						4.599475860595703
					],
					"texture": "#1"
				},
				"east": {
					"uv": [
						4.999902296066284,
						1.9999610900878906,
						6.398861265182495,
						4.599475860595703
					],
					"texture": "#1"
				},
				"south": {
					"uv": [
						4.999902296066284,
						1.9999610900878906,
						6.398861265182495,
						4.599475860595703
					],
					"texture": "#1"
				},
				"west": {
					"uv": [
						4.999902296066284,
						1.9999610900878906,
						6.398861265182495,
						4.599475860595703
					],
					"texture": "#1"
				},
				"up": {
					"uv": [
						4.999902296066284,
						1.9999610900878906,
						6.398861265182495,
						4.599475860595703
					],
					"texture": "#1"
				},
				"down": {
					"uv": [
						4.999902296066284,
						1.9999610900878906,
						6.398861265182495,
						4.599475860595703
					],
					"texture": "#1"
				}
			},
			"type": "cube"
		},
		{
			"name": "cube",
			"from": [7.199999999999999, -3.1000000000000014, 8],
			"to": [8.8, -1.700000000000001, 9.099999999999998],
			"faces": {
				"north": {
					"uv": [
						4.999902296066284,
						1.9999610900878906,
						6.398861265182495,
						4.599475860595703
					],
					"texture": "#1",
					"rotation": 180
				},
				"east": {
					"uv": [
						4.999902296066284,
						1.9999610900878906,
						6.398861265182495,
						4.599475860595703
					],
					"texture": "#1",
					"rotation": 270
				},
				"south": {
					"uv": [
						4.999902296066284,
						1.9999610900878906,
						6.398861265182495,
						4.599475860595703
					],
					"texture": "#1"
				},
				"west": {
					"uv": [
						4.999902296066284,
						1.9999610900878906,
						6.398861265182495,
						4.599475860595703
					],
					"texture": "#1",
					"rotation": 90
				},
				"up": {
					"uv": [
						4.999902296066284,
						1.9999610900878906,
						6.398861265182495,
						4.599475860595703
					],
					"texture": "#1",
					"rotation": 180
				},
				"down": {
					"uv": [
						4.999902296066284,
						1.9999610900878906,
						6.398861265182495,
						4.599475860595703
					],
					"texture": "#1"
				}
			},
			"rotation": {
				"origin": [
					8,
					-2.200000000000001,
					12.999999999999998
				],
				"axis": "x",
				"angle": 45
			},
			"type": "cube"
		},
		{
			"name": "cube",
			"from": [
				7.199999999999999,
				-1.9999999999999991,
				11.299999999999999
			],
			"to": [8.8, -0.9000000000000012, 12.2],
			"faces": {
				"north": {
					"uv": [
						4.999902296066284,
						1.9999610900878906,
						6.398861265182495,
						4.599475860595703
					],
					"texture": "#1"
				},
				"east": {
					"uv": [
						4.999902296066284,
						1.9999610900878906,
						6.398861265182495,
						4.599475860595703
					],
					"texture": "#1"
				},
				"south": {
					"uv": [
						4.999902296066284,
						1.9999610900878906,
						6.398861265182495,
						4.599475860595703
					],
					"texture": "#1"
				},
				"west": {
					"uv": [
						4.999902296066284,
						1.9999610900878906,
						6.398861265182495,
						4.599475860595703
					],
					"texture": "#1"
				},
				"up": {
					"uv": [
						4.999902296066284,
						1.9999610900878906,
						6.398861265182495,
						4.599475860595703
					],
					"texture": "#1"
				},
				"down": {
					"uv": [
						4.999902296066284,
						1.9999610900878906,
						6.398861265182495,
						4.599475860595703
					],
					"texture": "#1"
				}
			},
			"rotation": {
				"origin": [
					8,
					2.9999999999999996,
					11.799999999999999
				],
				"axis": "x",
				"angle": 22.5
			},
			"type": "cube"
		},
		{
			"name": "cube",
			"from": [
				11.6,
				-1.5999999999999996,
				13.199999999999998
			],
			"to": [13, -1.0000000000000018, 14.000000000000002],
			"faces": {
				"north": {
					"uv": [
						4.999902296066284,
						1.9999610900878906,
						6.398861265182495,
						4.599475860595703
					],
					"texture": "#1"
				},
				"east": {
					"uv": [
						4.999902296066284,
						1.9999610900878906,
						6.398861265182495,
						4.599475860595703
					],
					"texture": "#1"
				},
				"south": {
					"uv": [
						4.999902296066284,
						1.9999610900878906,
						6.398861265182495,
						4.599475860595703
					],
					"texture": "#1"
				},
				"west": {
					"uv": [
						4.999902296066284,
						1.9999610900878906,
						6.398861265182495,
						4.599475860595703
					],
					"texture": "#1"
				},
				"up": {
					"uv": [
						4.999902296066284,
						1.9999610900878906,
						6.398861265182495,
						4.599475860595703
					],
					"texture": "#1",
					"rotation": 270
				},
				"down": {
					"uv": [
						4.999902296066284,
						1.9999610900878906,
						6.398861265182495,
						4.599475860595703
					],
					"texture": "#1",
					"rotation": 90
				}
			},
			"rotation": {
				"origin": [12.1, 3.1999999999999997, 13.6],
				"axis": "y",
				"angle": 0
			},
			"type": "cube"
		},
		{
			"name": "cube",
			"from": [
				10.6,
				-1.799999999999999,
				12.999999999999998
			],
			"to": [12, -0.7000000000000011, 14.200000000000001],
			"faces": {
				"north": {
					"uv": [
						4.999902296066284,
						1.9999610900878906,
						6.398861265182495,
						4.599475860595703
					],
					"texture": "#1"
				},
				"east": {
					"uv": [
						4.999902296066284,
						1.9999610900878906,
						6.398861265182495,
						4.599475860595703
					],
					"texture": "#1"
				},
				"south": {
					"uv": [
						4.999902296066284,
						1.9999610900878906,
						6.398861265182495,
						4.599475860595703
					],
					"texture": "#1"
				},
				"west": {
					"uv": [
						4.999902296066284,
						1.9999610900878906,
						6.398861265182495,
						4.599475860595703
					],
					"texture": "#1"
				},
				"up": {
					"uv": [
						4.999902296066284,
						1.9999610900878906,
						6.398861265182495,
						4.599475860595703
					],
					"texture": "#1",
					"rotation": 270
				},
				"down": {
					"uv": [
						4.999902296066284,
						1.9999610900878906,
						6.398861265182495,
						4.599475860595703
					],
					"texture": "#1",
					"rotation": 90
				}
			},
			"rotation": {
				"origin": [11.1, 3.1999999999999997, 13.6],
				"axis": "y",
				"angle": 0
			},
			"type": "cube"
		},
		{
			"name": "cube",
			"from": [10, -1.799999999999999, 12.799999999999999],
			"to": [11.4, -0.7000000000000011, 14.4],
			"faces": {
				"north": {
					"uv": [
						4.999902296066284,
						1.9999610900878906,
						6.398861265182495,
						4.599475860595703
					],
					"texture": "#1"
				},
				"east": {
					"uv": [
						4.999902296066284,
						1.9999610900878906,
						6.398861265182495,
						4.599475860595703
					],
					"texture": "#1"
				},
				"south": {
					"uv": [
						4.999902296066284,
						1.9999610900878906,
						6.398861265182495,
						4.599475860595703
					],
					"texture": "#1"
				},
				"west": {
					"uv": [
						4.999902296066284,
						1.9999610900878906,
						6.398861265182495,
						4.599475860595703
					],
					"texture": "#1"
				},
				"up": {
					"uv": [
						4.999902296066284,
						1.9999610900878906,
						6.398861265182495,
						4.599475860595703
					],
					"texture": "#1",
					"rotation": 270
				},
				"down": {
					"uv": [
						4.999902296066284,
						1.9999610900878906,
						6.398861265182495,
						4.599475860595703
					],
					"texture": "#1",
					"rotation": 90
				}
			},
			"rotation": {
				"origin": [10.5, 3.1999999999999997, 13.6],
				"axis": "y",
				"angle": 0
			},
			"type": "cube"
		},
		{
			"name": "cube",
			"from": [9, -1.799999999999999, 12.5],
			"to": [
				10.4,
				-0.7000000000000011,
				14.100000000000001
			],
			"faces": {
				"north": {
					"uv": [
						4.999902296066284,
						1.9999610900878906,
						6.398861265182495,
						4.599475860595703
					],
					"texture": "#1"
				},
				"east": {
					"uv": [
						4.999902296066284,
						1.9999610900878906,
						6.398861265182495,
						4.599475860595703
					],
					"texture": "#1"
				},
				"south": {
					"uv": [
						4.999902296066284,
						1.9999610900878906,
						6.398861265182495,
						4.599475860595703
					],
					"texture": "#1"
				},
				"west": {
					"uv": [
						4.999902296066284,
						1.9999610900878906,
						6.398861265182495,
						4.599475860595703
					],
					"texture": "#1"
				},
				"up": {
					"uv": [
						4.999902296066284,
						1.9999610900878906,
						6.398861265182495,
						4.599475860595703
					],
					"texture": "#1",
					"rotation": 270
				},
				"down": {
					"uv": [
						4.999902296066284,
						1.9999610900878906,
						6.398861265182495,
						4.599475860595703
					],
					"texture": "#1",
					"rotation": 90
				}
			},
			"rotation": {
				"origin": [9.5, 3.1999999999999997, 13.3],
				"axis": "y",
				"angle": -22.5
			},
			"type": "cube"
		},
		{
			"name": "cube",
			"from": [
				7.899999999999999,
				-1.799999999999999,
				12.200000000000001
			],
			"to": [9.5, -0.7000000000000011, 13.600000000000001],
			"faces": {
				"north": {
					"uv": [
						4.999902296066284,
						1.9999610900878906,
						6.398861265182495,
						4.599475860595703
					],
					"texture": "#1"
				},
				"east": {
					"uv": [
						4.999902296066284,
						1.9999610900878906,
						6.398861265182495,
						4.599475860595703
					],
					"texture": "#1"
				},
				"south": {
					"uv": [
						4.999902296066284,
						1.9999610900878906,
						6.398861265182495,
						4.599475860595703
					],
					"texture": "#1"
				},
				"west": {
					"uv": [
						4.999902296066284,
						1.9999610900878906,
						6.398861265182495,
						4.599475860595703
					],
					"texture": "#1"
				},
				"up": {
					"uv": [
						4.999902296066284,
						1.9999610900878906,
						6.398861265182495,
						4.599475860595703
					],
					"texture": "#1"
				},
				"down": {
					"uv": [
						4.999902296066284,
						1.9999610900878906,
						6.398861265182495,
						4.599475860595703
					],
					"texture": "#1"
				}
			},
			"rotation": {
				"origin": [
					8.7,
					3.1999999999999997,
					12.700000000000001
				],
				"axis": "y",
				"angle": 45
			},
			"type": "cube"
		},
		{
			"name": "cube",
			"from": [
				7.299999999999999,
				-1.799999999999999,
				11.3
			],
			"to": [8.9, -0.7000000000000011, 12.700000000000001],
			"faces": {
				"north": {
					"uv": [
						4.999902296066284,
						1.9999610900878906,
						6.398861265182495,
						4.599475860595703
					],
					"texture": "#1"
				},
				"east": {
					"uv": [
						4.999902296066284,
						1.9999610900878906,
						6.398861265182495,
						4.599475860595703
					],
					"texture": "#1"
				},
				"south": {
					"uv": [
						4.999902296066284,
						1.9999610900878906,
						6.398861265182495,
						4.599475860595703
					],
					"texture": "#1"
				},
				"west": {
					"uv": [
						4.999902296066284,
						1.9999610900878906,
						6.398861265182495,
						4.599475860595703
					],
					"texture": "#1"
				},
				"up": {
					"uv": [
						4.999902296066284,
						1.9999610900878906,
						6.398861265182495,
						4.599475860595703
					],
					"texture": "#1"
				},
				"down": {
					"uv": [
						4.999902296066284,
						1.9999610900878906,
						6.398861265182495,
						4.599475860595703
					],
					"texture": "#1"
				}
			},
			"rotation": {
				"origin": [8.1, 3.1999999999999997, 11.8],
				"axis": "y",
				"angle": 22.5
			},
			"type": "cube"
		},
		{
			"name": "cube",
			"from": [
				7.199999999999999,
				-1.799999999999999,
				10.2
			],
			"to": [8.8, -0.7000000000000011, 11.6],
			"faces": {
				"north": {
					"uv": [
						4.999902296066284,
						1.9999610900878906,
						6.398861265182495,
						4.599475860595703
					],
					"texture": "#1"
				},
				"east": {
					"uv": [
						4.999902296066284,
						1.9999610900878906,
						6.398861265182495,
						4.599475860595703
					],
					"texture": "#1"
				},
				"south": {
					"uv": [
						4.999902296066284,
						1.9999610900878906,
						6.398861265182495,
						4.599475860595703
					],
					"texture": "#1"
				},
				"west": {
					"uv": [
						4.999902296066284,
						1.9999610900878906,
						6.398861265182495,
						4.599475860595703
					],
					"texture": "#1"
				},
				"up": {
					"uv": [
						4.999902296066284,
						1.9999610900878906,
						6.398861265182495,
						4.599475860595703
					],
					"texture": "#1"
				},
				"down": {
					"uv": [
						4.999902296066284,
						1.9999610900878906,
						6.398861265182495,
						4.599475860595703
					],
					"texture": "#1"
				}
			},
			"rotation": {
				"origin": [8, 3.1999999999999997, 10.7],
				"axis": "x",
				"angle": 0
			},
			"type": "cube"
		},
		{
			"name": "cube",
			"from": [7.199999999999999, 1.9000000000000004, 7.5],
			"to": [8.8, 3, 8.599999999999998],
			"faces": {
				"north": {
					"uv": [
						4.999902296066284,
						1.9999610900878906,
						6.398861265182495,
						4.599475860595703
					],
					"texture": "#1",
					"rotation": 180
				},
				"east": {
					"uv": [
						4.999902296066284,
						1.9999610900878906,
						6.398861265182495,
						4.599475860595703
					],
					"texture": "#1",
					"rotation": 270
				},
				"south": {
					"uv": [
						4.999902296066284,
						1.9999610900878906,
						6.398861265182495,
						4.599475860595703
					],
					"texture": "#1"
				},
				"west": {
					"uv": [
						4.999902296066284,
						1.9999610900878906,
						6.398861265182495,
						4.599475860595703
					],
					"texture": "#1",
					"rotation": 90
				},
				"up": {
					"uv": [
						4.999902296066284,
						1.9999610900878906,
						6.398861265182495,
						4.599475860595703
					],
					"texture": "#1",
					"rotation": 180
				},
				"down": {
					"uv": [
						4.999902296066284,
						1.9999610900878906,
						6.398861265182495,
						4.599475860595703
					],
					"texture": "#1"
				}
			},
			"rotation": {
				"origin": [8, 2.5, 12.499999999999998],
				"axis": "x",
				"angle": -45
			},
			"type": "cube"
		},
		{
			"name": "cube",
			"from": [7.199999999999999, 0.7999999999999998, 8.3],
			"to": [8.8, 1.7999999999999998, 9.399999999999999],
			"faces": {
				"north": {
					"uv": [
						4.999902296066284,
						1.9999610900878906,
						6.398861265182495,
						4.599475860595703
					],
					"texture": "#1",
					"rotation": 180
				},
				"east": {
					"uv": [
						4.999902296066284,
						1.9999610900878906,
						6.398861265182495,
						4.599475860595703
					],
					"texture": "#1",
					"rotation": 270
				},
				"south": {
					"uv": [
						4.999902296066284,
						1.9999610900878906,
						6.398861265182495,
						4.599475860595703
					],
					"texture": "#1"
				},
				"west": {
					"uv": [
						4.999902296066284,
						1.9999610900878906,
						6.398861265182495,
						4.599475860595703
					],
					"texture": "#1",
					"rotation": 90
				},
				"up": {
					"uv": [
						4.999902296066284,
						1.9999610900878906,
						6.398861265182495,
						4.599475860595703
					],
					"texture": "#1",
					"rotation": 180
				},
				"down": {
					"uv": [
						4.999902296066284,
						1.9999610900878906,
						6.398861265182495,
						4.599475860595703
					],
					"texture": "#1"
				}
			},
			"rotation": {
				"origin": [
					8,
					1.2999999999999998,
					13.299999999999999
				],
				"axis": "x",
				"angle": -22.5
			},
			"type": "cube"
		},
		{
			"name": "cube",
			"from": [
				7.199999999999999,
				-0.30000000000000115,
				8.6
			],
			"to": [8.8, 0.3999999999999999, 9.699999999999998],
			"faces": {
				"north": {
					"uv": [
						4.999902296066284,
						1.9999610900878906,
						6.398861265182495,
						4.599475860595703
					],
					"texture": "#1",
					"rotation": 180
				},
				"east": {
					"uv": [
						4.999902296066284,
						1.9999610900878906,
						6.398861265182495,
						4.599475860595703
					],
					"texture": "#1",
					"rotation": 270
				},
				"south": {
					"uv": [
						4.999902296066284,
						1.9999610900878906,
						6.398861265182495,
						4.599475860595703
					],
					"texture": "#1"
				},
				"west": {
					"uv": [
						4.999902296066284,
						1.9999610900878906,
						6.398861265182495,
						4.599475860595703
					],
					"texture": "#1",
					"rotation": 90
				},
				"up": {
					"uv": [
						4.999902296066284,
						1.9999610900878906,
						6.398861265182495,
						4.599475860595703
					],
					"texture": "#1",
					"rotation": 180
				},
				"down": {
					"uv": [
						4.999902296066284,
						1.9999610900878906,
						6.398861265182495,
						4.599475860595703
					],
					"texture": "#1"
				}
			},
			"rotation": {
				"origin": [
					8,
					-0.10000000000000009,
					13.599999999999998
				],
				"axis": "x",
				"angle": 0
			},
			"type": "cube"
		},
		{
			"name": "cube",
			"from": [
				7.199999999999999,
				-1.6999999999999997,
				8.3
			],
			"to": [8.8, -1.1, 9.399999999999999],
			"faces": {
				"north": {
					"uv": [
						4.999902296066284,
						1.9999610900878906,
						6.398861265182495,
						4.599475860595703
					],
					"texture": "#1",
					"rotation": 180
				},
				"east": {
					"uv": [
						4.999902296066284,
						1.9999610900878906,
						6.398861265182495,
						4.599475860595703
					],
					"texture": "#1",
					"rotation": 270
				},
				"south": {
					"uv": [
						4.999902296066284,
						1.9999610900878906,
						6.398861265182495,
						4.599475860595703
					],
					"texture": "#1"
				},
				"west": {
					"uv": [
						4.999902296066284,
						1.9999610900878906,
						6.398861265182495,
						4.599475860595703
					],
					"texture": "#1",
					"rotation": 90
				},
				"up": {
					"uv": [
						4.999902296066284,
						1.9999610900878906,
						6.398861265182495,
						4.599475860595703
					],
					"texture": "#1",
					"rotation": 180
				},
				"down": {
					"uv": [
						4.999902296066284,
						1.9999610900878906,
						6.398861265182495,
						4.599475860595703
					],
					"texture": "#1"
				}
			},
			"rotation": {
				"origin": [8, -1.6, 13.299999999999999],
				"axis": "x",
				"angle": 22.5
			},
			"type": "cube"
		},
		{
			"name": "cube",
			"from": [
				7.199999999999999,
				-0.8000000000000003,
				9.3
			],
			"to": [8.8, 0.19999999999999973, 10.399999999999999],
			"faces": {
				"north": {
					"uv": [
						4.999902296066284,
						1.9999610900878906,
						6.398861265182495,
						4.599475860595703
					],
					"texture": "#1",
					"rotation": 180
				},
				"east": {
					"uv": [
						4.999902296066284,
						1.9999610900878906,
						6.398861265182495,
						4.599475860595703
					],
					"texture": "#1",
					"rotation": 270
				},
				"south": {
					"uv": [
						4.999902296066284,
						1.9999610900878906,
						6.398861265182495,
						4.599475860595703
					],
					"texture": "#1"
				},
				"west": {
					"uv": [
						4.999902296066284,
						1.9999610900878906,
						6.398861265182495,
						4.599475860595703
					],
					"texture": "#1",
					"rotation": 90
				},
				"up": {
					"uv": [
						4.999902296066284,
						1.9999610900878906,
						6.398861265182495,
						4.599475860595703
					],
					"texture": "#1",
					"rotation": 180
				},
				"down": {
					"uv": [
						4.999902296066284,
						1.9999610900878906,
						6.398861265182495,
						4.599475860595703
					],
					"texture": "#1"
				}
			},
			"rotation": {
				"origin": [
					8,
					-0.30000000000000027,
					14.299999999999999
				],
				"axis": "x",
				"angle": 22.5
			},
			"type": "cube"
		},
		{
			"name": "cube",
			"from": [7.199999999999999, 1.4999999999999987, 9.8],
			"to": [8.8, 2.1999999999999997, 10.899999999999999],
			"faces": {
				"north": {
					"uv": [
						4.999902296066284,
						1.9999610900878906,
						6.398861265182495,
						4.599475860595703
					],
					"texture": "#1",
					"rotation": 180
				},
				"east": {
					"uv": [
						4.999902296066284,
						1.9999610900878906,
						6.398861265182495,
						4.599475860595703
					],
					"texture": "#1",
					"rotation": 270
				},
				"south": {
					"uv": [
						4.999902296066284,
						1.9999610900878906,
						6.398861265182495,
						4.599475860595703
					],
					"texture": "#1"
				},
				"west": {
					"uv": [
						4.999902296066284,
						1.9999610900878906,
						6.398861265182495,
						4.599475860595703
					],
					"texture": "#1",
					"rotation": 90
				},
				"up": {
					"uv": [
						4.999902296066284,
						1.9999610900878906,
						6.398861265182495,
						4.599475860595703
					],
					"texture": "#1",
					"rotation": 180
				},
				"down": {
					"uv": [
						4.999902296066284,
						1.9999610900878906,
						6.398861265182495,
						4.599475860595703
					],
					"texture": "#1"
				}
			},
			"rotation": {
				"origin": [
					8,
					1.6999999999999997,
					14.799999999999999
				],
				"axis": "x",
				"angle": 0
			},
			"type": "cube"
		},
		{
			"name": "cube",
			"from": [7.199999999999999, 3.5999999999999996, 9.4],
			"to": [8.8, 4.5, 10.499999999999998],
			"faces": {
				"north": {
					"uv": [
						4.999902296066284,
						1.9999610900878906,
						6.398861265182495,
						4.599475860595703
					],
					"texture": "#1",
					"rotation": 180
				},
				"east": {
					"uv": [
						4.999902296066284,
						1.9999610900878906,
						6.398861265182495,
						4.599475860595703
					],
					"texture": "#1",
					"rotation": 270
				},
				"south": {
					"uv": [
						4.999902296066284,
						1.9999610900878906,
						6.398861265182495,
						4.599475860595703
					],
					"texture": "#1"
				},
				"west": {
					"uv": [
						4.999902296066284,
						1.9999610900878906,
						6.398861265182495,
						4.599475860595703
					],
					"texture": "#1",
					"rotation": 90
				},
				"up": {
					"uv": [
						4.999902296066284,
						1.9999610900878906,
						6.398861265182495,
						4.599475860595703
					],
					"texture": "#1",
					"rotation": 180
				},
				"down": {
					"uv": [
						4.999902296066284,
						1.9999610900878906,
						6.398861265182495,
						4.599475860595703
					],
					"texture": "#1"
				}
			},
			"rotation": {
				"origin": [8, 4, 14.399999999999999],
				"axis": "x",
				"angle": -22.5
			},
			"type": "cube"
		},
		{
			"name": "cube",
			"from": [
				7.199999999999999,
				1.3000000000000012,
				12.299999999999999
			],
			"to": [8.8, 2.399999999999999, 13.7],
			"faces": {
				"north": {
					"uv": [
						4.999902296066284,
						1.9999610900878906,
						6.398861265182495,
						4.599475860595703
					],
					"texture": "#1"
				},
				"east": {
					"uv": [
						4.999902296066284,
						1.9999610900878906,
						6.398861265182495,
						4.599475860595703
					],
					"texture": "#1"
				},
				"south": {
					"uv": [
						4.999902296066284,
						1.9999610900878906,
						6.398861265182495,
						4.599475860595703
					],
					"texture": "#1"
				},
				"west": {
					"uv": [
						4.999902296066284,
						1.9999610900878906,
						6.398861265182495,
						4.599475860595703
					],
					"texture": "#1"
				},
				"up": {
					"uv": [
						4.999902296066284,
						1.9999610900878906,
						6.398861265182495,
						4.599475860595703
					],
					"texture": "#1"
				},
				"down": {
					"uv": [
						4.999902296066284,
						1.9999610900878906,
						6.398861265182495,
						4.599475860595703
					],
					"texture": "#1"
				}
			},
			"rotation": {
				"origin": [
					8,
					6.299999999999999,
					12.799999999999999
				],
				"axis": "x",
				"angle": 45
			},
			"type": "cube"
		},
		{
			"name": "cube",
			"from": [
				7.199999999999999,
				2.6000000000000014,
				10.399999999999999
			],
			"to": [8.8, 3.6999999999999993, 11.299999999999999],
			"faces": {
				"north": {
					"uv": [
						4.999902296066284,
						1.9999610900878906,
						6.398861265182495,
						4.599475860595703
					],
					"texture": "#1"
				},
				"east": {
					"uv": [
						4.999902296066284,
						1.9999610900878906,
						6.398861265182495,
						4.599475860595703
					],
					"texture": "#1"
				},
				"south": {
					"uv": [
						4.999902296066284,
						1.9999610900878906,
						6.398861265182495,
						4.599475860595703
					],
					"texture": "#1"
				},
				"west": {
					"uv": [
						4.999902296066284,
						1.9999610900878906,
						6.398861265182495,
						4.599475860595703
					],
					"texture": "#1"
				},
				"up": {
					"uv": [
						4.999902296066284,
						1.9999610900878906,
						6.398861265182495,
						4.599475860595703
					],
					"texture": "#1"
				},
				"down": {
					"uv": [
						4.999902296066284,
						1.9999610900878906,
						6.398861265182495,
						4.599475860595703
					],
					"texture": "#1"
				}
			},
			"rotation": {
				"origin": [8, 7.6, 10.899999999999999],
				"axis": "x",
				"angle": 22.5
			},
			"type": "cube"
		},
		{
			"name": "cube",
			"from": [7.199999999999999, 3, 7.6],
			"to": [8.8, 4.1, 9],
			"faces": {
				"north": {
					"uv": [
						4.999902296066284,
						1.9999610900878906,
						6.398861265182495,
						4.599475860595703
					],
					"texture": "#1"
				},
				"east": {
					"uv": [
						4.999902296066284,
						1.9999610900878906,
						6.398861265182495,
						4.599475860595703
					],
					"texture": "#1"
				},
				"south": {
					"uv": [
						4.999902296066284,
						1.9999610900878906,
						6.398861265182495,
						4.599475860595703
					],
					"texture": "#1"
				},
				"west": {
					"uv": [
						4.999902296066284,
						1.9999610900878906,
						6.398861265182495,
						4.599475860595703
					],
					"texture": "#1"
				},
				"up": {
					"uv": [
						4.999902296066284,
						1.9999610900878906,
						6.398861265182495,
						4.599475860595703
					],
					"texture": "#1"
				},
				"down": {
					"uv": [
						4.999902296066284,
						1.9999610900878906,
						6.398861265182495,
						4.599475860595703
					],
					"texture": "#1"
				}
			},
			"type": "cube"
		},
		{
			"name": "cube",
			"from": [7.1, 3.700000000000001, 7.699999999999999],
			"to": [8.9, 4, 7.9],
			"faces": {
				"north": {
					"uv": [
						0.49994294539741846,
						1.499829167905061,
						0.999256299889606,
						1.9991425223972485
					],
					"texture": "#0"
				},
				"east": {
					"uv": [
						0.49994294539741846,
						1.499829167905061,
						0.999256299889606,
						1.9991425223972485
					],
					"texture": "#0"
				},
				"south": {
					"uv": [
						0.49994294539741846,
						1.499829167905061,
						0.999256299889606,
						1.9991425223972485
					],
					"texture": "#0"
				},
				"west": {
					"uv": [
						0.49994294539741846,
						1.499829167905061,
						0.999256299889606,
						1.9991425223972485
					],
					"texture": "#0"
				},
				"up": {
					"uv": [
						0.49994294539741846,
						1.499829167905061,
						0.999256299889606,
						1.9991425223972485
					],
					"texture": "#0"
				},
				"down": {
					"uv": [
						0.49994294539741846,
						1.499829167905061,
						0.999256299889606,
						1.9991425223972485
					],
					"texture": "#0"
				}
			},
			"type": "cube"
		},
		{
			"name": "cube",
			"from": [7.999999999999998, 2.6, 3.599999999999998],
			"to": [
				8.100000000000001,
				2.7000000000000015,
				3.799999999999999
			],
			"faces": {
				"north": {
					"uv": [
						2.9999413967132567,
						4.999178314208985,
						4.398900365829467,
						5.5972839355468755
					],
					"texture": "#2"
				},
				"east": {
					"uv": [
						2.9999413967132567,
						4.999178314208985,
						4.398900365829467,
						5.5972839355468755
					],
					"texture": "#2"
				},
				"south": {
					"uv": [
						2.9999413967132567,
						4.999178314208985,
						4.398900365829467,
						5.5972839355468755
					],
					"texture": "#2"
				},
				"west": {
					"uv": [
						2.9999413967132567,
						4.999178314208985,
						4.398900365829467,
						5.5972839355468755
					],
					"texture": "#2"
				},
				"up": {
					"uv": [
						2.9999413967132567,
						4.999178314208985,
						4.398900365829467,
						5.5972839355468755
					],
					"texture": "#2"
				},
				"down": {
					"uv": [
						2.9999413967132567,
						4.999178314208985,
						4.398900365829467,
						5.5972839355468755
					],
					"texture": "#2"
				}
			},
			"rotation": {
				"origin": [8, 6.6, 4.699999999999999],
				"axis": "x",
				"angle": -45
			},
			"type": "cube"
		},
		{
			"name": "cube",
			"from": [7.899999999999997, 2.6, 3.599999999999998],
			"to": [8, 2.7000000000000015, 3.799999999999999],
			"faces": {
				"north": {
					"uv": [
						2.9999413967132567,
						4.999178314208985,
						4.398900365829467,
						5.5972839355468755
					],
					"texture": "#2"
				},
				"east": {
					"uv": [
						2.9999413967132567,
						4.999178314208985,
						4.398900365829467,
						5.5972839355468755
					],
					"texture": "#2"
				},
				"south": {
					"uv": [
						2.9999413967132567,
						4.999178314208985,
						4.398900365829467,
						5.5972839355468755
					],
					"texture": "#2"
				},
				"west": {
					"uv": [
						2.9999413967132567,
						4.999178314208985,
						4.398900365829467,
						5.5972839355468755
					],
					"texture": "#2"
				},
				"up": {
					"uv": [
						2.9999413967132567,
						4.999178314208985,
						4.398900365829467,
						5.5972839355468755
					],
					"texture": "#2"
				},
				"down": {
					"uv": [
						2.9999413967132567,
						4.999178314208985,
						4.398900365829467,
						5.5972839355468755
					],
					"texture": "#2"
				}
			},
			"rotation": {
				"origin": [
					7.899999999999999,
					6.6,
					4.699999999999999
				],
				"axis": "x",
				"angle": -45
			},
			"type": "cube"
		},
		{
			"name": "cube",
			"from": [7.799999999999997, 2.6, 3.4999999999999982],
			"to": [7.9, 2.7000000000000015, 3.799999999999999],
			"faces": {
				"north": {
					"uv": [
						2.9999413967132567,
						4.999178314208985,
						4.398900365829467,
						5.5972839355468755
					],
					"texture": "#2"
				},
				"east": {
					"uv": [
						2.9999413967132567,
						4.999178314208985,
						4.398900365829467,
						5.5972839355468755
					],
					"texture": "#2"
				},
				"south": {
					"uv": [
						2.9999413967132567,
						4.999178314208985,
						4.398900365829467,
						5.5972839355468755
					],
					"texture": "#2"
				},
				"west": {
					"uv": [
						2.9999413967132567,
						4.999178314208985,
						4.398900365829467,
						5.5972839355468755
					],
					"texture": "#2"
				},
				"up": {
					"uv": [
						2.9999413967132567,
						4.999178314208985,
						4.398900365829467,
						5.5972839355468755
					],
					"texture": "#2"
				},
				"down": {
					"uv": [
						2.9999413967132567,
						4.999178314208985,
						4.398900365829467,
						5.5972839355468755
					],
					"texture": "#2"
				}
			},
			"rotation": {
				"origin": [
					7.799999999999999,
					6.6,
					4.699999999999999
				],
				"axis": "x",
				"angle": -45
			},
			"type": "cube"
		},
		{
			"name": "cube",
			"from": [8.099999999999998, 2.6, 3.4999999999999982],
			"to": [
				8.200000000000001,
				2.7000000000000015,
				3.799999999999999
			],
			"faces": {
				"north": {
					"uv": [
						2.9999413967132567,
						4.999178314208985,
						4.398900365829467,
						5.5972839355468755
					],
					"texture": "#2"
				},
				"east": {
					"uv": [
						2.9999413967132567,
						4.999178314208985,
						4.398900365829467,
						5.5972839355468755
					],
					"texture": "#2"
				},
				"south": {
					"uv": [
						2.9999413967132567,
						4.999178314208985,
						4.398900365829467,
						5.5972839355468755
					],
					"texture": "#2"
				},
				"west": {
					"uv": [
						2.9999413967132567,
						4.999178314208985,
						4.398900365829467,
						5.5972839355468755
					],
					"texture": "#2"
				},
				"up": {
					"uv": [
						2.9999413967132567,
						4.999178314208985,
						4.398900365829467,
						5.5972839355468755
					],
					"texture": "#2"
				},
				"down": {
					"uv": [
						2.9999413967132567,
						4.999178314208985,
						4.398900365829467,
						5.5972839355468755
					],
					"texture": "#2"
				}
			},
			"rotation": {
				"origin": [8, 6.6, 4.699999999999999],
				"axis": "x",
				"angle": -45
			},
			"type": "cube"
		},
		{
			"name": "cube",
			"from": [
				7.799999999999999,
				3.3000000000000003,
				5.199999999999998
			],
			"to": [8.200000000000001, 3.35, 6.099999999999999],
			"faces": {
				"north": {
					"uv": [
						2.9999413967132567,
						4.99990234375,
						4.398900365829467,
						7.598693084716796
					],
					"texture": "#2"
				},
				"east": {
					"uv": [
						2.9999413967132567,
						4.999178314208985,
						4.398900365829467,
						5.5972839355468755
					],
					"texture": "#2"
				},
				"south": {
					"uv": [
						2.9999413967132567,
						4.99990234375,
						4.398900365829467,
						7.598693084716796
					],
					"texture": "#2"
				},
				"west": {
					"uv": [
						2.9999413967132567,
						4.999178314208985,
						4.398900365829467,
						5.5972839355468755
					],
					"texture": "#2"
				},
				"up": {
					"uv": [
						2.9999413967132567,
						4.99990234375,
						4.398900365829467,
						7.598693084716796
					],
					"texture": "#2"
				},
				"down": {
					"uv": [
						2.9999413967132567,
						4.999178314208985,
						4.398900365829467,
						5.5972839355468755
					],
					"texture": "#2"
				}
			},
			"rotation": {
				"origin": [8, 7.299999999999999, 6.4],
				"axis": "x",
				"angle": -22.5
			},
			"type": "cube"
		},
		{
			"name": "cube",
			"from": [7.799999999999999, 3.2, 5.199999999999998],
			"to": [8.200000000000001, 3.3000000000000016, 6.3],
			"faces": {
				"north": {
					"uv": [
						2.9999413967132567,
						4.99990234375,
						4.398900365829467,
						7.598693084716796
					],
					"texture": "#2"
				},
				"east": {
					"uv": [
						2.9999413967132567,
						4.999178314208985,
						4.398900365829467,
						5.5972839355468755
					],
					"texture": "#2"
				},
				"south": {
					"uv": [
						2.9999413967132567,
						4.99990234375,
						4.398900365829467,
						7.598693084716796
					],
					"texture": "#2"
				},
				"west": {
					"uv": [
						2.9999413967132567,
						4.999178314208985,
						4.398900365829467,
						5.5972839355468755
					],
					"texture": "#2"
				},
				"up": {
					"uv": [
						2.9999413967132567,
						4.99990234375,
						4.398900365829467,
						7.598693084716796
					],
					"texture": "#2"
				},
				"down": {
					"uv": [
						2.9999413967132567,
						4.999178314208985,
						4.398900365829467,
						5.5972839355468755
					],
					"texture": "#2"
				}
			},
			"rotation": {
				"origin": [8, 7.199999999999999, 6.4],
				"axis": "x",
				"angle": -22.5
			},
			"type": "cube"
		},
		{
			"name": "cube",
			"from": [
				7.299999999999999,
				2.800000000000001,
				5.499999999999999
			],
			"to": [8.700000000000001, 3.2000000000000015, 6.3],
			"faces": {
				"north": {
					"uv": [
						4.999902296066284,
						1.9999610900878906,
						6.398861265182495,
						4.599475860595703
					],
					"texture": "#1"
				},
				"east": {
					"uv": [
						4.999902296066284,
						1.9999610900878906,
						6.398861265182495,
						4.599475860595703
					],
					"texture": "#1"
				},
				"south": {
					"uv": [
						4.999902296066284,
						1.9999610900878906,
						6.398861265182495,
						4.599475860595703
					],
					"texture": "#1"
				},
				"west": {
					"uv": [
						4.999902296066284,
						1.9999610900878906,
						6.398861265182495,
						4.599475860595703
					],
					"texture": "#1"
				},
				"up": {
					"uv": [
						4.999902296066284,
						1.9999610900878906,
						6.398861265182495,
						4.599475860595703
					],
					"texture": "#1"
				},
				"down": {
					"uv": [
						4.999902296066284,
						1.9999610900878906,
						6.398861265182495,
						4.599475860595703
					],
					"texture": "#1"
				}
			},
			"rotation": {
				"origin": [8, 7.1, 6.4],
				"axis": "x",
				"angle": -22.5
			},
			"type": "cube"
		},
		{
			"name": "cube",
			"from": [
				7.399999999999999,
				3.6000000000000014,
				6.8999999999999995
			],
			"to": [
				8.600000000000001,
				4.000000000000002,
				7.8999999999999995
			],
			"faces": {
				"north": {
					"uv": [
						4.999902296066284,
						1.9999610900878906,
						6.398861265182495,
						4.599475860595703
					],
					"texture": "#1"
				},
				"east": {
					"uv": [
						4.999902296066284,
						1.9999610900878906,
						6.398861265182495,
						4.599475860595703
					],
					"texture": "#1"
				},
				"south": {
					"uv": [
						4.999902296066284,
						1.9999610900878906,
						6.398861265182495,
						4.599475860595703
					],
					"texture": "#1"
				},
				"west": {
					"uv": [
						4.999902296066284,
						1.9999610900878906,
						6.398861265182495,
						4.599475860595703
					],
					"texture": "#1"
				},
				"up": {
					"uv": [
						4.999902296066284,
						1.9999610900878906,
						6.398861265182495,
						4.599475860595703
					],
					"texture": "#1"
				},
				"down": {
					"uv": [
						4.999902296066284,
						1.9999610900878906,
						6.398861265182495,
						4.599475860595703
					],
					"texture": "#1"
				}
			},
			"type": "cube"
		},
		{
			"name": "cube",
			"from": [
				7.199999999999999,
				2.6000000000000014,
				10.399999999999999
			],
			"to": [8.8, 3.6999999999999993, 11.299999999999999],
			"faces": {
				"north": {
					"uv": [
						4.999902296066284,
						1.9999610900878906,
						6.398861265182495,
						4.599475860595703
					],
					"texture": "#1"
				},
				"east": {
					"uv": [
						4.999902296066284,
						1.9999610900878906,
						6.398861265182495,
						4.599475860595703
					],
					"texture": "#1"
				},
				"south": {
					"uv": [
						4.999902296066284,
						1.9999610900878906,
						6.398861265182495,
						4.599475860595703
					],
					"texture": "#1"
				},
				"west": {
					"uv": [
						4.999902296066284,
						1.9999610900878906,
						6.398861265182495,
						4.599475860595703
					],
					"texture": "#1"
				},
				"up": {
					"uv": [
						4.999902296066284,
						1.9999610900878906,
						6.398861265182495,
						4.599475860595703
					],
					"texture": "#1"
				},
				"down": {
					"uv": [
						4.999902296066284,
						1.9999610900878906,
						6.398861265182495,
						4.599475860595703
					],
					"texture": "#1"
				}
			},
			"rotation": {
				"origin": [8, 7.6, 10.899999999999999],
				"axis": "x",
				"angle": 22.5
			},
			"type": "cube"
		}
	],
	"display": {
		"thirdperson_righthand": {
			"rotation": [90, 0, 0],
			"translation": [0, 2.5, 9],
			"scale": [1, 1, 1]
		},
		"thirdperson_lefthand": {
			"scale": [1, 1, 1],
			"rotation": [90, 0, 0],
			"translation": [0, 2.5, 9]
		},
		"firstperson_righthand": {
			"scale": [0.925, 0.85, 0.825],
			"translation": [0, 10, 1],
			"rotation": [0, 85, 0]
		},
		"firstperson_lefthand": {
			"scale": [0.925, 0.85, 0.825],
			"translation": [0, 10, 1],
			"rotation": [0, 105, 0]
		},
		"head": {"scale": [0.001, 0.001, 0.001]},
		"ground": {
			"scale": [0.65, 0.625, 0.65],
			"translation": [0, 3.5, 0]
		},
		"fixed": {
			"scale": [1.45, 1.525, 1.45],
			"translation": [0, 8.5, -5]
		},
		"gui": {
			"scale": [1.75, 1.8250000000000002, 1.9],
			"rotation": [0, 142, 0],
			"translation": [-1.5, 11, -2.5]
		}
	}
}