{
    "__comment": "Blast Furnace model created by Bluecolty for the Harkenburg Texture Pack",
    "textures": {
        "particle": "block/oven_model_back",
        "0": "block/oven_door_texture",
        "1": "block/oven_model_front_texture",
        "2": "block/oven_misc_textures",
        "3": "block/oven_model_back",
        "4": "block/clock_face",
        "5": "block/oven_model_range_top"
    },
    "elements": [
        {
            "name": "oven door top",
            "from": [ 2.0, 10.0, -0.4999999925494194 ], 
            "to": [ 14.0, 13.0, 0.0 ], 
            "faces": {
                "north": { "texture": "#0", "uv": [ 2.0, 3.0, 14.0, 6.0 ] },
                "east": { "texture": "#1", "uv": [ 2.0, 3.0, 3.0, 6.0 ] },
                "south": { "texture": "#-1", "uv": [ 0.0, 0.0, 12.0, 4.0 ] },
                "west": { "texture": "#1", "uv": [ 13.0, 3.0, 14.0, 7.0 ] },
                "up": { "texture": "#1", "uv": [ 2.0, 3.0, 14.0, 4.0 ] },
                "down": { "texture": "#1", "uv": [ 2.0, 3.0, 14.0, 4.0 ] }
            }
        },
        {
            "name": "oven door bottom",
            "from": [ 2.0, 3.0, -0.4999999925494194 ], 
            "to": [ 14.0, 5.0, 0.0 ], 
            "faces": {
                "north": { "texture": "#0", "uv": [ 2.0, 11.0, 14.0, 13.0 ] },
                "east": { "texture": "#1", "uv": [ 2.0, 11.0, 3.0, 13.0 ] },
                "south": { "texture": "#-1", "uv": [ 0.0, 0.0, 12.0, 3.0 ] },
                "west": { "texture": "#1", "uv": [ 13.0, 11.0, 14.0, 13.0 ] },
                "up": { "texture": "#1", "uv": [ 2.0, 12.0, 14.0, 13.0 ] },
                "down": { "texture": "#1", "uv": [ 2.0, 12.0, 14.0, 13.0 ] }
            }
        },
        {
            "name": "oven door right side",
            "from": [ 2.0, 5.0, -0.4999999925494194 ], 
            "to": [ 4.0, 10.0, 0.0 ], 
            "faces": {
                "north": { "texture": "#0", "uv": [ 12.0, 6.0, 14.0, 11.0 ] },
                "east": { "texture": "#1", "uv": [ 13.0, 5.0, 14.0, 10.0 ] },
                "south": { "texture": "#-1", "uv": [ 0.0, 0.0, 2.0, 5.0 ] },
                "west": { "texture": "#1", "uv": [ 13.0, 6.0, 14.0, 11.0 ] },
                "up": { "texture": "#-1", "uv": [ 0.0, 0.0, 2.0, 1.0 ] },
                "down": { "texture": "#-1", "uv": [ 0.0, 0.0, 2.0, 1.0 ] }
            }
        },
        {
            "name": "oven door left side",
            "from": [ 12.0, 5.0, -0.4999999925494194 ], 
            "to": [ 14.0, 10.0, 0.0 ], 
            "faces": {
                "north": { "texture": "#0", "uv": [ 2.0, 6.0, 4.0, 11.0 ] },
                "east": { "texture": "#1", "uv": [ 2.0, 6.0, 3.0, 11.0 ] },
                "south": { "texture": "#-1", "uv": [ 0.0, 0.0, 2.0, 5.0 ] },
                "west": { "texture": "#1", "uv": [ 2.0, 6.0, 3.0, 11.0 ] },
                "up": { "texture": "#-1", "uv": [ 0.0, 0.0, 2.0, 1.0 ] },
                "down": { "texture": "#-1", "uv": [ 0.0, 0.0, 2.0, 1.0 ] }
            }
        },
        {
            "name": "oven door handle",
            "from": [ 3.0, 11.0, -1.5000000074505806 ], 
            "to": [ 13.0, 12.0, -0.5000000074505806 ], 
            "faces": {
                "north": { "texture": "#2", "uv": [ 3.0, 7.0, 13.0, 8.0 ] },
                "east": { "texture": "#2", "uv": [ 2.0, 10.0, 3.0, 12.0 ] },
                "south": { "texture": "#-1", "uv": [ 0.0, 0.0, 10.0, 2.0 ] },
                "west": { "texture": "#2", "uv": [ 2.0, 10.0, 3.0, 12.0 ] },
                "up": { "texture": "#2", "uv": [ 3.0, 7.0, 13.0, 8.0 ] },
                "down": { "texture": "#2", "uv": [ 3.0, 7.0, 13.0, 8.0 ] }
            }
        },
        {
            "name": "right knob",
            "from": [ 1.0, 16.49999999254942, 13.50000000745058 ], 
            "to": [ 3.0, 18.49999999254942, 14.0 ], 
            "faces": {
                "north": { "texture": "#2", "uv": [ 11.0, 0.0, 13.0, 2.0 ] },
                "east": { "texture": "#2", "uv": [ 4.0, 4.0, 5.0, 6.0 ] },
                "south": { "texture": "#-1", "uv": [ 0.0, 0.0, 2.0, 2.0 ] },
                "west": { "texture": "#2", "uv": [ 3.0, 4.0, 4.0, 6.0 ] },
                "up": { "texture": "#2", "uv": [ 4.0, 4.0, 6.0, 5.0 ] },
                "down": { "texture": "#2", "uv": [ 5.0, 4.0, 7.0, 5.0 ] }
            }
        },
        {
            "name": "right center knob",
            "from": [ 4.0, 16.49999999254942, 13.50000000745058 ], 
            "to": [ 6.0, 18.49999999254942, 14.0 ], 
            "faces": {
                "north": { "texture": "#2", "uv": [ 8.0, 0.0, 10.0, 2.0 ] },
                "east": { "texture": "#2", "uv": [ 3.0, 4.0, 4.0, 6.0 ] },
                "south": { "texture": "#-1", "uv": [ 0.0, 0.0, 2.0, 2.0 ] },
                "west": { "texture": "#2", "uv": [ 5.0, 4.0, 6.0, 6.0 ] },
                "up": { "texture": "#2", "uv": [ 9.0, 4.0, 11.0, 5.0 ] },
                "down": { "texture": "#2", "uv": [ 3.0, 4.0, 5.0, 5.0 ] }
            }
        },
        {
            "name": "left center knob",
            "from": [ 10.0, 16.49999999254942, 13.50000000745058 ], 
            "to": [ 12.0, 18.49999999254942, 14.0 ], 
            "faces": {
                "north": { "texture": "#2", "uv": [ 5.0, 0.0, 7.0, 2.0 ] },
                "east": { "texture": "#2", "uv": [ 2.0, 3.0, 3.0, 5.0 ] },
                "south": { "texture": "#-1", "uv": [ 0.0, 0.0, 2.0, 2.0 ] },
                "west": { "texture": "#2", "uv": [ 12.0, 4.0, 13.0, 6.0 ] },
                "up": { "texture": "#2", "uv": [ 3.0, 4.0, 5.0, 5.0 ] },
                "down": { "texture": "#2", "uv": [ 3.0, 4.0, 5.0, 5.0 ] }
            }
        },
        {
            "name": "left knob",
            "from": [ 13.0, 16.49999999254942, 13.50000000745058 ], 
            "to": [ 15.0, 18.49999999254942, 14.0 ], 
            "faces": {
                "north": { "texture": "#2", "uv": [ 2.0, 0.0, 4.0, 2.0 ] },
                "east": { "texture": "#2", "uv": [ 10.0, 4.0, 11.0, 6.0 ] },
                "south": { "texture": "#-1", "uv": [ 0.0, 0.0, 2.0, 2.0 ] },
                "west": { "texture": "#2", "uv": [ 7.0, 3.0, 8.0, 5.0 ] },
                "up": { "texture": "#2", "uv": [ 3.0, 4.0, 5.0, 5.0 ] },
                "down": { "texture": "#2", "uv": [ 10.0, 4.0, 12.0, 5.0 ] }
            }
        },
        {
            "name": "oven ui top",
            "from": [ 0.0, 16.0, 14.0 ], 
            "to": [ 16.0, 19.0, 16.0 ], 
            "faces": {
                "north": { "texture": "#3", "uv": [ 0.0, 1.0, 16.0, 4.0 ], "rotation": 180 },
                "east": { "texture": "#2", "uv": [ 0.0, 10.0, 2.0, 13.0 ] },
                "south": { "texture": "#2", "uv": [ 0.0, 13.0, 16.0, 16.0 ] },
                "west": { "texture": "#2", "uv": [ 0.0, 9.0, 2.0, 12.0 ] },
                "up": { "texture": "#3", "uv": [ 0.0, 14.0, 16.0, 16.0 ] },
                "down": { "texture": "#-1", "uv": [ 0.0, 0.0, 16.0, 2.0 ] }
            }
        },
        {
            "name": "clock",
            "from": [ 6.699999995529652, 16.69999999552965, 13.700000010430813 ], 
            "to": [ 9.200000017881393, 18.200000002980232, 14.0 ], 
            "faces": {
                "north": { "texture": "#4", "uv": [ 2.0, 3.0, 15.0, 10.0 ] },
                "east": { "texture": "#4", "uv": [ 1.0, 3.0, 3.0, 6.0 ] },
                "south": { "texture": "#3", "uv": [ 0.0, 0.0, 16.0, 16.0 ] },
                "west": { "texture": "#4", "uv": [ 1.0, 5.0, 3.0, 9.0 ] },
                "up": { "texture": "#4", "uv": [ 4.0, 3.0, 13.0, 4.0 ] },
                "down": { "texture": "#4", "uv": [ 6.0, 2.0, 11.0, 3.0 ] }
            }
        },
        {
            "name": "oven main body",
            "from": [ 0.0, 0.0, 0.0 ], 
            "to": [ 16.0, 16.0, 16.0 ], 
            "faces": {
                "north": { "texture": "#1", "uv": [ 0.0, 0.0, 16.0, 16.0 ] },
                "east": { "texture": "#3", "uv": [ 0.0, 0.0, 16.0, 16.0 ] },
                "south": { "texture": "#3", "uv": [ 0.0, 0.0, 16.0, 16.0 ] },
                "west": { "texture": "#3", "uv": [ 0.0, 0.0, 16.0, 16.0 ] },
                "up": { "texture": "#5", "uv": [ 0.0, 0.0, 16.0, 16.0 ], "rotation": 180 },
                "down": { "texture": "#3", "uv": [ 0.0, 0.0, 16.0, 16.0 ] }
            }
        }
    ]
}