{
    "__comment": "Chipped Anvil model created by Bluecolty for the Harkenburg Texture Pack",
    "textures": {
        "particle": "block/chiseled_quartz_block",
        "0": "block/chiseled_quartz_block",
        "1": "block/white_wool",
        "2": "block/stone",
        "3": "quartz_block_chiseled"
    },
    "elements": [
        {
            "name": "Base",
            "from": [ 2.0, 1.0, 4.0 ], 
            "to": [ 8.0, 5.0, 12.0 ], 
            "faces": {
                "north": { "texture": "#0", "uv": [ 0.0, 0.0, 8.0, 4.0 ] },
                "east": { "texture": "#0", "uv": [ 0.0, 0.0, 6.0, 4.0 ] },
                "south": { "texture": "#0", "uv": [ 0.0, 0.0, 8.0, 4.0 ] },
                "west": { "texture": "#0", "uv": [ 0.0, 0.0, 6.0, 4.0 ] },
                "up": { "texture": "#0", "uv": [ 0.0, 0.0, 8.0, 6.0 ] },
                "down": { "texture": "#0", "uv": [ 0.0, 0.0, 8.0, 6.0 ] }
            }
        },
        {
            "name": "Bottom",
            "from": [ 2.0, 0.0, 4.0 ], 
            "to": [ 16.0, 1.0, 12.0 ], 
            "faces": {
                "north": { "texture": "#0", "uv": [ 0.0, 0.0, 8.0, 1.0 ] },
                "east": { "texture": "#0", "uv": [ 0.0, 0.0, 14.0, 1.0 ] },
                "south": { "texture": "#0", "uv": [ 0.0, 0.0, 8.0, 1.0 ] },
                "west": { "texture": "#0", "uv": [ 0.0, 0.0, 14.0, 1.0 ] },
                "up": { "texture": "#0", "uv": [ 0.0, 0.0, 8.0, 14.0 ] },
                "down": { "texture": "#0", "uv": [ 0.0, 0.0, 8.0, 14.0 ] }
            }
        },
        {
            "name": "Base2",
            "from": [ 8.0, 1.0, 5.0 ], 
            "to": [ 15.0, 7.0, 11.0 ], 
            "faces": {
                "north": { "texture": "#0", "uv": [ 0.0, 0.0, 6.0, 6.0 ] },
                "east": { "texture": "#0", "uv": [ 0.0, 0.0, 7.0, 6.0 ] },
                "south": { "texture": "#0", "uv": [ 0.0, 0.0, 6.0, 6.0 ] },
                "west": { "texture": "#0", "uv": [ 0.0, 0.0, 7.0, 6.0 ] },
                "up": { "texture": "#0", "uv": [ 0.0, 0.0, 6.0, 7.0 ] },
                "down": { "texture": "#0", "uv": [ 0.0, 0.0, 6.0, 7.0 ] }
            }
        },
        {
            "name": "Seat",
            "from": [ 1.0, 5.0, 3.0 ], 
            "to": [ 9.0, 6.0, 13.0 ], 
            "faces": {
                "north": { "texture": "#0", "uv": [ 0.0, 0.0, 10.0, 1.0 ] },
                "east": { "texture": "#0", "uv": [ 0.0, 0.0, 8.0, 1.0 ] },
                "south": { "texture": "#0", "uv": [ 0.0, 0.0, 10.0, 1.0 ] },
                "west": { "texture": "#0", "uv": [ 0.0, 0.0, 8.0, 1.0 ] },
                "up": { "texture": "#0", "uv": [ 0.0, 0.0, 10.0, 8.0 ] },
                "down": { "texture": "#0", "uv": [ 0.0, 0.0, 10.0, 8.0 ] }
            }
        },
        {
            "name": "Seat2",
            "from": [ 0.0, 6.0, 2.0 ], 
            "to": [ 10.0, 8.0, 14.0 ], 
            "faces": {
                "north": { "texture": "#0", "uv": [ 0.0, 0.0, 12.0, 2.0 ] },
                "east": { "texture": "#0", "uv": [ 0.0, 0.0, 10.0, 2.0 ] },
                "south": { "texture": "#0", "uv": [ 0.0, 0.0, 12.0, 2.0 ] },
                "west": { "texture": "#0", "uv": [ 0.0, 0.0, 10.0, 2.0 ] },
                "up": { "texture": "#0", "uv": [ 0.0, 0.0, 12.0, 10.0 ] },
                "down": { "texture": "#0", "uv": [ 0.0, 0.0, 12.0, 10.0 ] }
            }
        },
        {
            "name": "Seat3",
            "from": [ 10.0, 7.0, 4.0 ], 
            "to": [ 16.0, 8.0, 12.0 ], 
            "faces": {
                "north": { "texture": "#0", "uv": [ 0.0, 0.0, 8.0, 1.0 ] },
                "east": { "texture": "#0", "uv": [ 0.0, 0.0, 6.0, 1.0 ] },
                "south": { "texture": "#0", "uv": [ 0.0, 0.0, 8.0, 1.0 ] },
                "west": { "texture": "#0", "uv": [ 0.0, 0.0, 6.0, 1.0 ] },
                "up": { "texture": "#0", "uv": [ 0.0, 0.0, 8.0, 6.0 ] },
                "down": { "texture": "#0", "uv": [ 0.0, 0.0, 8.0, 6.0 ] }
            }
        },
        {
            "name": "Back",
            "from": [ 11.0, 8.0, 2.0 ], 
            "to": [ 16.0, 15.0, 14.0 ], 
            "faces": {
                "north": { "texture": "#0", "uv": [ 0.0, 0.0, 12.0, 8.0 ] },
                "east": { "texture": "#0", "uv": [ 0.0, 0.0, 5.0, 8.0 ] },
                "south": { "texture": "#0", "uv": [ 0.0, 0.0, 12.0, 8.0 ] },
                "west": { "texture": "#0", "uv": [ 0.0, 0.0, 5.0, 8.0 ] },
                "up": { "texture": "#0", "uv": [ 0.0, 0.0, 12.0, 5.0 ] },
                "down": { "texture": "#0", "uv": [ 0.0, 0.0, 12.0, 5.0 ] }
            }
        },
        {
            "name": "Cover",
            "from": [ 1.0, 8.0, 3.0 ], 
            "to": [ 10.0, 9.0, 13.0 ], 
            "faces": {
                "north": { "texture": "#1", "uv": [ 0.0, 0.0, 10.0, 1.0 ] },
                "east": { "texture": "#1", "uv": [ 0.0, 0.0, 10.0, 1.0 ] },
                "south": { "texture": "#1", "uv": [ 0.0, 0.0, 10.0, 1.0 ] },
                "west": { "texture": "#1", "uv": [ 0.0, 0.0, 10.0, 1.0 ] },
                "up": { "texture": "#1", "uv": [ 1.0, 1.0, 11.0, 11.0 ] },
                "down": { "texture": "#1", "uv": [ 1.0, 1.0, 11.0, 11.0 ] }
            }
        },
        {
            "name": "Flusher",
            "from": [ 12.0, 13.0, 1.0 ], 
            "to": [ 14.0, 14.0, 2.0 ], 
            "faces": {
                "north": { "texture": "#2", "uv": [ 0.0, 0.0, 1.0, 1.0 ] },
                "east": { "texture": "#2", "uv": [ 6.0, 5.0, 8.0, 6.0 ] },
                "south": { "texture": "#2", "uv": [ 0.0, 2.0, 1.0, 3.0 ] },
                "west": { "texture": "#2", "uv": [ 11.0, 7.0, 13.0, 8.0 ] },
                "up": { "texture": "#2", "uv": [ 0.0, 5.0, 1.0, 7.0 ] },
                "down": { "texture": "#2", "uv": [ 0.0, 11.0, 1.0, 13.0 ] }
            }
        },
        {
            "name": "Bottom1",
            "from": [ 1.0, 0.0, 4.0 ], 
            "to": [ 2.0, 1.0, 12.0 ], 
            "faces": {
                "north": { "texture": "#0", "uv": [ 0.0, 0.0, 1.0, 1.0 ] },
                "east": { "texture": "#0", "uv": [ 0.0, 0.0, 8.0, 1.0 ] },
                "south": { "texture": "#0", "uv": [ 0.0, 0.0, 1.0, 1.0 ] },
                "west": { "texture": "#0", "uv": [ 0.0, 0.0, 8.0, 1.0 ] },
                "up": { "texture": "#0", "uv": [ 0.0, 0.0, 1.0, 8.0 ] },
                "down": { "texture": "#0", "uv": [ 0.0, 0.0, 1.0, 8.0 ] }
            }
        },
        {
            "name": "Bottom2",
            "from": [ 2.0, 0.0, 12.0 ], 
            "to": [ 8.0, 1.0, 13.0 ], 
            "faces": {
                "north": { "texture": "#0", "uv": [ 0.0, 0.0, 6.0, 1.0 ] },
                "east": { "texture": "#0", "uv": [ 0.0, 0.0, 1.0, 1.0 ] },
                "south": { "texture": "#0", "uv": [ 0.0, 0.0, 6.0, 1.0 ] },
                "west": { "texture": "#0", "uv": [ 0.0, 0.0, 1.0, 1.0 ] },
                "up": { "texture": "#0", "uv": [ 0.0, 0.0, 6.0, 1.0 ] },
                "down": { "texture": "#0", "uv": [ 0.0, 0.0, 6.0, 1.0 ] }
            }
        },
        {
            "name": "Bottom3",
            "from": [ 2.0, 0.0, 3.0 ], 
            "to": [ 8.0, 1.0, 4.0 ], 
            "faces": {
                "north": { "texture": "#0", "uv": [ 0.0, 0.0, 6.0, 1.0 ] },
                "east": { "texture": "#0", "uv": [ 0.0, 0.0, 1.0, 1.0 ] },
                "south": { "texture": "#0", "uv": [ 0.0, 0.0, 6.0, 1.0 ] },
                "west": { "texture": "#0", "uv": [ 0.0, 0.0, 1.0, 1.0 ] },
                "up": { "texture": "#0", "uv": [ 0.0, 0.0, 6.0, 1.0 ] },
                "down": { "texture": "#0", "uv": [ 0.0, 0.0, 6.0, 1.0 ] }
            }
        },
        {
            "name": "Lid",
            "from": [ 10.50000000745058, 15.0, 1.4999999925494194 ], 
            "to": [ 16.00000001490116, 16.0, 14.499999985098839 ], 
            "faces": {
                "north": { "texture": "#0", "uv": [ 0.0, 0.0, 5.500000007450581, 1.0 ] },
                "east": { "texture": "#0", "uv": [ 0.0, 0.0, 12.99999999254942, 1.0 ] },
                "south": { "texture": "#0", "uv": [ 0.0, 0.0, 5.500000007450581, 1.0 ] },
                "west": { "texture": "#0", "uv": [ 0.0, 0.0, 12.99999999254942, 1.0 ] },
                "up": { "texture": "#0", "uv": [ 0.0, 0.0, 5.500000007450581, 12.99999999254942 ] },
                "down": { "texture": "#0", "uv": [ 0.0, 0.0, 5.500000007450581, 12.99999999254942 ] }
            }
        }
    ]
}