{
    "__comment": "Damaged Anvil model made by Bluecolty for the Harkenburg Texture Pack",
    "textures": {
	"particle": "block/spruce_planks",
        "0": "block/spruce_planks",
        "1": "block/red_sandstone"
    },
    "elements": [
        {
            "name": "Leg1",
            "from": [ 0.0, 0.0, 0.0 ], 
            "to": [ 2.0, 11.0, 2.0 ], 
            "faces": {
                "north": { "texture": "#0", "uv": [ 0.0, 0.0, 2.0, 11.0 ] },
                "east": { "texture": "#0", "uv": [ 0.0, 0.0, 2.0, 11.0 ] },
                "south": { "texture": "#0", "uv": [ 0.0, 0.0, 2.0, 11.0 ] },
                "west": { "texture": "#0", "uv": [ 0.0, 0.0, 2.0, 11.0 ] },
                "up": { "texture": "#0", "uv": [ 0.0, 0.0, 2.0, 2.0 ] },
                "down": { "texture": "#0", "uv": [ 0.0, 0.0, 2.0, 2.0 ] }
            }
        },
        {
            "name": "Leg2",
            "from": [ 14.0, 0.0, 0.0 ], 
            "to": [ 16.0, 11.0, 2.0 ], 
            "faces": {
                "north": { "texture": "#0", "uv": [ 0.0, 0.0, 2.0, 11.0 ] },
                "east": { "texture": "#0", "uv": [ 0.0, 0.0, 2.0, 11.0 ] },
                "south": { "texture": "#0", "uv": [ 0.0, 0.0, 2.0, 11.0 ] },
                "west": { "texture": "#0", "uv": [ 0.0, 0.0, 2.0, 11.0 ] },
                "up": { "texture": "#0", "uv": [ 0.0, 0.0, 2.0, 2.0 ] },
                "down": { "texture": "#0", "uv": [ 0.0, 0.0, 2.0, 2.0 ] }
            }
        },
        {
            "name": "Leg3",
            "from": [ 0.0, 0.0, 14.0 ], 
            "to": [ 2.0, 11.0, 16.0 ], 
            "faces": {
                "north": { "texture": "#0", "uv": [ 0.0, 0.0, 2.0, 11.0 ] },
                "east": { "texture": "#0", "uv": [ 0.0, 0.0, 2.0, 11.0 ] },
                "south": { "texture": "#0", "uv": [ 0.0, 0.0, 2.0, 11.0 ] },
                "west": { "texture": "#0", "uv": [ 0.0, 0.0, 2.0, 11.0 ] },
                "up": { "texture": "#0", "uv": [ 0.0, 0.0, 2.0, 2.0 ] },
                "down": { "texture": "#0", "uv": [ 0.0, 0.0, 2.0, 2.0 ] }
            }
        },
        {
            "name": "Leg4",
            "from": [ 14.0, 0.0, 14.0 ], 
            "to": [ 16.0, 11.0, 16.0 ], 
            "faces": {
                "north": { "texture": "#0", "uv": [ 0.0, 0.0, 2.0, 11.0 ] },
                "east": { "texture": "#0", "uv": [ 0.0, 0.0, 2.0, 11.0 ] },
                "south": { "texture": "#0", "uv": [ 0.0, 0.0, 2.0, 11.0 ] },
                "west": { "texture": "#0", "uv": [ 0.0, 0.0, 2.0, 11.0 ] },
                "up": { "texture": "#0", "uv": [ 0.0, 0.0, 2.0, 2.0 ] },
                "down": { "texture": "#0", "uv": [ 0.0, 0.0, 2.0, 2.0 ] }
            }
        },
        {
            "name": "Base",
            "from": [ 0.0, 1.0, 0.0 ], 
            "to": [ 16.0, 2.0, 16.0 ], 
            "faces": {
                "north": { "texture": "#0", "uv": [ 0.0, 0.0, 16.0, 1.0 ] },
                "east": { "texture": "#0", "uv": [ 0.0, 0.0, 16.0, 1.0 ] },
                "south": { "texture": "#0", "uv": [ 0.0, 0.0, 16.0, 1.0 ] },
                "west": { "texture": "#0", "uv": [ 0.0, 0.0, 16.0, 1.0 ] },
                "up": { "texture": "#0", "uv": [ 0.0, 0.0, 16.0, 16.0 ] },
                "down": { "texture": "#0", "uv": [ 0.0, 0.0, 16.0, 16.0 ] }
            }
        },
        {
            "name": "ArmRest1",
            "from": [ 2.0, 9.0, 0.0 ], 
            "to": [ 14.0, 11.0, 2.0 ], 
            "faces": {
                "north": { "texture": "#0", "uv": [ 0.0, 0.0, 12.0, 2.0 ] },
                "east": { "texture": "#0", "uv": [ 0.0, 0.0, 2.0, 2.0 ] },
                "south": { "texture": "#0", "uv": [ 0.0, 0.0, 12.0, 2.0 ] },
                "west": { "texture": "#0", "uv": [ 0.0, 0.0, 2.0, 2.0 ] },
                "up": { "texture": "#0", "uv": [ 0.0, 0.0, 12.0, 2.0 ] },
                "down": { "texture": "#0", "uv": [ 0.0, 0.0, 12.0, 2.0 ] }
            }
        },
        {
            "name": "ArmRest2",
            "from": [ 2.0, 9.0, 14.0 ], 
            "to": [ 14.0, 11.0, 16.0 ], 
            "faces": {
                "north": { "texture": "#0", "uv": [ 0.0, 0.0, 12.0, 2.0 ] },
                "east": { "texture": "#0", "uv": [ 0.0, 0.0, 2.0, 2.0 ] },
                "south": { "texture": "#0", "uv": [ 0.0, 0.0, 12.0, 2.0 ] },
                "west": { "texture": "#0", "uv": [ 0.0, 0.0, 2.0, 2.0 ] },
                "up": { "texture": "#0", "uv": [ 0.0, 0.0, 12.0, 2.0 ] },
                "down": { "texture": "#0", "uv": [ 0.0, 0.0, 12.0, 2.0 ] }
            }
        },
        {
            "name": "Back",
            "from": [ 14.0, 2.0, 2.0 ], 
            "to": [ 16.0, 16.0, 14.0 ], 
            "faces": {
                "north": { "texture": "#0", "uv": [ 0.0, 0.0, 2.0, 14.0 ] },
                "east": { "texture": "#0", "uv": [ 0.0, 0.0, 12.0, 14.0 ] },
                "south": { "texture": "#0", "uv": [ 0.0, 0.0, 2.0, 14.0 ] },
                "west": { "texture": "#0", "uv": [ 0.0, 0.0, 12.0, 14.0 ] },
                "up": { "texture": "#0", "uv": [ 0.0, 0.0, 2.0, 12.0 ] },
                "down": { "texture": "#0", "uv": [ 0.0, 0.0, 2.0, 12.0 ] }
            }
        },
        {
            "name": "BottomPillow",
            "from": [ 0.0, 2.0, 2.0 ], 
            "to": [ 14.0, 4.500000007450581, 14.0 ], 
            "faces": {
                "north": { "texture": "#1", "uv": [ 0.0, 0.0, 14.0, 2.5000000074505806 ] },
                "east": { "texture": "#1", "uv": [ 0.0, 0.0, 12.0, 2.5000000074505806 ] },
                "south": { "texture": "#1", "uv": [ 0.0, 0.0, 14.0, 2.5000000074505806 ] },
                "west": { "texture": "#1", "uv": [ 0.0, 0.0, 12.0, 2.5000000074505806 ] },
                "up": { "texture": "#1", "uv": [ 0.0, 0.0, 14.0, 12.0 ] },
                "down": { "texture": "#1", "uv": [ 0.0, 0.0, 14.0, 12.0 ] }
            }
        },
        {
            "name": "BackPillow",
            "from": [ 13.49999999254942, 5.0, 3.0 ], 
            "to": [ 14.49999999254942, 15.0, 13.0 ], 
            "faces": {
                "north": { "texture": "#1", "uv": [ 0.0, 0.0, 1.0, 10.0 ] },
                "east": { "texture": "#1", "uv": [ 0.0, 0.0, 10.0, 10.0 ] },
                "south": { "texture": "#1", "uv": [ 0.0, 0.0, 1.0, 10.0 ] },
                "west": { "texture": "#1", "uv": [ 0.0, 0.0, 10.0, 10.0 ] },
                "up": { "texture": "#1", "uv": [ 0.0, 0.0, 1.0, 10.0 ] },
                "down": { "texture": "#1", "uv": [ 0.0, 0.0, 1.0, 10.0 ] }
            }
        }
    ]
}