{
	"credit": "Modeling for Harkenburg Texture Pack; property of Bluecolty; DO NOT REPRODUCE",
	"textures": {
		"0": "block/dead_tube_coral",
		"1": "block/dead_tube_coral_no_handle",
		"2": "block/dead_tube_coral_top",
		"particle": "block/dead_tube_coral"
	},
	"elements": [
		{
			"name": "Center",
			"from": [3, 0, 4],
			"to": [13, 1, 12],
			"faces": {
				"north": {"uv": [3, 15, 13, 16], "texture": "#0"},
				"east": {"uv": [4, 15, 12, 16], "texture": "#0"},
				"south": {"uv": [3, 15, 13, 16], "texture": "#0"},
				"west": {"uv": [4, 15, 12, 16], "texture": "#0"},
				"down": {"uv": [3, 4, 13, 12], "texture": "#2", "cullface": "down"}
			}
		},
		{
			"name": "North",
			"from": [4, 0, 3],
			"to": [12, 1, 4],
			"faces": {
				"north": {"uv": [4, 15, 12, 16], "texture": "#0"},
				"east": {"uv": [3, 15, 4, 16], "texture": "#0"},
				"west": {"uv": [12, 15, 13, 16], "texture": "#0"},
				"down": {"uv": [4, 3, 12, 4], "texture": "#2", "cullface": "down"}
			}
		},
		{
			"name": "South",
			"from": [4, 0, 12],
			"to": [12, 1, 13],
			"faces": {
				"east": {"uv": [12, 15, 13, 16], "texture": "#0"},
				"south": {"uv": [4, 15, 12, 16], "texture": "#0"},
				"west": {"uv": [3, 15, 4, 16], "texture": "#0"},
				"down": {"uv": [4, 12, 12, 13], "texture": "#2", "cullface": "down"}
			}
		},
		{
			"name": "Center",
			"from": [4, 15, 5],
			"to": [12, 16, 11],
			"faces": {
				"north": {"uv": [4, 0, 12, 1], "texture": "#0"},
				"east": {"uv": [5, 0, 11, 1], "texture": "#0"},
				"south": {"uv": [4, 0, 12, 1], "texture": "#0"},
				"west": {"uv": [5, 0, 11, 1], "texture": "#0"},
				"up": {"uv": [4, 5, 12, 11], "texture": "#2", "cullface": "up"}
			}
		},
		{
			"name": "North",
			"from": [5, 15, 4],
			"to": [11, 16, 5],
			"faces": {
				"north": {"uv": [5, 0, 11, 1], "texture": "#0"},
				"east": {"uv": [9, 7, 10, 8], "texture": "#2"},
				"west": {"uv": [5, 6, 6, 7], "texture": "#2"},
				"up": {"uv": [5, 11, 11, 12], "texture": "#2", "cullface": "up"}
			}
		},
		{
			"name": "South",
			"from": [5, 15, 11],
			"to": [11, 16, 12],
			"faces": {
				"east": {"uv": [12, 6, 13, 7], "texture": "#2"},
				"south": {"uv": [5, 0, 11, 1], "texture": "#0"},
				"west": {"uv": [10, 9, 11, 10], "texture": "#2"},
				"up": {"uv": [5, 4, 11, 5], "texture": "#2", "cullface": "up"}
			}
		},
		{
			"name": "Center",
			"from": [1, 14, 2],
			"to": [15, 15, 14],
			"faces": {
				"north": {"uv": [1, 1, 15, 2], "texture": "#0"},
				"east": {"uv": [2, 1, 14, 2], "texture": "#0"},
				"south": {"uv": [1, 1, 15, 2], "texture": "#0"},
				"west": {"uv": [2, 1, 14, 2], "texture": "#0"},
				"up": {"uv": [1, 2, 15, 14], "texture": "#2"},
				"down": {"uv": [3, 4, 13, 12], "texture": "#2"}
			}
		},
		{
			"name": "North",
			"from": [2, 14, 1],
			"to": [14, 15, 2],
			"faces": {
				"north": {"uv": [2, 1, 14, 2], "texture": "#0"},
				"east": {"uv": [4, 5, 5, 6], "texture": "#2"},
				"west": {"uv": [6, 5, 7, 6], "texture": "#2"},
				"up": {"uv": [3, 7, 15, 8], "texture": "#2"},
				"down": {"uv": [3, 6, 15, 7], "texture": "#2"}
			}
		},
		{
			"name": "South",
			"from": [2, 14, 14],
			"to": [14, 15, 15],
			"faces": {
				"east": {"uv": [9, 7, 10, 8], "texture": "#2"},
				"south": {"uv": [2, 1, 14, 2], "texture": "#0"},
				"west": {"uv": [3, 6, 4, 7], "texture": "#2"},
				"up": {"uv": [4, 8, 16, 9], "texture": "#2"},
				"down": {"uv": [3, 7, 15, 8], "texture": "#2"}
			}
		},
		{
			"name": "Center",
			"from": [2, 1, 3],
			"to": [14, 14, 13],
			"faces": {
				"north": {"uv": [2, 2, 12, 15], "texture": "#0"},
				"east": {"uv": [3, 2, 13, 15], "texture": "#0"},
				"south": {"uv": [2, 2, 12, 15], "texture": "#0"},
				"west": {"uv": [3, 2, 13, 15], "texture": "#0"},
				"down": {"uv": [3, 4, 13, 14], "texture": "#0"}
			}
		},
		{
			"name": "North",
			"from": [3, 1, 2],
			"to": [13, 14, 3],
			"faces": {
				"north": {"uv": [3, 2, 13, 15], "texture": "#1"},
				"east": {"uv": [13, 2, 14, 15], "texture": "#0"},
				"west": {"uv": [2, 2, 3, 15], "texture": "#0"},
				"down": {"uv": [3, 15, 13, 14], "texture": "#0"}
			}
		},
		{
			"name": "South",
			"from": [3, 1, 13],
			"to": [13, 14, 14],
			"faces": {
				"east": {"uv": [2, 2, 3, 15], "texture": "#1"},
				"south": {"uv": [3, 2, 13, 15], "texture": "#1"},
				"west": {"uv": [13, 2, 14, 15], "texture": "#1"},
				"down": {"uv": [3, 14, 13, 15], "texture": "#0"}
			}
		},
		{
			"name": "Bar",
			"from": [14, 12, 5],
			"to": [14.5, 13, 11],
			"faces": {
				"north": {"uv": [8, 3, 8.5, 4], "texture": "#0"},
				"east": {"uv": [5, 3, 11, 4], "texture": "#0"},
				"south": {"uv": [9, 7, 9.5, 8], "texture": "#0"},
				"up": {"uv": [9, 6, 9.5, 12], "texture": "#0"},
				"down": {"uv": [12, 4, 12.5, 10], "texture": "#0"}
			}
		},
		{
			"name": "North Connector",
			"from": [14, 11.5, 6],
			"to": [14.2, 12, 7],
			"faces": {
				"north": {"uv": [12, 7, 12.2, 7.5], "texture": "#0"},
				"east": {"uv": [9, 4, 10, 4.5], "texture": "#0"},
				"south": {"uv": [9, 5, 9.2, 5.5], "texture": "#0"},
				"down": {"uv": [9, 4, 9.2, 5], "texture": "#0"}
			}
		},
		{
			"name": "South Connector",
			"from": [14, 11.5, 9],
			"to": [14.2, 12, 10],
			"faces": {
				"north": {"uv": [12, 4, 12.2, 4.5], "texture": "#0"},
				"east": {"uv": [6, 4, 7, 4.5], "texture": "#0"},
				"south": {"uv": [6, 3, 6.2, 3.5], "texture": "#0"},
				"down": {"uv": [9, 3, 9.2, 4], "texture": "#0"}
			}
		},
		{
			"name": "Bar",
			"from": [1.5, 12, 5],
			"to": [2, 13, 11],
			"faces": {
				"north": {"uv": [11, 10, 11.5, 11], "texture": "#0"},
				"south": {"uv": [12, 8, 12.5, 9], "texture": "#0"},
				"west": {"uv": [5, 3, 11, 4], "texture": "#0"},
				"up": {"uv": [12, 5, 11.5, 9], "texture": "#0"},
				"down": {"uv": [6, 3, 6.5, 10], "texture": "#0"}
			}
		},
		{
			"name": "North Connector",
			"from": [1.8, 11.5, 6],
			"to": [2, 12, 7],
			"faces": {
				"north": {"uv": [6, 4, 6.2, 4.5], "texture": "#0"},
				"south": {"uv": [12, 6, 12.2, 6.5], "texture": "#0"},
				"west": {"uv": [6, 4, 7, 4.5], "texture": "#0"},
				"down": {"uv": [6, 5, 6.2, 6], "texture": "#0"}
			}
		},
		{
			"name": "South Connector",
			"from": [1.8, 11.5, 9],
			"to": [2, 12, 10],
			"faces": {
				"north": {"uv": [9, 4, 9.2, 4.5], "texture": "#0"},
				"south": {"uv": [9, 6, 9.2, 6.5], "texture": "#0"},
				"west": {"uv": [9, 4, 10, 4.5], "texture": "#0"},
				"down": {"uv": [9, 5, 9.2, 6], "texture": "#0"}
			}
		}
	],
	"groups": [
		{
			"name": "Base",
			"children": [0, 1, 2]
		},
		{
			"name": "Lid",
			"children": [3, 4, 5]
		},
		{
			"name": "Lower Lid",
			"children": [6, 7, 8]
		},
		{
			"name": "Body",
			"children": [9, 10, 11]
		},
		{
			"name": "Handle East",
			"children": [12, 13, 14]
		},
		{
			"name": "Handle West",
			"children": [15, 16, 17]
		}
	]
}