{
	"credit": "Modeling for Harkenburg Texture Pack; property of Bluecolty; DO NOT REPRODUCE",
	"ambientocclusion": false,
	"textures": {
		"particle": "block/dead_fire_coral",
		"7": "block/dead_fire_coral",
		"8": "block/dead_fire_coral_base",
		"9": "block/dead_fire_coral_top"
	},
	"elements": [
		{
			"name": "Middle",
			"from": [4, 15, 4],
			"to": [12, 15.8, 12],
			"faces": {
				"north": {"uv": [3, 0, 13, 0.8], "texture": "#missing"},
				"east": {"uv": [3, 0, 13, 0.8], "texture": "#missing"},
				"south": {"uv": [3, 0, 13, 0.8], "texture": "#missing"},
				"west": {"uv": [3, 0, 13, 0.8], "texture": "#missing"},
				"up": {"uv": [3, 3, 13, 13], "texture": "#9"},
				"down": {"uv": [0, 0, 10, 10], "texture": "#missing"}
			}
		},
		{
			"name": "North",
			"from": [4, 15, 3],
			"to": [12, 15.8, 4],
			"faces": {
				"north": {"uv": [3, 0, 13, 1], "texture": "#7"},
				"east": {"uv": [3, 0, 4, 1], "texture": "#7"},
				"south": {"uv": [0, 0, 1, 7.8], "texture": "#missing"},
				"west": {"uv": [12, 0, 13, 1], "texture": "#7"},
				"up": {"uv": [3, 12, 13, 13], "texture": "#9"},
				"down": {"uv": [0, 0, 8, 1], "texture": "#missing"}
			}
		},
		{
			"name": "South",
			"from": [4, 15, 12],
			"to": [12, 15.8, 13],
			"faces": {
				"north": {"uv": [6, 1, 12, 1.8], "texture": "#missing"},
				"east": {"uv": [12, 0, 13, 1], "texture": "#7"},
				"south": {"uv": [3, 0, 13, 1], "texture": "#7"},
				"west": {"uv": [3, 0, 4, 1], "texture": "#7"},
				"up": {"uv": [3, 3, 13, 4], "texture": "#9"},
				"down": {"uv": [0, 0, 8, 1], "texture": "#missing"}
			}
		},
		{
			"name": "East",
			"from": [12, 15, 4],
			"to": [13, 15.8, 12],
			"faces": {
				"north": {"uv": [12, 0, 13, 1], "texture": "#7"},
				"east": {"uv": [3, 0, 13, 1], "texture": "#7"},
				"south": {"uv": [3, 0, 4, 1], "texture": "#7"},
				"west": {"uv": [0, 0, 8, 0.8], "texture": "#missing"},
				"up": {"uv": [3, 3, 4, 13], "texture": "#9"},
				"down": {"uv": [0, 0, 1, 8], "texture": "#missing"}
			}
		},
		{
			"name": "West",
			"from": [3, 15, 4],
			"to": [4, 15.8, 12],
			"faces": {
				"north": {"uv": [3, 0, 4, 1], "texture": "#7"},
				"east": {"uv": [3, 1, 13, 2], "texture": "#missing"},
				"south": {"uv": [12, 0, 13, 1], "texture": "#7"},
				"west": {"uv": [3, 0, 13, 1], "texture": "#7"},
				"up": {"uv": [12, 3, 13, 13], "texture": "#9"},
				"down": {"uv": [0, 0, 1, 8], "texture": "#missing"}
			}
		},
		{
			"name": "Middle",
			"from": [3.5, 2, 3.5],
			"to": [12.5, 15, 12.5],
			"faces": {
				"north": {"uv": [2, 1, 14, 14], "texture": "#missing"},
				"east": {"uv": [2, 1, 14, 14], "texture": "#missing"},
				"south": {"uv": [2, 1, 14, 14], "texture": "#missing"},
				"west": {"uv": [2, 1, 14, 14], "texture": "#missing"},
				"up": {"uv": [3, 3, 13, 13], "texture": "#9"},
				"down": {"uv": [0, 0, 11, 11], "texture": "#missing"}
			}
		},
		{
			"name": "North",
			"from": [3.5, 2, 2.5],
			"to": [12.5, 15, 3.5],
			"faces": {
				"north": {"uv": [3, 1, 13, 14], "texture": "#7"},
				"east": {"uv": [2, 1, 3, 14], "texture": "#7"},
				"south": {"uv": [0, 0, 9, 13], "texture": "#missing"},
				"west": {"uv": [13, 1, 14, 14], "texture": "#7"},
				"up": {"uv": [3, 1, 13, 2], "rotation": 180, "texture": "#7"},
				"down": {"uv": [0, 0, 9, 1], "texture": "#missing"}
			}
		},
		{
			"name": "South",
			"from": [3.5, 2, 12.5],
			"to": [12.5, 15, 13.5],
			"faces": {
				"north": {"uv": [0, 0, 9, 13], "texture": "#missing"},
				"east": {"uv": [13, 1, 14, 14], "texture": "#7"},
				"south": {"uv": [3, 1, 13, 14], "texture": "#7"},
				"west": {"uv": [2, 1, 3, 14], "texture": "#7"},
				"up": {"uv": [3, 1, 13, 2], "texture": "#7"},
				"down": {"uv": [0, 0, 9, 1], "texture": "#missing"}
			}
		},
		{
			"name": "East",
			"from": [12.5, 2, 3.5],
			"to": [13.5, 15, 12.5],
			"faces": {
				"north": {"uv": [13, 1, 14, 14], "texture": "#7"},
				"east": {"uv": [3, 1, 13, 14], "texture": "#7"},
				"south": {"uv": [2, 1, 3, 14], "texture": "#7"},
				"west": {"uv": [0, 0, 9, 13], "texture": "#missing"},
				"up": {"uv": [3, 1, 13, 2], "rotation": 270, "texture": "#7"},
				"down": {"uv": [0, 0, 1, 9], "texture": "#missing"}
			}
		},
		{
			"name": "West",
			"from": [2.5, 2, 3.5],
			"to": [3.5, 15, 12.5],
			"faces": {
				"north": {"uv": [2, 1, 3, 14], "texture": "#7"},
				"east": {"uv": [0, 0, 9, 13], "texture": "#missing"},
				"south": {"uv": [13, 1, 14, 14], "texture": "#7"},
				"west": {"uv": [3, 1, 13, 14], "texture": "#7"},
				"up": {"uv": [3, 1, 13, 2], "rotation": 90, "texture": "#7"},
				"down": {"uv": [0, 0, 1, 9], "texture": "#missing"}
			}
		},
		{
			"name": "Middle",
			"from": [2, 0, 2],
			"to": [14, 2, 14],
			"faces": {
				"north": {"uv": [2, 14, 14, 16], "texture": "#7"},
				"east": {"uv": [2, 14, 14, 16], "texture": "#7"},
				"south": {"uv": [2, 14, 14, 16], "texture": "#7"},
				"west": {"uv": [2, 14, 14, 16], "texture": "#7"},
				"up": {"uv": [2, 2, 14, 14], "texture": "#8"},
				"down": {"uv": [2, 2, 14, 14], "texture": "#8"}
			}
		},
		{
			"name": "North",
			"from": [2, 0, 1],
			"to": [14, 1, 2],
			"faces": {
				"north": {"uv": [2, 15, 14, 16], "texture": "#7"},
				"east": {"uv": [14, 15, 15, 16], "texture": "#7"},
				"south": {"uv": [2, 15, 14, 16], "texture": "#missing"},
				"west": {"uv": [1, 15, 2, 16], "texture": "#7"},
				"up": {"uv": [2, 14, 14, 15], "rotation": 180, "texture": "#7"},
				"down": {"uv": [0, 0, 12, 1], "texture": "#8"}
			}
		},
		{
			"name": "South",
			"from": [2, 0, 14],
			"to": [14, 1, 15],
			"faces": {
				"north": {"uv": [0, 0, 12, 1], "texture": "#missing"},
				"east": {"uv": [15, 15, 16, 16], "texture": "#7"},
				"south": {"uv": [2, 15, 14, 16], "texture": "#7"},
				"west": {"uv": [1, 15, 2, 16], "texture": "#7"},
				"up": {"uv": [2, 14, 14, 15], "texture": "#7"},
				"down": {"uv": [0, 0, 12, 1], "texture": "#8"}
			}
		},
		{
			"name": "East",
			"from": [14, 0, 2],
			"to": [15, 1, 14],
			"faces": {
				"north": {"uv": [14, 15, 15, 16], "texture": "#7"},
				"east": {"uv": [2, 15, 14, 16], "texture": "#7"},
				"south": {"uv": [1, 15, 2, 16], "texture": "#7"},
				"west": {"uv": [2, 15, 14, 16], "texture": "#missing"},
				"up": {"uv": [2, 14, 14, 15], "rotation": 270, "texture": "#7"},
				"down": {"uv": [0, 0, 1, 12], "texture": "#8"}
			}
		},
		{
			"name": "West",
			"from": [1, 0, 2],
			"to": [2, 1, 14],
			"faces": {
				"north": {"uv": [1, 16, 2, 15], "texture": "#7"},
				"east": {"uv": [2, 15, 14, 16], "texture": "#missing"},
				"south": {"uv": [14, 15, 15, 16], "texture": "#7"},
				"west": {"uv": [2, 15, 14, 16], "texture": "#7"},
				"up": {"uv": [2, 14, 14, 15], "rotation": 90, "texture": "#7"},
				"down": {"uv": [0, 0, 1, 12], "texture": "#8"}
			}
		}
	],
	"groups": [
		{
			"name": "Top",
			"children": [0, 1, 2, 3, 4]
		},
		{
			"name": "Barrel",
			"children": [5, 6, 7, 8, 9]
		},
		{
			"name": "Base",
			"children": [10, 11, 12, 13, 14]
		}
	]
}