{
    "__comment": "String model created by Bluecolty for the Harkenburg Texture Pack",
"ambientocclusion": false,
    "textures": {
        "particle": "blocks/blocks/block/trip_wire",
        "0": "block/tripwire"
    },
    "elements": [
        {
            "name": "string model n to s",
            "from": [ 7.800000011920929, 0.0, 0.0 ], 
            "to": [ 8.200000002980232, 0.3999999910593033, 16.0 ], 
            "faces": {
                "north": { "texture": "#0", "uv": [ 0.0, 0.0, 0.3999999910593033, 0.3999999910593033 ] },
                "east": { "texture": "#0", "uv": [ 0.0, 0.0, 16.0, 0.3999999910593033 ] },
                "south": { "texture": "#0", "uv": [ 0.0, 0.0, 0.3999999910593033, 0.3999999910593033 ] },
                "west": { "texture": "#0", "uv": [ 0.0, 0.0, 16.0, 0.3999999910593033 ] },
                "up": { "texture": "#0", "uv": [ 0.0, 0.0, 0.3999999910593033, 16.0 ] },
                "down": { "texture": "#0", "uv": [ 0.0, 0.0, 0.3999999910593033, 16.0 ] }
            }
        }
    ]
}