{
    "__comment": "String model created by Bluecolty for the Harkenburg Texture Pack",
"ambientocclusion": false,
    "textures": {
        "particle": "blocks/block/trip_wire",
        "0": "block/tripwire"
    },
    "elements": [
        {
            "name": "string_model",
            "from": [ 7.799999997019768, 0.0, 0.0 ], 
            "to": [ 8.199999988079071, 0.3999999910593033, 16.0 ], 
            "faces": {
                "north": { "texture": "#0", "uv": [ 0.0, 0.0, 0.3999999910593033, 0.3999999910593033 ] },
                "east": { "texture": "#0", "uv": [ 0.0, 0.0, 16.0, 0.3999999910593033 ] },
                "south": { "texture": "#0", "uv": [ 0.0, 0.0, 0.3999999910593033, 0.3999999910593033 ] },
                "west": { "texture": "#0", "uv": [ 0.0, 0.0, 16.0, 0.3999999910593033 ] },
                "up": { "texture": "#0", "uv": [ 0.0, 0.0, 0.3999999910593033, 16.0 ] },
                "down": { "texture": "#0", "uv": [ 0.0, 0.0, 0.3999999910593033, 16.0 ] }
            }
        },
        {
            "name": "string_model_east",
            "from": [ 8.0, 0.0, 7.799999997019768 ], 
            "to": [ 16.0, 0.3999999910593033, 8.199999988079071 ], 
            "faces": {
                "north": { "texture": "#0", "uv": [ 0.0, 0.0, 8.0, 0.3999999910593033 ] },
                "east": { "texture": "#0", "uv": [ 0.0, 0.0, 0.3999999910593033, 0.3999999910593033 ] },
                "south": { "texture": "#0", "uv": [ 0.0, 0.0, 8.0, 0.3999999910593033 ] },
                "west": { "texture": "#0", "uv": [ 0.0, 0.0, 0.3999999910593033, 0.3999999910593033 ] },
                "up": { "texture": "#0", "uv": [ 0.0, 0.0, 8.0, 0.3999999910593033 ] },
                "down": { "texture": "#0", "uv": [ 0.0, 0.0, 8.0, 0.3999999910593033 ] }
            }
        }
    ]
}