{"credit":"Made with Blockbench","textures":{"staff_black_snake_staff":"3dfantasyweaponscit:item/nongfu/staff_black_snake_staff"},"elements":[{"name":"Box1","from":[7,12,7.75],"to":[9,13.5,8],"faces":{"north":{"uv":[9,2.5,7,4],"texture":"#staff_black_snake_staff"},"east":{"uv":[9,4,8.75,2.5],"rotation":180,"texture":"#staff_black_snake_staff"},"south":{"uv":[7,2.5,9,4],"texture":"#staff_black_snake_staff"},"west":{"uv":[7,2.5,7.25,4],"texture":"#staff_black_snake_staff"},"up":{"uv":[7,2.75,9,2.5],"texture":"#staff_black_snake_staff"},"down":{"uv":[7,3.75,9,4],"texture":"#staff_black_snake_staff"}}},{"name":"Box2","from":[7.25,12.25,7.5],"to":[8.75,13.75,9],"faces":{"north":{"uv":[8.75,2.25,7.25,3.75],"texture":"#staff_black_snake_staff"},"east":{"uv":[8.75,2.25,8.5,3.75],"texture":"#staff_black_snake_staff"},"south":{"uv":[7.25,2.25,8.75,3.75],"texture":"#staff_black_snake_staff"},"west":{"uv":[7.25,2.25,7.5,3.75],"texture":"#staff_black_snake_staff"},"up":{"uv":[7.25,2.5,8.75,2.25],"texture":"#staff_black_snake_staff"},"down":{"uv":[7.25,3.5,8.75,3.75],"texture":"#staff_black_snake_staff"}}},{"name":"Box3","from":[7.25,10.25,8.125],"to":[7.5,11.75,8.375],"faces":{"north":{"uv":[7.5,4.25,7.25,5.75],"texture":"#staff_black_snake_staff"},"east":{"uv":[7.5,5.75,7.25,4.25],"rotation":180,"texture":"#staff_black_snake_staff"},"south":{"uv":[7.25,4.25,7.5,5.75],"texture":"#staff_black_snake_staff"},"west":{"uv":[7.25,4.25,7.5,5.75],"texture":"#staff_black_snake_staff"},"up":{"uv":[7.25,4.5,7.5,4.25],"texture":"#staff_black_snake_staff"},"down":{"uv":[7.25,5.5,7.5,5.75],"texture":"#staff_black_snake_staff"}}},{"name":"Box4","from":[7.25,9.75,8.125],"to":[8.75,10,8.375],"faces":{"north":{"uv":[8.75,6,7.25,6.25],"texture":"#staff_black_snake_staff"},"east":{"uv":[8.75,6.25,8.5,6],"rotation":180,"texture":"#staff_black_snake_staff"},"south":{"uv":[7.25,6,8.75,6.25],"texture":"#staff_black_snake_staff"},"west":{"uv":[7.25,6,7.5,6.25],"texture":"#staff_black_snake_staff"},"up":{"uv":[7.25,6.25,8.75,6],"texture":"#staff_black_snake_staff"},"down":{"uv":[7.25,6,8.75,6.25],"texture":"#staff_black_snake_staff"}}},{"name":"Box5","from":[7.25,9.25,8.125],"to":[7.5,9.75,8.375],"faces":{"north":{"uv":[7.5,6.25,7.25,6.75],"texture":"#staff_black_snake_staff"},"east":{"uv":[7.5,6.75,7.25,6.25],"rotation":180,"texture":"#staff_black_snake_staff"},"south":{"uv":[7.25,6.25,7.5,6.75],"texture":"#staff_black_snake_staff"},"west":{"uv":[7.25,6.25,7.5,6.75],"texture":"#staff_black_snake_staff"},"down":{"uv":[7.25,6.5,7.5,6.75],"texture":"#staff_black_snake_staff"}}},{"name":"Box6","from":[7.5,11.25,8.125],"to":[8.75,11.5,8.375],"faces":{"north":{"uv":[8.75,4.5,7.5,4.75],"texture":"#staff_black_snake_staff"},"south":{"uv":[7.5,4.5,8.75,4.75],"texture":"#staff_black_snake_staff"},"up":{"uv":[7.5,4.75,8.75,4.5],"texture":"#staff_black_snake_staff"},"down":{"uv":[7.5,4.5,8.75,4.75],"texture":"#staff_black_snake_staff"}}},{"name":"Box7","from":[7.5,10.5,8.125],"to":[8.75,10.75,8.375],"faces":{"north":{"uv":[8.75,5.25,7.5,5.5],"texture":"#staff_black_snake_staff"},"south":{"uv":[7.5,5.25,8.75,5.5],"texture":"#staff_black_snake_staff"},"up":{"uv":[7.5,5.5,8.75,5.25],"texture":"#staff_black_snake_staff"},"down":{"uv":[7.5,5.25,8.75,5.5],"texture":"#staff_black_snake_staff"}}},{"name":"Box8","from":[7.5,9.25,8.125],"to":[8.75,9.5,8.375],"faces":{"north":{"uv":[8.75,6.5,7.5,6.75],"texture":"#staff_black_snake_staff"},"east":{"uv":[8.75,6.75,8.5,6.5],"rotation":180,"texture":"#staff_black_snake_staff"},"south":{"uv":[7.5,6.5,8.75,6.75],"texture":"#staff_black_snake_staff"},"up":{"uv":[7.5,6.75,8.75,6.5],"texture":"#staff_black_snake_staff"},"down":{"uv":[7.5,6.5,8.75,6.75],"texture":"#staff_black_snake_staff"}}},{"name":"Box9","from":[7.75,0.25,8],"to":[8.25,12,8.5],"faces":{"north":{"uv":[8.25,4,7.75,15.75],"texture":"#staff_black_snake_staff"},"east":{"uv":[8.25,15.75,8,4],"rotation":180,"texture":"#staff_black_snake_staff"},"south":{"uv":[7.75,4,8.25,15.75],"texture":"#staff_black_snake_staff"},"west":{"uv":[7.75,4,8,15.75],"texture":"#staff_black_snake_staff"},"down":{"uv":[7.75,15.5,8.25,15.75],"texture":"#staff_black_snake_staff"}}},{"name":"Box10","from":[8.5,10.25,8.125],"to":[8.75,11.75,8.375],"faces":{"north":{"uv":[8.75,4.25,8.5,5.75],"texture":"#staff_black_snake_staff"},"east":{"uv":[8.75,5.75,8.5,4.25],"rotation":180,"texture":"#staff_black_snake_staff"},"south":{"uv":[8.5,4.25,8.75,5.75],"texture":"#staff_black_snake_staff"},"west":{"uv":[8.5,4.25,8.75,5.75],"texture":"#staff_black_snake_staff"},"up":{"uv":[8.5,4.5,8.75,4.25],"texture":"#staff_black_snake_staff"},"down":{"uv":[8.5,5.5,8.75,5.75],"texture":"#staff_black_snake_staff"}}},{"name":"Box11","from":[8.5,9.5,8.125],"to":[8.75,9.75,8.375],"faces":{"north":{"uv":[8.75,6.25,8.5,6.5],"texture":"#staff_black_snake_staff"},"east":{"uv":[8.75,6.5,8.5,6.25],"rotation":180,"texture":"#staff_black_snake_staff"},"south":{"uv":[8.5,6.25,8.75,6.5],"texture":"#staff_black_snake_staff"},"west":{"uv":[8.5,6.25,8.75,6.5],"texture":"#staff_black_snake_staff"}}},{"name":"Box1","from":[7,12,8.5],"to":[9,13.5,8.75],"faces":{"north":{"uv":[9,2.5,7,4],"texture":"#staff_black_snake_staff"},"east":{"uv":[9,4,8.75,2.5],"rotation":180,"texture":"#staff_black_snake_staff"},"south":{"uv":[7,2.5,9,4],"texture":"#staff_black_snake_staff"},"west":{"uv":[7,2.5,7.25,4],"texture":"#staff_black_snake_staff"},"up":{"uv":[7,2.75,9,2.5],"texture":"#staff_black_snake_staff"},"down":{"uv":[7,3.75,9,4],"texture":"#staff_black_snake_staff"}}},{"name":"Box9","from":[7.75,12,8],"to":[8.25,12.25,8.5],"faces":{"east":{"uv":[8.25,4,8,4.25],"texture":"#staff_black_snake_staff"},"west":{"uv":[7.75,4,8,4.25],"texture":"#staff_black_snake_staff"}}},{"name":"Box5","from":[7.875,9.25,7.5],"to":[8.125,9.75,7.75],"faces":{"north":{"uv":[7.25,6.25,7.5,6.75],"texture":"#staff_black_snake_staff"},"east":{"uv":[7.5,6.25,7.25,6.75],"texture":"#staff_black_snake_staff"},"south":{"uv":[7.5,6.75,7.25,6.25],"rotation":180,"texture":"#staff_black_snake_staff"},"west":{"uv":[7.25,6.25,7.5,6.75],"texture":"#staff_black_snake_staff"},"down":{"uv":[7.25,6.5,7.5,6.75],"rotation":270,"texture":"#staff_black_snake_staff"}}},{"name":"Box4","from":[7.875,9.75,7.5],"to":[8.125,10,9],"faces":{"north":{"uv":[7.25,6,7.5,6.25],"texture":"#staff_black_snake_staff"},"east":{"uv":[8.75,6,7.25,6.25],"texture":"#staff_black_snake_staff"},"south":{"uv":[8.75,6.25,8.5,6],"rotation":180,"texture":"#staff_black_snake_staff"},"west":{"uv":[7.25,6,8.75,6.25],"texture":"#staff_black_snake_staff"},"up":{"uv":[7.25,6.25,8.75,6],"rotation":90,"texture":"#staff_black_snake_staff"},"down":{"uv":[7.25,6,8.75,6.25],"rotation":270,"texture":"#staff_black_snake_staff"}}},{"name":"Box8","from":[7.875,9.25,7.75],"to":[8.125,9.5,9],"faces":{"east":{"uv":[8.75,6.5,7.5,6.75],"texture":"#staff_black_snake_staff"},"south":{"uv":[8.75,6.75,8.5,6.5],"rotation":180,"texture":"#staff_black_snake_staff"},"west":{"uv":[7.5,6.5,8.75,6.75],"texture":"#staff_black_snake_staff"},"up":{"uv":[7.5,6.75,8.75,6.5],"rotation":90,"texture":"#staff_black_snake_staff"},"down":{"uv":[7.5,6.5,8.75,6.75],"rotation":270,"texture":"#staff_black_snake_staff"}}},{"name":"Box11","from":[7.875,9.5,8.75],"to":[8.125,9.75,9],"faces":{"north":{"uv":[8.5,6.25,8.75,6.5],"texture":"#staff_black_snake_staff"},"east":{"uv":[8.75,6.25,8.5,6.5],"texture":"#staff_black_snake_staff"},"south":{"uv":[8.75,6.5,8.5,6.25],"rotation":180,"texture":"#staff_black_snake_staff"},"west":{"uv":[8.5,6.25,8.75,6.5],"texture":"#staff_black_snake_staff"}}},{"name":"Box10","from":[7.875,10.25,8.75],"to":[8.125,11.75,9],"faces":{"north":{"uv":[8.5,4.25,8.75,5.75],"texture":"#staff_black_snake_staff"},"east":{"uv":[8.75,4.25,8.5,5.75],"texture":"#staff_black_snake_staff"},"south":{"uv":[8.75,5.75,8.5,4.25],"rotation":180,"texture":"#staff_black_snake_staff"},"west":{"uv":[8.5,4.25,8.75,5.75],"texture":"#staff_black_snake_staff"},"up":{"uv":[8.5,4.5,8.75,4.25],"rotation":90,"texture":"#staff_black_snake_staff"},"down":{"uv":[8.5,5.5,8.75,5.75],"rotation":270,"texture":"#staff_black_snake_staff"}}},{"name":"Box7","from":[7.875,10.5,7.75],"to":[8.125,10.75,9],"faces":{"east":{"uv":[8.75,5.25,7.5,5.5],"texture":"#staff_black_snake_staff"},"west":{"uv":[7.5,5.25,8.75,5.5],"texture":"#staff_black_snake_staff"},"up":{"uv":[7.5,5.5,8.75,5.25],"rotation":90,"texture":"#staff_black_snake_staff"},"down":{"uv":[7.5,5.25,8.75,5.5],"rotation":270,"texture":"#staff_black_snake_staff"}}},{"name":"Box6","from":[7.875,11.25,7.75],"to":[8.125,11.5,9],"faces":{"east":{"uv":[8.75,4.5,7.5,4.75],"texture":"#staff_black_snake_staff"},"west":{"uv":[7.5,4.5,8.75,4.75],"texture":"#staff_black_snake_staff"},"up":{"uv":[7.5,4.75,8.75,4.5],"rotation":90,"texture":"#staff_black_snake_staff"},"down":{"uv":[7.5,4.5,8.75,4.75],"rotation":270,"texture":"#staff_black_snake_staff"}}},{"name":"Box3","from":[7.875,10.25,7.5],"to":[8.125,11.75,7.75],"faces":{"north":{"uv":[7.25,4.25,7.5,5.75],"texture":"#staff_black_snake_staff"},"east":{"uv":[7.5,4.25,7.25,5.75],"texture":"#staff_black_snake_staff"},"south":{"uv":[7.5,5.75,7.25,4.25],"rotation":180,"texture":"#staff_black_snake_staff"},"west":{"uv":[7.25,4.25,7.5,5.75],"texture":"#staff_black_snake_staff"},"up":{"uv":[7.25,4.5,7.5,4.25],"rotation":90,"texture":"#staff_black_snake_staff"},"down":{"uv":[7.25,5.5,7.5,5.75],"rotation":270,"texture":"#staff_black_snake_staff"}}}],"display":{"thirdperson_righthand":{"rotation":[0,-90,0],"translation":[0.75,0,1.5],"scale":[3,3,3]},"thirdperson_lefthand":{"rotation":[0,90,0],"translation":[-0.75,0,1.5],"scale":[3,3,3]},"firstperson_righthand":{"rotation":[0,-90,0],"translation":[0,3.5,0],"scale":[2,2,2]},"firstperson_lefthand":{"rotation":[0,90,0],"translation":[0,3.5,0],"scale":[2,2,2]},"ground":{"rotation":[0,0,-45],"translation":[0,2,0]},"gui":{"rotation":[0,0,-45],"scale":[1.3,1.3,1.3]},"fixed":{"rotation":[0,-180,-45],"scale":[1.6,1.6,1]}}}