{"credit":"Made with Blockbench","textures":{"0":"newtrees:block/cherry/log","1":"newtrees:block/cherry/log_top","particle":"newtrees:block/cherry/log"},"elements":[{"from":[3,0,3],"to":[13,16,13],"faces":{"north":{"uv":[0,0,8,16],"texture":"#0"},"east":{"uv":[0,0,8,16],"texture":"#0"},"south":{"uv":[0,0,8,16],"texture":"#0"},"west":{"uv":[0,0,8,16],"texture":"#0"},"up":{"uv":[0,0,16,16],"texture":"#1"},"down":{"uv":[0,0,16,16],"texture":"#1"}}}],"display":{"thirdperson_righthand":{"rotation":[75,45,0],"translation":[0,2.5,0],"scale":[0.375,0.375,0.375]},"firstperson_righthand":{"rotation":[0,45,0],"scale":[0.4,0.4,0.4]},"firstperson_lefthand":{"rotation":[0,225,0],"scale":[0.4,0.4,0.4]},"ground":{"translation":[0,3,0],"scale":[0.25,0.25,0.25]},"gui":{"rotation":[30,225,0],"scale":[0.625,0.625,0.625]},"fixed":{"scale":[0.5,0.5,0.5]}}}