{   
	"parent": "block/blast_furnace",
    "display": {
        "gui": {
            "rotation": [ 30, 135, 0 ],
            "translation": [ 0, 0, 0],
            "scale":[ 0.7, 0.7, 0.7 ]
        },
        "fixed": {
            "rotation": [ 0, 90, 0 ],
            "translation": [ 0, 0, 0],
            "scale":[ 0.5, 0.5, 0.5 ]
        },
		"head": {
            "rotation": [ 0, 90, 0 ],
            "translation": [ 0, 13, 0],
            "scale":[ 1.4, 1.4, 1.4 ]
        },
		"thirdperson_righthand": {
            "rotation": [ 0, 90, 0 ],
            "translation": [ 0, 0, 0],
            "scale":[ 0.4, 0.4, 0.4 ]
        },
		"thirdperson_lefthand": {
            "rotation": [ 0, 90, 0 ],
            "translation": [ 0, 0, 0],
            "scale":[ 0.4, 0.4, 0.4 ]
        },
		"firstperson_righthand": {
            "rotation": [ 0, 90, 0 ],
            "translation": [ 0, 0, 0],
            "scale":[ 0.4, 0.4, 0.4 ]
        },
		"firstperson_lefthand": {
            "rotation": [ 0, 90, 0 ],
            "translation": [ 0, 0, 0],
            "scale":[ 0.4, 0.4, 0.4 ]
        },
		"ground": {
            "rotation": [ 0, 90, 0 ],
            "translation": [ 0, 0, 0],
            "scale":[ 0.4, 0.4, 0.4 ]
        }
    },
    "ambientocclusion": false,
    "textures": {
        "particle": "block/blast_furnace"
    }
}