{
	"credit": "Made with Blockbench",
	"texture_size": [32, 16],
	"textures": {
		"1": "items/texturedmaterials1",
		"4": "items/extras/material_hellfire",
		"particle": "items/rgbsheet1"
	},
	"elements": [
		{
			"from": [0, 11.5, 4],
			"to": [5, 12, 4.5625],
			"faces": {
				"north": {"uv": [0, 12, 4, 13.5], "texture": "#4"},
				"east": {"uv": [10.75, 10.5, 14.75, 12], "texture": "#4"},
				"south": {"uv": [0, 11.75, 5.5, 13.25], "texture": "#4"},
				"west": {"uv": [0.5, 11.75, 4.5, 13.25], "texture": "#4"},
				"up": {"uv": [1.5, 11.75, 5.5, 13.25], "texture": "#4"},
				"down": {"uv": [0.25, 11.5, 4.25, 13], "texture": "#4"}
			}
		},
		{
			"from": [2.0625, 11.25, 4],
			"to": [4.0625, 11.75, 4.5625],
			"rotation": {"angle": 45, "axis": "z", "origin": [2.0625, 11.75, 4]},
			"faces": {
				"north": {"uv": [0, 12, 4, 13.5], "texture": "#4"},
				"east": {"uv": [10.75, 10.5, 14.75, 12], "texture": "#4"},
				"south": {"uv": [1, 12, 5, 13.5], "texture": "#4"},
				"west": {"uv": [10.75, 10.5, 14.75, 12], "texture": "#4"},
				"up": {"uv": [1.5, 11.75, 5.5, 13.25], "texture": "#4"},
				"down": {"uv": [1.5, 11.5, 5.5, 13], "texture": "#4"}
			}
		},
		{
			"from": [3.375, 12.5625, 4],
			"to": [5, 13.125, 4.5625],
			"faces": {
				"north": {"uv": [2, 5, 6, 6.5], "texture": "#4"},
				"east": {"uv": [2, 5, 6, 6.5], "texture": "#4"},
				"south": {"uv": [2, 5, 4, 6.5], "texture": "#4"},
				"west": {"uv": [2, 5, 6, 6.5], "texture": "#4"},
				"up": {"uv": [0, 12, 4, 13.5], "texture": "#4"},
				"down": {"uv": [2, 5, 6, 6.5], "texture": "#4"}
			}
		},
		{
			"from": [0.375, 12, 4],
			"to": [0.6875, 12.75, 4.5625],
			"faces": {
				"north": {"uv": [2.25, 11.5, 6.25, 13], "texture": "#4"},
				"east": {"uv": [2.25, 11.5, 6.25, 13], "texture": "#4"},
				"south": {"uv": [2, 12, 2.3125, 12.75], "texture": "#4"},
				"west": {"uv": [2.25, 11.5, 6.25, 13], "texture": "#4"},
				"up": {"uv": [2.25, 11.5, 6.25, 13], "texture": "#4"},
				"down": {"uv": [2.25, 11.5, 6.25, 13], "texture": "#4"}
			}
		},
		{
			"from": [0.4375, 11.6875, 4],
			"to": [0.75, 12.625, 4.5625],
			"rotation": {"angle": 45, "axis": "z", "origin": [0.4375, 12.625, 4]},
			"faces": {
				"north": {"uv": [2.25, 11.75, 5.75, 13], "texture": "#4"},
				"east": {"uv": [2.25, 11.75, 5.75, 13], "texture": "#4"},
				"south": {"uv": [2.25, 11.75, 5.75, 13], "texture": "#4"},
				"west": {"uv": [2.25, 11.75, 5.75, 13], "texture": "#4"},
				"up": {"uv": [2.25, 11.75, 5.75, 13], "texture": "#4"},
				"down": {"uv": [2.25, 11.75, 5.75, 13], "texture": "#4"}
			}
		},
		{
			"from": [5.0625, 12.375, 3.8125],
			"to": [8.0625, 13.375, 4.75],
			"faces": {
				"north": {"uv": [12, 0, 16, 1.5], "texture": "#4"},
				"east": {"uv": [12, 0, 16, 1.5], "texture": "#4"},
				"south": {"uv": [12, 0, 16, 1.5], "texture": "#4"},
				"west": {"uv": [12, 0, 16, 1.5], "texture": "#4"},
				"up": {"uv": [12, 0, 16, 1.5], "texture": "#4"},
				"down": {"uv": [12, 0, 16, 1.5], "texture": "#4"}
			}
		},
		{
			"from": [7.0625, 11.375, 3.5],
			"to": [8.9375, 12.4375, 5],
			"faces": {
				"north": {"uv": [13, 0, 16, 1.5], "texture": "#4"},
				"east": {"uv": [13, 0, 16, 1.5], "texture": "#4"},
				"south": {"uv": [13, 0, 16, 1.5], "texture": "#4"},
				"west": {"uv": [13, 0, 16, 1.5], "texture": "#4"},
				"up": {"uv": [13, 0, 16, 1.5], "texture": "#4"},
				"down": {"uv": [13, 0, 16, 1.5], "texture": "#4"}
			}
		},
		{
			"from": [8.0625, 12.5, 3.775],
			"to": [9.4125, 13.4, 4.7875],
			"faces": {
				"north": {"uv": [5.75, 0.25, 7, 1.75], "texture": "#4"},
				"east": {"uv": [5.75, 0.25, 7, 1.75], "texture": "#4"},
				"south": {"uv": [5.75, 0.25, 7, 1.75], "texture": "#4"},
				"west": {"uv": [5.75, 0.25, 7, 1.75], "texture": "#4"},
				"up": {"uv": [5.75, 0.25, 7, 1.75], "texture": "#4"},
				"down": {"uv": [5.75, 0.25, 7, 1.75], "texture": "#4"}
			}
		},
		{
			"from": [9.3125, 12.5, 3.8125],
			"to": [14, 13.375, 4.75],
			"faces": {
				"north": {"uv": [0, 4, 10, 6.25], "texture": "#4"},
				"east": {"uv": [0, 4, 10, 6.25], "texture": "#4"},
				"south": {"uv": [0, 4, 10, 6.25], "texture": "#4"},
				"west": {"uv": [0, 4, 10, 6.25], "texture": "#4"},
				"up": {"uv": [0, 4, 10, 6.25], "texture": "#4"},
				"down": {"uv": [0, 4, 10, 6.25], "texture": "#4"}
			}
		},
		{
			"from": [8.9375, 11.4375, 3.5],
			"to": [14.625, 12.5, 5],
			"faces": {
				"north": {"uv": [0, 6, 10.25, 8.75], "texture": "#4"},
				"east": {"uv": [0, 6, 10.25, 8.75], "texture": "#4"},
				"south": {"uv": [0, 6, 10.25, 8.75], "texture": "#4"},
				"west": {"uv": [0, 6, 10.25, 8.75], "texture": "#4"},
				"up": {"uv": [0, 6, 10.25, 8.75], "texture": "#4"},
				"down": {"uv": [0, 6, 10.25, 8.75], "texture": "#4"}
			}
		},
		{
			"from": [13, 10.1875, 3.75],
			"to": [13.375, 11.5625, 4.75],
			"rotation": {"angle": 22.5, "axis": "z", "origin": [13, 11.5625, 3.75]},
			"color": 2,
			"faces": {
				"north": {"uv": [8, 8, 16, 12], "texture": "#missing"},
				"east": {"uv": [8, 8, 16, 12], "texture": "#missing"},
				"south": {"uv": [8, 8, 16, 12], "texture": "#missing"},
				"west": {"uv": [8, 8, 16, 12], "texture": "#missing"},
				"up": {"uv": [8, 8, 16, 12], "texture": "#missing"},
				"down": {"uv": [8, 8, 16, 12], "texture": "#missing"}
			}
		},
		{
			"from": [13, 10.1875, 3.75],
			"to": [13.375, 11.5625, 4.75],
			"rotation": {"angle": 22.5, "axis": "z", "origin": [13, 11.5625, 3.75]},
			"faces": {
				"north": {"uv": [8, 8, 16, 12], "texture": "#1"},
				"east": {"uv": [8, 8, 16, 12], "texture": "#1"},
				"south": {"uv": [8, 8, 16, 12], "texture": "#1"},
				"west": {"uv": [8, 8, 16, 12], "texture": "#1"},
				"up": {"uv": [8, 8, 16, 12], "texture": "#1"},
				"down": {"uv": [8, 8, 16, 12], "texture": "#1"}
			}
		},
		{
			"from": [13.4375, 9.625, 3.75],
			"to": [14.375, 11.5625, 4.75],
			"rotation": {"angle": 22.5, "axis": "z", "origin": [13.4375, 11.5625, 3.75]},
			"faces": {
				"north": {"uv": [7.5, 3.25, 10, 8], "texture": "#4"},
				"east": {"uv": [7.5, 3.25, 10, 8], "texture": "#4"},
				"south": {"uv": [7.5, 3.25, 10, 8], "texture": "#4"},
				"west": {"uv": [7.5, 3.25, 10, 8], "texture": "#4"},
				"up": {"uv": [7.5, 3.25, 10, 8], "texture": "#4"},
				"down": {"uv": [7.5, 3.25, 10, 8], "texture": "#4"}
			}
		},
		{
			"from": [10.6875, 9.625, 3.75],
			"to": [12.125, 12, 4.75],
			"rotation": {"angle": -22.5, "axis": "z", "origin": [10.6875, 12, 3.75]},
			"faces": {
				"north": {"uv": [0.5, 4.25, 2.5, 8.75], "rotation": 90, "texture": "#4"},
				"east": {"uv": [0, 11.5, 4.5, 13.5], "texture": "#4"},
				"south": {"uv": [0.25, 3.25, 2.5, 8.75], "texture": "#4"},
				"west": {"uv": [0, 11.25, 4, 13.25], "texture": "#4"},
				"up": {"uv": [8, 12, 16, 16], "texture": "#4"},
				"down": {"uv": [0, 11.75, 3.5, 12.75], "texture": "#4"}
			}
		},
		{
			"from": [5, 11.375, 3.5],
			"to": [7.0625, 12.375, 5],
			"faces": {
				"north": {"uv": [13, 0, 16, 1.5], "texture": "#4"},
				"east": {"uv": [13, 0, 16, 1.5], "texture": "#4"},
				"south": {"uv": [13, 0, 16, 1.5], "texture": "#4"},
				"west": {"uv": [13, 0, 16, 1.5], "texture": "#4"},
				"up": {"uv": [13, 0, 16, 1.5], "texture": "#4"},
				"down": {"uv": [13, 0, 16, 1.5], "texture": "#4"}
			}
		},
		{
			"from": [14.125, 9.5, 3.75],
			"to": [15.125, 9.75, 4.75],
			"rotation": {"angle": 22.5, "axis": "z", "origin": [14.125, 9.75, 3.75]},
			"faces": {
				"north": {"uv": [7.5, 3.25, 10, 8], "texture": "#4"},
				"east": {"uv": [7.5, 3.25, 10, 8], "texture": "#4"},
				"south": {"uv": [7.5, 3.25, 10, 8], "texture": "#4"},
				"west": {"uv": [7.5, 3.25, 10, 8], "texture": "#4"},
				"up": {"uv": [7.5, 3.25, 10, 8], "texture": "#4"},
				"down": {"uv": [2.25, 12.25, 4.75, 13.25], "texture": "#4"}
			}
		},
		{
			"from": [10.15, 8.3125, 3.85],
			"to": [11.5875, 10.4375, 4.65],
			"rotation": {"angle": -45, "axis": "z", "origin": [10.25, 10.4375, 3.75]},
			"faces": {
				"north": {"uv": [0.5, 4.25, 2.5, 8.75], "texture": "#4"},
				"east": {"uv": [0, 11.5, 4.5, 13.5], "texture": "#4"},
				"south": {"uv": [0.25, 3.25, 2.5, 8.75], "texture": "#4"},
				"west": {"uv": [0, 11, 2.5, 13], "texture": "#4"},
				"up": {"uv": [0, 14, 1.4375, 16.125], "texture": "#4"},
				"down": {"uv": [0, 11, 1.4375, 13.125], "texture": "#4"}
			}
		},
		{
			"from": [13.5625, 12, 3.9125],
			"to": [14.0625, 13, 4.65],
			"rotation": {"angle": 45, "axis": "z", "origin": [13.5625, 13, 3.8125]},
			"faces": {
				"north": {"uv": [0.5, 8, 2.5, 9], "texture": "#4"},
				"east": {"uv": [13.5, 0, 16, 1], "texture": "#4"},
				"south": {"uv": [7.25, 9.5, 9.25, 10.25], "texture": "#4"},
				"west": {"uv": [8, 12, 16, 16], "texture": "#missing"},
				"up": {"uv": [8, 12, 16, 16], "texture": "#missing"},
				"down": {"uv": [8, 12, 16, 16], "texture": "#missing"}
			}
		},
		{
			"from": [14.5625, 11.625, 3.7125],
			"to": [16, 12.625, 4.9125],
			"faces": {
				"north": {"uv": [5, 11.75, 8, 13.75], "texture": "#4"},
				"east": {"uv": [6.75, 11.25, 9.75, 13.25], "texture": "#4"},
				"south": {"uv": [7, 9.5, 10, 11], "texture": "#4"},
				"west": {"uv": [6.75, 11.25, 9.75, 13.25], "texture": "#4"},
				"up": {"uv": [6.75, 11.25, 9.75, 13.25], "texture": "#4"},
				"down": {"uv": [6.75, 11.25, 9.75, 13.25], "texture": "#4"}
			}
		},
		{
			"from": [16, 11.475, 3.8125],
			"to": [19.625, 12.375, 4.8125],
			"rotation": {"angle": -22.5, "axis": "z", "origin": [16, 12.375, 3.8125]},
			"faces": {
				"north": {"uv": [7, 10.25, 10, 11], "texture": "#4"},
				"east": {"uv": [0.5, 11.25, 3.5, 12], "texture": "#4"},
				"south": {"uv": [7, 9.25, 10, 11], "texture": "#4"},
				"west": {"uv": [7, 10.25, 10, 11], "texture": "#4"},
				"up": {"uv": [7, 10.25, 10, 11], "texture": "#4"},
				"down": {"uv": [7, 10.25, 10, 11], "texture": "#4"}
			}
		},
		{
			"from": [15.6875, 11.375, 3.875],
			"to": [19.3125, 12.5625, 4.75],
			"faces": {
				"north": {"uv": [5, 11.75, 8, 13.75], "texture": "#4"},
				"east": {"uv": [0.5, 11.25, 3.5, 13.25], "texture": "#4"},
				"south": {"uv": [7, 9.5, 10, 11], "texture": "#4"},
				"west": {"uv": [6.75, 11.25, 9.75, 13.25], "texture": "#4"},
				"up": {"uv": [1, 11.5, 4, 13.5], "texture": "#4"},
				"down": {"uv": [0, 11.25, 3, 13.25], "texture": "#4"}
			}
		},
		{
			"from": [18.25, 10.875, 3.975],
			"to": [19.3125, 11.4375, 4.65],
			"faces": {
				"north": {"uv": [5, 11.75, 8, 13.75], "texture": "#4"},
				"east": {"uv": [0.5, 11.25, 3.5, 13.25], "texture": "#4"},
				"south": {"uv": [7.75, 8.75, 10.75, 10.25], "texture": "#4"},
				"west": {"uv": [6.75, 11.25, 9.75, 13.25], "texture": "#4"},
				"up": {"uv": [6.75, 11.25, 9.75, 13.25], "texture": "#4"},
				"down": {"uv": [6.75, 11.25, 9.75, 13.25], "texture": "#4"}
			}
		},
		{
			"from": [0.4375, 12.625, 4.125],
			"to": [0.6875, 13.6875, 4.5],
			"faces": {
				"north": {"uv": [0.5, 11.25, 4.5, 12.75], "texture": "#4"},
				"east": {"uv": [0.5, 11.25, 4.5, 12.75], "texture": "#4"},
				"south": {"uv": [0.5, 11.25, 4.5, 12.75], "texture": "#4"},
				"west": {"uv": [0.5, 11.25, 4.5, 12.75], "texture": "#4"},
				"up": {"uv": [0.5, 11.25, 4.5, 12.75], "texture": "#4"},
				"down": {"uv": [0.5, 11.25, 4.5, 12.75], "texture": "#4"}
			}
		}
	],
	"display": {
		"thirdperson_righthand": {
			"rotation": [90, -90, 90],
			"translation": [-6.75, -5.25, -8],
			"scale": [1.4, 1.4, 1.4]
		},
		"thirdperson_lefthand": {
			"rotation": [-113, 85, 115],
			"translation": [-7, -3.5, -4.5],
			"scale": [1.4, 1.4, 1.4]
		},
		"firstperson_righthand": {
			"rotation": [0, -95, 0],
			"translation": [-5.67, 0.38, 0.94],
			"scale": [0.85, 1.07, 0.82]
		},
		"firstperson_lefthand": {
			"rotation": [0, 90, 0],
			"translation": [-6, 1.5, 7],
			"scale": [0.85, 1.07, 0.82]
		},
		"ground": {
			"rotation": [0, -7, -41],
			"translation": [-1.89, -3.02, 2.27]
		},
		"gui": {
			"rotation": [-27, 133, 3],
			"translation": [3.4, -3.21, 0]
		},
		"head": {
			"rotation": [-7, 6, -51],
			"translation": [-8.13, -14.36, 12.85],
			"scale": [2, 2, 2]
		},
		"fixed": {
			"rotation": [0, 0, -34],
			"translation": [-3.4, -0.9, 2.8]
		}
	}
}