{
	"credit": "Made with Blockbench",
	"textures": {
		"0": "items/rgbsheet1",
		"1": "items/glasspanetexture",
		"2": "items/qavassets1",
		"3": "items/qavlicenseplates",
		"4": "items/candillacrojo",
		"5": "items/qavassets4",
		"particle": "items/rgbsheet1"
	},
	"elements": [
		{
			"from": [0, 3.5, 32],
			"to": [0.75, 7.25, 32],
			"faces": {
				"north": {"uv": [4, 6, 5, 7], "texture": "#0"},
				"east": {"uv": [4, 6, 5, 7], "texture": "#0"},
				"south": {"uv": [4, 6, 5, 7], "texture": "#0"},
				"west": {"uv": [4, 6, 5, 7], "texture": "#0"},
				"up": {"uv": [4, 6, 5, 7], "texture": "#0"},
				"down": {"uv": [4, 6, 5, 7], "texture": "#0"}
			}
		},
		{
			"from": [15.25, 3.5, 32],
			"to": [16, 7.25, 32],
			"faces": {
				"north": {"uv": [4, 6, 5, 7], "texture": "#0"},
				"east": {"uv": [4, 6, 5, 7], "texture": "#0"},
				"south": {"uv": [4, 6, 5, 7], "texture": "#0"},
				"west": {"uv": [4, 6, 5, 7], "texture": "#0"},
				"up": {"uv": [4, 6, 5, 7], "texture": "#0"},
				"down": {"uv": [4, 6, 5, 7], "texture": "#0"}
			}
		},
		{
			"from": [-0.01, 1, 19.5],
			"to": [0.74, 9.75, 31.99],
			"faces": {
				"north": {"uv": [8, 4, 16, 8], "texture": "#4"},
				"east": {"uv": [8, 4, 16, 8], "texture": "#4"},
				"south": {"uv": [8, 4, 16, 8], "texture": "#4"},
				"west": {"uv": [8, 4, 16, 8], "texture": "#4"},
				"up": {"uv": [8, 4, 16, 8], "texture": "#4"},
				"down": {"uv": [8, 4, 16, 8], "texture": "#4"}
			}
		},
		{
			"from": [-0.01, 9.75, 23.5],
			"to": [0.74, 10.75, 31.99],
			"faces": {
				"north": {"uv": [8, 4, 16, 8], "texture": "#4"},
				"east": {"uv": [8, 4, 16, 8], "texture": "#4"},
				"south": {"uv": [8, 4, 16, 8], "texture": "#4"},
				"west": {"uv": [8, 4, 16, 8], "texture": "#4"},
				"up": {"uv": [8, 4, 16, 8], "texture": "#4"},
				"down": {"uv": [8, 4, 16, 8], "texture": "#4"}
			}
		},
		{
			"from": [-0.01, 10.75, 27.5],
			"to": [0.74, 11.75, 31.99],
			"rotation": {"angle": 0, "axis": "y", "origin": [8, 9, 8]},
			"faces": {
				"north": {"uv": [8, 4, 16, 8], "texture": "#4"},
				"east": {"uv": [8, 4, 16, 8], "texture": "#4"},
				"south": {"uv": [8, 4, 16, 8], "texture": "#4"},
				"west": {"uv": [8, 4, 16, 8], "texture": "#4"},
				"up": {"uv": [8, 4, 16, 8], "texture": "#4"},
				"down": {"uv": [8, 4, 16, 8], "texture": "#4"}
			}
		},
		{
			"from": [15.25, 1, 19.5],
			"to": [16, 9.75, 31.99],
			"faces": {
				"north": {"uv": [8, 4, 16, 8], "texture": "#4"},
				"east": {"uv": [8, 4, 16, 8], "texture": "#4"},
				"south": {"uv": [8, 4, 16, 8], "texture": "#4"},
				"west": {"uv": [8, 4, 16, 8], "texture": "#4"},
				"up": {"uv": [8, 4, 16, 8], "texture": "#4"},
				"down": {"uv": [8, 4, 16, 8], "texture": "#4"}
			}
		},
		{
			"from": [15.25, 9.75, 23.5],
			"to": [16, 10.75, 31.99],
			"faces": {
				"north": {"uv": [8, 4, 16, 8], "texture": "#4"},
				"east": {"uv": [8, 4, 16, 8], "texture": "#4"},
				"south": {"uv": [8, 4, 16, 8], "texture": "#4"},
				"west": {"uv": [8, 4, 16, 8], "texture": "#4"},
				"up": {"uv": [8, 4, 16, 8], "texture": "#4"},
				"down": {"uv": [8, 4, 16, 8], "texture": "#4"}
			}
		},
		{
			"from": [15.25, 10.75, 27.5],
			"to": [16, 11.75, 31.99],
			"rotation": {"angle": 0, "axis": "y", "origin": [8, 9, 8]},
			"faces": {
				"north": {"uv": [8, 4, 16, 8], "texture": "#4"},
				"east": {"uv": [8, 4, 16, 8], "texture": "#4"},
				"south": {"uv": [8, 4, 16, 8], "texture": "#4"},
				"west": {"uv": [8, 4, 16, 8], "texture": "#4"},
				"up": {"uv": [8, 4, 16, 8], "texture": "#4"},
				"down": {"uv": [8, 4, 16, 8], "texture": "#4"}
			}
		},
		{
			"from": [-0.01, 1, -5.75],
			"to": [0.24, 8.75, 7],
			"faces": {
				"north": {"uv": [8, 4, 16, 8], "texture": "#4"},
				"east": {"uv": [8, 4, 16, 8], "texture": "#4"},
				"south": {"uv": [8, 4, 16, 8], "texture": "#4"},
				"west": {"uv": [8, 4, 16, 8], "texture": "#4"},
				"up": {"uv": [8, 4, 16, 8], "texture": "#4"},
				"down": {"uv": [8, 4, 16, 8], "texture": "#4"}
			}
		},
		{
			"from": [15.75, 1, -5.5],
			"to": [16, 8.75, 7],
			"faces": {
				"north": {"uv": [8, 4, 16, 8], "texture": "#4"},
				"east": {"uv": [8, 4, 16, 8], "texture": "#4"},
				"south": {"uv": [8, 4, 16, 8], "texture": "#4"},
				"west": {"uv": [8, 4, 16, 8], "texture": "#4"},
				"up": {"uv": [8, 4, 16, 8], "texture": "#4"},
				"down": {"uv": [8, 4, 16, 8], "texture": "#4"}
			}
		},
		{
			"from": [0, 13.5, -3.5],
			"to": [16, 14.25, -2.5],
			"faces": {
				"north": {"uv": [8, 4, 16, 8], "texture": "#4"},
				"east": {"uv": [8, 4, 16, 8], "texture": "#4"},
				"south": {"uv": [8, 4, 16, 8], "texture": "#4"},
				"west": {"uv": [8, 4, 16, 8], "texture": "#4"},
				"up": {"uv": [8, 4, 16, 8], "texture": "#4"},
				"down": {"uv": [8, 4, 16, 8], "texture": "#4"}
			}
		},
		{
			"from": [14, 5.5, -4.25],
			"to": [16, 14.25, -3.75],
			"rotation": {"angle": 22.5, "axis": "x", "origin": [22, 11.5, -4]},
			"faces": {
				"north": {"uv": [8, 4, 16, 8], "texture": "#4"},
				"east": {"uv": [8, 4, 16, 8], "texture": "#4"},
				"south": {"uv": [8, 4, 16, 8], "texture": "#4"},
				"west": {"uv": [8, 4, 16, 8], "texture": "#4"},
				"up": {"uv": [8, 4, 16, 8], "texture": "#4"},
				"down": {"uv": [8, 4, 16, 8], "texture": "#4"}
			}
		},
		{
			"from": [2, 7, -4.25],
			"to": [14, 14.25, -3.75],
			"rotation": {"angle": 22.5, "axis": "x", "origin": [10, 11.5, -4]},
			"faces": {
				"north": {"uv": [0, 0, 16, 16], "rotation": 180, "texture": "#1"},
				"east": {"uv": [0, 0, 16, 16], "rotation": 180, "texture": "#1"},
				"south": {"uv": [0, 0, 16, 16], "rotation": 180, "texture": "#1"},
				"west": {"uv": [0, 0, 16, 16], "rotation": 180, "texture": "#1"},
				"up": {"uv": [0, 0, 16, 16], "rotation": 180, "texture": "#1"},
				"down": {"uv": [0, 0, 16, 16], "rotation": 180, "texture": "#1"}
			}
		},
		{
			"from": [0, 5.5, -4.25],
			"to": [2, 14.25, -3.75],
			"rotation": {"angle": 22.5, "axis": "x", "origin": [8, 11.5, -4]},
			"faces": {
				"north": {"uv": [8, 4, 16, 8], "texture": "#4"},
				"east": {"uv": [8, 4, 16, 8], "texture": "#4"},
				"south": {"uv": [8, 4, 16, 8], "texture": "#4"},
				"west": {"uv": [8, 4, 16, 8], "texture": "#4"},
				"up": {"uv": [8, 4, 16, 8], "texture": "#4"},
				"down": {"uv": [8, 4, 16, 8], "texture": "#4"}
			}
		},
		{
			"from": [0, 0.25, 31.5],
			"to": [15.75, 2, 32],
			"faces": {
				"north": {"uv": [13, 14, 14, 15], "texture": "#0"},
				"east": {"uv": [13, 14, 14, 15], "texture": "#0"},
				"south": {"uv": [13, 14, 14, 15], "texture": "#0"},
				"west": {"uv": [13, 14, 14, 15], "texture": "#0"},
				"up": {"uv": [13, 14, 14, 15], "texture": "#0"},
				"down": {"uv": [13, 14, 14, 15], "texture": "#0"}
			}
		},
		{
			"from": [0.75, 8.25, 17.25],
			"to": [15.25, 9, 25.25],
			"faces": {
				"north": {"uv": [8, 4, 16, 8], "texture": "#4"},
				"east": {"uv": [8, 4, 16, 8], "texture": "#4"},
				"south": {"uv": [8, 4, 16, 8], "texture": "#4"},
				"west": {"uv": [8, 4, 16, 8], "texture": "#4"},
				"up": {"uv": [8, 4, 16, 8], "texture": "#4"},
				"down": {"uv": [8, 4, 16, 8], "texture": "#4"}
			}
		},
		{
			"from": [0.75, 7.5, 18.75],
			"to": [15.25, 8.25, 28.25],
			"faces": {
				"north": {"uv": [8, 4, 16, 8], "texture": "#4"},
				"east": {"uv": [8, 4, 16, 8], "texture": "#4"},
				"south": {"uv": [8, 4, 16, 8], "texture": "#4"},
				"west": {"uv": [8, 4, 16, 8], "texture": "#4"},
				"up": {"uv": [8, 4, 16, 8], "texture": "#4"},
				"down": {"uv": [8, 4, 16, 8], "texture": "#4"}
			}
		},
		{
			"from": [0, 7, 16],
			"to": [15.75, 10.25, 19.5],
			"faces": {
				"north": {"uv": [8, 4, 16, 8], "texture": "#4"},
				"east": {"uv": [8, 4, 16, 8], "texture": "#4"},
				"south": {"uv": [8, 4, 16, 8], "texture": "#4"},
				"west": {"uv": [8, 4, 16, 8], "texture": "#4"},
				"up": {"uv": [8, 4, 16, 8], "texture": "#4"},
				"down": {"uv": [8, 4, 16, 8], "texture": "#4"}
			}
		},
		{
			"from": [0, 0.75, 16],
			"to": [15.75, 7.5, 31.75],
			"faces": {
				"north": {"uv": [8, 4, 16, 8], "texture": "#4"},
				"east": {"uv": [8, 4, 16, 8], "texture": "#4"},
				"south": {"uv": [8, 4, 16, 8], "texture": "#4"},
				"west": {"uv": [8, 4, 16, 8], "texture": "#4"},
				"up": {"uv": [8, 4, 16, 8], "texture": "#4"},
				"down": {"uv": [8, 4, 16, 8], "texture": "#4"}
			}
		},
		{
			"from": [1.75, 5.5, -6.25],
			"to": [14.25, 7.5, -4],
			"faces": {
				"north": {"uv": [8, 4, 16, 8], "texture": "#4"},
				"east": {"uv": [8, 4, 16, 8], "texture": "#4"},
				"south": {"uv": [8, 4, 16, 8], "texture": "#4"},
				"west": {"uv": [8, 4, 16, 8], "texture": "#4"},
				"up": {"uv": [8, 4, 16, 8], "texture": "#4"},
				"down": {"uv": [8, 4, 16, 8], "texture": "#4"}
			}
		},
		{
			"from": [5.25, 5.75, -4.75],
			"to": [9, 7.25, -3.25],
			"faces": {
				"north": {"uv": [12, 14, 13, 15], "texture": "#0"},
				"east": {"uv": [12, 14, 13, 15], "texture": "#0"},
				"south": {"uv": [12, 14, 13, 15], "texture": "#0"},
				"west": {"uv": [12, 14, 13, 15], "texture": "#0"},
				"up": {"uv": [12, 14, 13, 15], "texture": "#0"},
				"down": {"uv": [12, 14, 13, 15], "texture": "#0"}
			}
		},
		{
			"from": [0, 5, -16],
			"to": [16, 5.5, -13.5],
			"faces": {
				"north": {"uv": [8, 4, 16, 8], "texture": "#4"},
				"east": {"uv": [8, 4, 16, 8], "texture": "#4"},
				"south": {"uv": [8, 4, 16, 8], "texture": "#4"},
				"west": {"uv": [8, 4, 16, 8], "texture": "#4"},
				"up": {"uv": [8, 4, 16, 8], "texture": "#4"},
				"down": {"uv": [8, 4, 16, 8], "texture": "#4"}
			}
		},
		{
			"from": [0, 2, -16],
			"to": [1.5, 5, -15],
			"faces": {
				"north": {"uv": [8, 4, 16, 8], "texture": "#4"},
				"east": {"uv": [8, 4, 16, 8], "texture": "#4"},
				"south": {"uv": [8, 4, 16, 8], "texture": "#4"},
				"west": {"uv": [8, 4, 16, 8], "texture": "#4"},
				"up": {"uv": [8, 4, 16, 8], "texture": "#4"},
				"down": {"uv": [8, 4, 16, 8], "texture": "#4"}
			}
		},
		{
			"from": [14.5, 2, -16],
			"to": [16, 5, -15],
			"faces": {
				"north": {"uv": [8, 4, 16, 8], "texture": "#4"},
				"east": {"uv": [8, 4, 16, 8], "texture": "#4"},
				"south": {"uv": [8, 4, 16, 8], "texture": "#4"},
				"west": {"uv": [8, 4, 16, 8], "texture": "#4"},
				"up": {"uv": [8, 4, 16, 8], "texture": "#4"},
				"down": {"uv": [8, 4, 16, 8], "texture": "#4"}
			}
		},
		{
			"from": [6.25, 6.25, -16],
			"to": [10.25, 7.25, -6],
			"faces": {
				"north": {"uv": [8, 4, 16, 8], "texture": "#4"},
				"east": {"uv": [8, 4, 16, 8], "texture": "#4"},
				"south": {"uv": [8, 4, 16, 8], "texture": "#4"},
				"west": {"uv": [8, 4, 16, 8], "texture": "#4"},
				"up": {"uv": [8, 4, 16, 8], "texture": "#4"},
				"down": {"uv": [8, 4, 16, 8], "texture": "#4"}
			}
		},
		{
			"from": [13.5, 6.25, -14.25],
			"to": [15, 7.25, -3.75],
			"faces": {
				"north": {"uv": [8, 4, 16, 8], "texture": "#4"},
				"east": {"uv": [8, 4, 16, 8], "texture": "#4"},
				"south": {"uv": [8, 4, 16, 8], "texture": "#4"},
				"west": {"uv": [8, 4, 16, 8], "texture": "#4"},
				"up": {"uv": [8, 4, 16, 8], "texture": "#4"},
				"down": {"uv": [8, 4, 16, 8], "texture": "#4"}
			}
		},
		{
			"from": [0.75, 6.25, -14.25],
			"to": [2.25, 7.25, -3.75],
			"faces": {
				"north": {"uv": [8, 4, 16, 8], "texture": "#4"},
				"east": {"uv": [8, 4, 16, 8], "texture": "#4"},
				"south": {"uv": [8, 4, 16, 8], "texture": "#4"},
				"west": {"uv": [8, 4, 16, 8], "texture": "#4"},
				"up": {"uv": [8, 4, 16, 8], "texture": "#4"},
				"down": {"uv": [8, 4, 16, 8], "texture": "#4"}
			}
		},
		{
			"from": [0.5, 5.5, -15.75],
			"to": [15.5, 7, -5.25],
			"faces": {
				"north": {"uv": [8, 4, 16, 8], "texture": "#4"},
				"east": {"uv": [8, 4, 16, 8], "texture": "#4"},
				"south": {"uv": [8, 4, 16, 8], "texture": "#4"},
				"west": {"uv": [8, 4, 16, 8], "texture": "#4"},
				"up": {"uv": [8, 4, 16, 8], "texture": "#4"},
				"down": {"uv": [8, 4, 16, 8], "texture": "#4"}
			}
		},
		{
			"from": [0.5, 5.5, -16],
			"to": [2.5, 7, -15.75],
			"faces": {
				"north": {"uv": [4, 4, 8, 8], "texture": "#5"},
				"east": {"uv": [4, 4, 8, 8], "texture": "#5"},
				"south": {"uv": [4, 4, 8, 8], "texture": "#5"},
				"west": {"uv": [4, 4, 8, 8], "texture": "#5"},
				"up": {"uv": [4, 4, 8, 8], "texture": "#5"},
				"down": {"uv": [4, 4, 8, 8], "texture": "#5"}
			}
		},
		{
			"from": [2.5, 5.5, -16],
			"to": [4.5, 7, -15.75],
			"rotation": {"angle": 0, "axis": "y", "origin": [10, 8, 8]},
			"faces": {
				"north": {"uv": [4, 4, 8, 8], "texture": "#5"},
				"east": {"uv": [4, 4, 8, 8], "texture": "#5"},
				"south": {"uv": [4, 4, 8, 8], "texture": "#5"},
				"west": {"uv": [4, 4, 8, 8], "texture": "#5"},
				"up": {"uv": [4, 4, 8, 8], "texture": "#5"},
				"down": {"uv": [4, 4, 8, 8], "texture": "#5"}
			}
		},
		{
			"from": [13.5, 5.5, -16],
			"to": [15.5, 7, -15.75],
			"faces": {
				"north": {"uv": [4, 4, 8, 8], "texture": "#5"},
				"east": {"uv": [4, 4, 8, 8], "texture": "#5"},
				"south": {"uv": [4, 4, 8, 8], "texture": "#5"},
				"west": {"uv": [4, 4, 8, 8], "texture": "#5"},
				"up": {"uv": [4, 4, 8, 8], "texture": "#5"},
				"down": {"uv": [4, 4, 8, 8], "texture": "#5"}
			}
		},
		{
			"from": [11.5, 5.5, -16],
			"to": [13.5, 7, -15.75],
			"rotation": {"angle": 0, "axis": "y", "origin": [6, 8, 8]},
			"faces": {
				"north": {"uv": [4, 4, 8, 8], "texture": "#5"},
				"east": {"uv": [4, 4, 8, 8], "texture": "#5"},
				"south": {"uv": [4, 4, 8, 8], "texture": "#5"},
				"west": {"uv": [4, 4, 8, 8], "texture": "#5"},
				"up": {"uv": [4, 4, 8, 8], "texture": "#5"},
				"down": {"uv": [4, 4, 8, 8], "texture": "#5"}
			}
		},
		{
			"from": [6, 1.25, -16],
			"to": [11.5, 2.25, -15.9],
			"faces": {
				"north": {"uv": [0, 6, 8, 8], "texture": "#3"},
				"east": {"uv": [1, 4, 2, 5], "texture": "#0"},
				"south": {"uv": [1, 4, 2, 5], "texture": "#0"},
				"west": {"uv": [1, 4, 2, 5], "texture": "#0"},
				"up": {"uv": [1, 4, 2, 5], "texture": "#0"},
				"down": {"uv": [1, 4, 2, 5], "texture": "#0"}
			}
		},
		{
			"from": [0, 0.75, -6.75],
			"to": [16, 3.75, -4.5],
			"faces": {
				"north": {"uv": [8, 4, 16, 8], "texture": "#4"},
				"east": {"uv": [8, 4, 16, 8], "texture": "#4"},
				"south": {"uv": [8, 4, 16, 8], "texture": "#4"},
				"west": {"uv": [8, 4, 16, 8], "texture": "#4"},
				"up": {"uv": [8, 4, 16, 8], "texture": "#4"},
				"down": {"uv": [8, 4, 16, 8], "texture": "#4"}
			}
		},
		{
			"from": [0, 0.75, -15],
			"to": [16, 5, -12.75],
			"faces": {
				"north": {"uv": [7.5, 8, 12, 12], "texture": "#2"},
				"east": {"uv": [8, 4, 16, 8], "texture": "#4"},
				"south": {"uv": [8, 4, 16, 8], "texture": "#4"},
				"west": {"uv": [8, 4, 16, 8], "texture": "#4"},
				"up": {"uv": [8, 4, 16, 8], "texture": "#4"},
				"down": {"uv": [8, 4, 16, 8], "texture": "#4"}
			}
		},
		{
			"from": [0, 1, -14.5],
			"to": [16, 6.75, -4.5],
			"faces": {
				"north": {"uv": [8, 4, 16, 8], "texture": "#4"},
				"east": {"uv": [8, 4, 16, 8], "texture": "#4"},
				"south": {"uv": [8, 4, 16, 8], "texture": "#4"},
				"west": {"uv": [8, 4, 16, 8], "texture": "#4"},
				"up": {"uv": [8, 4, 16, 8], "texture": "#4"},
				"down": {"uv": [8, 4, 16, 8], "texture": "#4"}
			}
		},
		{
			"from": [0, 1, -15.75],
			"to": [16, 2.25, -15],
			"faces": {
				"north": {"uv": [14, 14, 15, 15], "texture": "#0"},
				"east": {"uv": [14, 14, 15, 15], "texture": "#0"},
				"south": {"uv": [14, 14, 15, 15], "texture": "#0"},
				"west": {"uv": [14, 14, 15, 15], "texture": "#0"},
				"up": {"uv": [14, 14, 15, 15], "texture": "#0"},
				"down": {"uv": [14, 14, 15, 15], "texture": "#0"}
			}
		},
		{
			"from": [0, 0, -14],
			"to": [16, 1, 31.5],
			"faces": {
				"north": {"uv": [8, 4, 16, 8], "texture": "#4"},
				"east": {"uv": [8, 4, 16, 8], "texture": "#4"},
				"south": {"uv": [8, 4, 16, 8], "texture": "#4"},
				"west": {"uv": [0, 11, 8, 12], "texture": "#4"},
				"up": {"uv": [8, 4, 16, 8], "texture": "#4"},
				"down": {"uv": [8, 4, 16, 8], "texture": "#4"}
			}
		},
		{
			"from": [8.5, 1, 0],
			"to": [15.5, 5, 6],
			"faces": {
				"north": {"uv": [0, 0, 4, 4], "texture": "#2"},
				"east": {"uv": [0, 0, 4, 4], "texture": "#2"},
				"south": {"uv": [0, 0, 4, 4], "texture": "#2"},
				"west": {"uv": [0, 0, 4, 4], "texture": "#2"},
				"up": {"uv": [0, 0, 4, 4], "texture": "#2"},
				"down": {"uv": [0, 0, 4, 4], "texture": "#2"}
			}
		},
		{
			"from": [8.5, 1, 6],
			"to": [15.5, 11, 7],
			"faces": {
				"north": {"uv": [0, 0, 4, 4], "texture": "#2"},
				"east": {"uv": [0, 0, 4, 4], "texture": "#2"},
				"south": {"uv": [0, 0, 4, 4], "texture": "#2"},
				"west": {"uv": [0, 0, 4, 4], "texture": "#2"},
				"up": {"uv": [0, 0, 4, 4], "texture": "#2"},
				"down": {"uv": [0, 0, 4, 4], "texture": "#2"}
			}
		},
		{
			"from": [0.75, 1, 9],
			"to": [15.25, 5, 15],
			"faces": {
				"north": {"uv": [0, 0, 4, 4], "texture": "#2"},
				"east": {"uv": [0, 0, 4, 4], "texture": "#2"},
				"south": {"uv": [0, 0, 4, 4], "texture": "#2"},
				"west": {"uv": [0, 0, 4, 4], "texture": "#2"},
				"up": {"uv": [0, 0, 4, 4], "texture": "#2"},
				"down": {"uv": [0, 0, 4, 4], "texture": "#2"}
			}
		},
		{
			"from": [0.75, 1, 15],
			"to": [15.25, 11, 16],
			"faces": {
				"north": {"uv": [0, 0, 4, 4], "texture": "#2"},
				"east": {"uv": [0, 0, 4, 4], "texture": "#2"},
				"south": {"uv": [0, 0, 4, 4], "texture": "#2"},
				"west": {"uv": [0, 0, 4, 4], "texture": "#2"},
				"up": {"uv": [0, 0, 4, 4], "texture": "#2"},
				"down": {"uv": [0, 0, 4, 4], "texture": "#2"}
			}
		},
		{
			"from": [0.75, 1, 0],
			"to": [7.75, 5, 6],
			"faces": {
				"north": {"uv": [0, 0, 4, 4], "texture": "#2"},
				"east": {"uv": [0, 0, 4, 4], "texture": "#2"},
				"south": {"uv": [0, 0, 4, 4], "texture": "#2"},
				"west": {"uv": [0, 0, 4, 4], "texture": "#2"},
				"up": {"uv": [0, 0, 4, 4], "texture": "#2"},
				"down": {"uv": [0, 0, 4, 4], "texture": "#2"}
			}
		},
		{
			"from": [0.75, 1, 6],
			"to": [7.75, 11, 7],
			"faces": {
				"north": {"uv": [0, 0, 4, 4], "texture": "#2"},
				"east": {"uv": [0, 0, 4, 4], "texture": "#2"},
				"south": {"uv": [0, 0, 4, 4], "texture": "#2"},
				"west": {"uv": [0, 0, 4, 4], "texture": "#2"},
				"up": {"uv": [0, 0, 4, 4], "texture": "#2"},
				"down": {"uv": [0, 0, 4, 4], "texture": "#2"}
			}
		},
		{
			"from": [2.5, 6.5, -4.5],
			"to": [3.5, 7.25, -2.5],
			"faces": {
				"north": {"uv": [10, 14, 11, 15], "texture": "#0"},
				"east": {"uv": [10, 14, 11, 15], "texture": "#0"},
				"south": {"uv": [10, 14, 11, 15], "texture": "#0"},
				"west": {"uv": [10, 14, 11, 15], "texture": "#0"},
				"up": {"uv": [10, 14, 11, 15], "texture": "#0"},
				"down": {"uv": [10, 14, 11, 15], "texture": "#0"}
			}
		},
		{
			"from": [1.75, 8.25, -2.5],
			"to": [2, 8.5, -2],
			"faces": {
				"north": {"uv": [10, 14, 11, 15], "texture": "#0"},
				"east": {"uv": [10, 14, 11, 15], "texture": "#0"},
				"south": {"uv": [10, 14, 11, 15], "texture": "#0"},
				"west": {"uv": [10, 14, 11, 15], "texture": "#0"},
				"up": {"uv": [10, 14, 11, 15], "texture": "#0"},
				"down": {"uv": [10, 14, 11, 15], "texture": "#0"}
			}
		},
		{
			"from": [1.5, 6.25, -2.5],
			"to": [1.75, 8.25, -2],
			"faces": {
				"north": {"uv": [10, 14, 11, 15], "texture": "#0"},
				"east": {"uv": [10, 14, 11, 15], "texture": "#0"},
				"south": {"uv": [10, 14, 11, 15], "texture": "#0"},
				"west": {"uv": [10, 14, 11, 15], "texture": "#0"},
				"up": {"uv": [10, 14, 11, 15], "texture": "#0"},
				"down": {"uv": [10, 14, 11, 15], "texture": "#0"}
			}
		},
		{
			"from": [2, 6.5, -2.5],
			"to": [4, 8, -2],
			"faces": {
				"north": {"uv": [10, 14, 11, 15], "texture": "#0"},
				"east": {"uv": [10, 14, 11, 15], "texture": "#0"},
				"south": {"uv": [10, 14, 11, 15], "texture": "#0"},
				"west": {"uv": [10, 14, 11, 15], "texture": "#0"},
				"up": {"uv": [10, 14, 11, 15], "texture": "#0"},
				"down": {"uv": [10, 14, 11, 15], "texture": "#0"}
			}
		},
		{
			"from": [2, 5.75, -2.5],
			"to": [4, 6, -2],
			"faces": {
				"north": {"uv": [10, 14, 11, 15], "texture": "#0"},
				"east": {"uv": [10, 14, 11, 15], "texture": "#0"},
				"south": {"uv": [10, 14, 11, 15], "texture": "#0"},
				"west": {"uv": [10, 14, 11, 15], "texture": "#0"},
				"up": {"uv": [10, 14, 11, 15], "texture": "#0"},
				"down": {"uv": [10, 14, 11, 15], "texture": "#0"}
			}
		},
		{
			"from": [1.75, 6, -2.5],
			"to": [2, 6.25, -2],
			"faces": {
				"north": {"uv": [10, 14, 11, 15], "texture": "#0"},
				"east": {"uv": [10, 14, 11, 15], "texture": "#0"},
				"south": {"uv": [10, 14, 11, 15], "texture": "#0"},
				"west": {"uv": [10, 14, 11, 15], "texture": "#0"},
				"up": {"uv": [10, 14, 11, 15], "texture": "#0"},
				"down": {"uv": [10, 14, 11, 15], "texture": "#0"}
			}
		},
		{
			"from": [4, 6, -2.5],
			"to": [4.25, 6.25, -2],
			"faces": {
				"north": {"uv": [10, 14, 11, 15], "texture": "#0"},
				"east": {"uv": [10, 14, 11, 15], "texture": "#0"},
				"south": {"uv": [10, 14, 11, 15], "texture": "#0"},
				"west": {"uv": [10, 14, 11, 15], "texture": "#0"},
				"up": {"uv": [10, 14, 11, 15], "texture": "#0"},
				"down": {"uv": [10, 14, 11, 15], "texture": "#0"}
			}
		},
		{
			"from": [4.25, 6.25, -2.5],
			"to": [4.5, 8.25, -2],
			"faces": {
				"north": {"uv": [10, 14, 11, 15], "texture": "#0"},
				"east": {"uv": [10, 14, 11, 15], "texture": "#0"},
				"south": {"uv": [10, 14, 11, 15], "texture": "#0"},
				"west": {"uv": [10, 14, 11, 15], "texture": "#0"},
				"up": {"uv": [10, 14, 11, 15], "texture": "#0"},
				"down": {"uv": [10, 14, 11, 15], "texture": "#0"}
			}
		},
		{
			"from": [4, 8.25, -2.5],
			"to": [4.25, 8.5, -2],
			"faces": {
				"north": {"uv": [10, 14, 11, 15], "texture": "#0"},
				"east": {"uv": [10, 14, 11, 15], "texture": "#0"},
				"south": {"uv": [10, 14, 11, 15], "texture": "#0"},
				"west": {"uv": [10, 14, 11, 15], "texture": "#0"},
				"up": {"uv": [10, 14, 11, 15], "texture": "#0"},
				"down": {"uv": [10, 14, 11, 15], "texture": "#0"}
			}
		},
		{
			"from": [2, 8.5, -2.5],
			"to": [4, 8.75, -2],
			"faces": {
				"north": {"uv": [10, 14, 11, 15], "texture": "#0"},
				"east": {"uv": [10, 14, 11, 15], "texture": "#0"},
				"south": {"uv": [10, 14, 11, 15], "texture": "#0"},
				"west": {"uv": [10, 14, 11, 15], "texture": "#0"},
				"up": {"uv": [10, 14, 11, 15], "texture": "#0"},
				"down": {"uv": [10, 14, 11, 15], "texture": "#0"}
			}
		},
		{
			"from": [15.75, 1, 7],
			"to": [16, 8.75, 19.5],
			"faces": {
				"north": {"uv": [8, 4, 16, 8], "texture": "#4"},
				"east": {"uv": [8, 4, 16, 8], "texture": "#4"},
				"south": {"uv": [8, 4, 16, 8], "texture": "#4"},
				"west": {"uv": [8, 4, 16, 8], "texture": "#4"},
				"up": {"uv": [8, 4, 16, 8], "texture": "#4"},
				"down": {"uv": [8, 4, 16, 8], "texture": "#4"}
			}
		},
		{
			"from": [-0.01, 1, 7],
			"to": [0.24, 8.75, 19.5],
			"faces": {
				"north": {"uv": [8, 4, 16, 8], "texture": "#4"},
				"east": {"uv": [8, 4, 16, 8], "texture": "#4"},
				"south": {"uv": [8, 4, 16, 8], "texture": "#4"},
				"west": {"uv": [8, 4, 16, 8], "texture": "#4"},
				"up": {"uv": [8, 4, 16, 8], "texture": "#4"},
				"down": {"uv": [8, 4, 16, 8], "texture": "#4"}
			}
		},
		{
			"from": [13.25, -2.25, 21.25],
			"to": [16.75, 3.75, 23.75],
			"rotation": {"angle": 0, "axis": "x", "origin": [15, 0.75, 22.5]},
			"faces": {
				"north": {"uv": [0, 12, 4, 16], "rotation": 180, "texture": "#2"},
				"east": {"uv": [0, 9, 4, 11], "rotation": 90, "texture": "#2"},
				"south": {"uv": [0, 12, 4, 16], "texture": "#2"},
				"west": {"uv": [0, 9, 4, 11], "rotation": 270, "texture": "#2"},
				"up": {"uv": [0, 12, 4, 16], "texture": "#2"},
				"down": {"uv": [0, 12, 4, 16], "rotation": 180, "texture": "#2"}
			}
		},
		{
			"from": [13.25, -0.5, 19.5],
			"to": [16.75, 2, 25.5],
			"rotation": {"angle": -45, "axis": "x", "origin": [15, 0.75, 22.5]},
			"faces": {
				"north": {"uv": [0, 12, 4, 16], "texture": "#2"},
				"east": {"uv": [0, 9, 4, 11], "texture": "#2"},
				"south": {"uv": [0, 12, 4, 16], "texture": "#2"},
				"west": {"uv": [0, 9, 4, 11], "texture": "#2"},
				"up": {"uv": [0, 12, 4, 16], "texture": "#2"},
				"down": {"uv": [0, 12, 4, 16], "texture": "#2"}
			}
		},
		{
			"from": [13.25, -0.5, 19.5],
			"to": [16.75, 2, 25.5],
			"rotation": {"angle": 45, "axis": "x", "origin": [15, 0.75, 22.5]},
			"faces": {
				"north": {"uv": [0, 12, 4, 16], "texture": "#2"},
				"east": {"uv": [0, 9, 4, 11], "texture": "#2"},
				"south": {"uv": [0, 12, 4, 16], "texture": "#2"},
				"west": {"uv": [0, 9, 4, 11], "texture": "#2"},
				"up": {"uv": [0, 12, 4, 16], "texture": "#2"},
				"down": {"uv": [0, 12, 4, 16], "texture": "#2"}
			}
		},
		{
			"from": [13.25, -0.5, 19.5],
			"to": [16.75, 2, 25.5],
			"faces": {
				"north": {"uv": [0, 12, 4, 16], "texture": "#2"},
				"east": {"uv": [0, 9, 4, 11], "texture": "#2"},
				"south": {"uv": [0, 12, 4, 16], "texture": "#2"},
				"west": {"uv": [0, 9, 4, 11], "texture": "#2"},
				"up": {"uv": [0, 12, 4, 16], "texture": "#2"},
				"down": {"uv": [0, 12, 4, 16], "texture": "#2"}
			}
		},
		{
			"from": [13.25, -2.25, -10.75],
			"to": [16.75, 3.75, -8.25],
			"rotation": {"angle": 0, "axis": "x", "origin": [15, 0.75, -9.5]},
			"faces": {
				"north": {"uv": [0, 12, 4, 16], "rotation": 180, "texture": "#2"},
				"east": {"uv": [0, 9, 4, 11], "rotation": 90, "texture": "#2"},
				"south": {"uv": [0, 12, 4, 16], "texture": "#2"},
				"west": {"uv": [0, 9, 4, 11], "rotation": 270, "texture": "#2"},
				"up": {"uv": [0, 12, 4, 16], "texture": "#2"},
				"down": {"uv": [0, 12, 4, 16], "rotation": 180, "texture": "#2"}
			}
		},
		{
			"from": [13.25, -0.5, -12.5],
			"to": [16.75, 2, -6.5],
			"rotation": {"angle": -45, "axis": "x", "origin": [15, 0.75, -9.5]},
			"faces": {
				"north": {"uv": [0, 12, 4, 16], "texture": "#2"},
				"east": {"uv": [0, 9, 4, 11], "texture": "#2"},
				"south": {"uv": [0, 12, 4, 16], "texture": "#2"},
				"west": {"uv": [0, 9, 4, 11], "texture": "#2"},
				"up": {"uv": [0, 12, 4, 16], "texture": "#2"},
				"down": {"uv": [0, 12, 4, 16], "texture": "#2"}
			}
		},
		{
			"from": [13.25, -0.5, -12.5],
			"to": [16.75, 2, -6.5],
			"rotation": {"angle": 45, "axis": "x", "origin": [15, 0.75, -9.5]},
			"faces": {
				"north": {"uv": [0, 12, 4, 16], "texture": "#2"},
				"east": {"uv": [0, 9, 4, 11], "texture": "#2"},
				"south": {"uv": [0, 12, 4, 16], "texture": "#2"},
				"west": {"uv": [0, 9, 4, 11], "texture": "#2"},
				"up": {"uv": [0, 12, 4, 16], "texture": "#2"},
				"down": {"uv": [0, 12, 4, 16], "texture": "#2"}
			}
		},
		{
			"from": [13.25, -0.5, -12.5],
			"to": [16.75, 2, -6.5],
			"faces": {
				"north": {"uv": [0, 12, 4, 16], "texture": "#2"},
				"east": {"uv": [0, 9, 4, 11], "texture": "#2"},
				"south": {"uv": [0, 12, 4, 16], "texture": "#2"},
				"west": {"uv": [0, 9, 4, 11], "texture": "#2"},
				"up": {"uv": [0, 12, 4, 16], "texture": "#2"},
				"down": {"uv": [0, 12, 4, 16], "texture": "#2"}
			}
		},
		{
			"from": [-0.75, -2.25, -10.75],
			"to": [2.75, 3.75, -8.25],
			"rotation": {"angle": 0, "axis": "x", "origin": [1, 0.75, -9.5]},
			"faces": {
				"north": {"uv": [0, 12, 4, 16], "rotation": 180, "texture": "#2"},
				"east": {"uv": [0, 9, 4, 11], "rotation": 90, "texture": "#2"},
				"south": {"uv": [0, 12, 4, 16], "texture": "#2"},
				"west": {"uv": [0, 9, 4, 11], "rotation": 270, "texture": "#2"},
				"up": {"uv": [0, 12, 4, 16], "texture": "#2"},
				"down": {"uv": [0, 12, 4, 16], "rotation": 180, "texture": "#2"}
			}
		},
		{
			"from": [-0.75, -0.5, -12.5],
			"to": [2.75, 2, -6.5],
			"rotation": {"angle": -45, "axis": "x", "origin": [1, 0.75, -9.5]},
			"faces": {
				"north": {"uv": [0, 12, 4, 16], "texture": "#2"},
				"east": {"uv": [0, 9, 4, 11], "texture": "#2"},
				"south": {"uv": [0, 12, 4, 16], "texture": "#2"},
				"west": {"uv": [0, 9, 4, 11], "texture": "#2"},
				"up": {"uv": [0, 12, 4, 16], "texture": "#2"},
				"down": {"uv": [0, 12, 4, 16], "texture": "#2"}
			}
		},
		{
			"from": [-0.75, -0.5, -12.5],
			"to": [2.75, 2, -6.5],
			"rotation": {"angle": 45, "axis": "x", "origin": [1, 0.75, -9.5]},
			"faces": {
				"north": {"uv": [0, 12, 4, 16], "texture": "#2"},
				"east": {"uv": [0, 9, 4, 11], "texture": "#2"},
				"south": {"uv": [0, 12, 4, 16], "texture": "#2"},
				"west": {"uv": [0, 9, 4, 11], "texture": "#2"},
				"up": {"uv": [0, 12, 4, 16], "texture": "#2"},
				"down": {"uv": [0, 12, 4, 16], "texture": "#2"}
			}
		},
		{
			"from": [-0.75, -0.5, -12.5],
			"to": [2.75, 2, -6.5],
			"faces": {
				"north": {"uv": [0, 12, 4, 16], "texture": "#2"},
				"east": {"uv": [0, 9, 4, 11], "texture": "#2"},
				"south": {"uv": [0, 12, 4, 16], "texture": "#2"},
				"west": {"uv": [0, 9, 4, 11], "texture": "#2"},
				"up": {"uv": [0, 12, 4, 16], "texture": "#2"},
				"down": {"uv": [0, 12, 4, 16], "texture": "#2"}
			}
		},
		{
			"from": [-0.75, -2.25, 21.25],
			"to": [2.75, 3.75, 23.75],
			"rotation": {"angle": 0, "axis": "x", "origin": [1, 0.75, 22.5]},
			"faces": {
				"north": {"uv": [0, 12, 4, 16], "rotation": 180, "texture": "#2"},
				"east": {"uv": [0, 9, 4, 11], "rotation": 90, "texture": "#2"},
				"south": {"uv": [0, 12, 4, 16], "texture": "#2"},
				"west": {"uv": [0, 9, 4, 11], "rotation": 270, "texture": "#2"},
				"up": {"uv": [0, 12, 4, 16], "texture": "#2"},
				"down": {"uv": [0, 12, 4, 16], "rotation": 180, "texture": "#2"}
			}
		},
		{
			"from": [-0.75, -0.5, 19.5],
			"to": [2.75, 2, 25.5],
			"rotation": {"angle": -45, "axis": "x", "origin": [1, 0.75, 22.5]},
			"faces": {
				"north": {"uv": [0, 12, 4, 16], "texture": "#2"},
				"east": {"uv": [0, 9, 4, 11], "texture": "#2"},
				"south": {"uv": [0, 12, 4, 16], "texture": "#2"},
				"west": {"uv": [0, 9, 4, 11], "texture": "#2"},
				"up": {"uv": [0, 12, 4, 16], "texture": "#2"},
				"down": {"uv": [0, 12, 4, 16], "texture": "#2"}
			}
		},
		{
			"from": [-0.75, -0.5, 19.5],
			"to": [2.75, 2, 25.5],
			"rotation": {"angle": 45, "axis": "x", "origin": [1, 0.75, 22.5]},
			"faces": {
				"north": {"uv": [0, 12, 4, 16], "texture": "#2"},
				"east": {"uv": [0, 9, 4, 11], "texture": "#2"},
				"south": {"uv": [0, 12, 4, 16], "texture": "#2"},
				"west": {"uv": [0, 9, 4, 11], "texture": "#2"},
				"up": {"uv": [0, 12, 4, 16], "texture": "#2"},
				"down": {"uv": [0, 12, 4, 16], "texture": "#2"}
			}
		},
		{
			"from": [-0.75, -0.5, 19.5],
			"to": [2.75, 2, 25.5],
			"faces": {
				"north": {"uv": [0, 12, 4, 16], "texture": "#2"},
				"east": {"uv": [0, 9, 4, 11], "texture": "#2"},
				"south": {"uv": [0, 12, 4, 16], "texture": "#2"},
				"west": {"uv": [0, 9, 4, 11], "texture": "#2"},
				"up": {"uv": [0, 12, 4, 16], "texture": "#2"},
				"down": {"uv": [0, 12, 4, 16], "texture": "#2"}
			}
		}
	],
	"display": {
		"gui": {
			"rotation": [22, 57, 0],
			"scale": [0.3, 0.3, 0.3]
		},
		"head": {
			"translation": [15.5, 11, 19],
			"scale": [4, 4, 4]
		}
	},
	"groups": [0, 1, 2, 3, 4, 5, 6, 7, 8, 9, 10, 11, 12, 13, 14, 15, 16, 17, 18, 19, 20, 21, 22, 23, 24, 25, 26, 27, 28, 29, 30, 31, 32, 33, 34, 35, 36, 37,
		{
			"name": "chair",
			"origin": [8, 8, 8],
			"children": [38, 39]
		},
		{
			"name": "bench",
			"origin": [8, 8, 8],
			"children": [40, 41]
		},
		{
			"name": "chair",
			"origin": [8, 8, 8],
			"children": [42, 43]
		},
		{
			"name": "steeringwheel",
			"origin": [8, 8, 8],
			"children": [44, 45, 46, 47, 48, 49, 50, 51, 52, 53]
		}, 54, 55,
		{
			"name": "group",
			"origin": [8, 8, 8],
			"children": [56, 57, 58, 59]
		},
		{
			"name": "group",
			"origin": [8, 8, 8],
			"children": [60, 61, 62, 63]
		},
		{
			"name": "group",
			"origin": [8, 8, 8],
			"children": [64, 65, 66, 67]
		},
		{
			"name": "group",
			"origin": [8, 8, 8],
			"children": [68, 69, 70, 71]
		}
	]
}