{
	"credit": "Made with Blockbench",
	"textures": {
		"0": "items/rgbsheet1",
		"1": "items/glasspanetexture",
		"2": "items/qavassets1",
		"3": "items/qavlicenseplates",
		"4": "items/bordo",
		"particle": "items/rgbsheet1"
	},
	"elements": [
		{
			"from": [0, 3.5, 32],
			"to": [0.75, 7.25, 32],
			"faces": {
				"north": {"uv": [4, 4, 5, 5], "texture": "#0"},
				"east": {"uv": [4, 4, 5, 5], "texture": "#0"},
				"south": {"uv": [4, 4, 5, 5], "texture": "#0"},
				"west": {"uv": [4, 4, 5, 5], "texture": "#0"},
				"up": {"uv": [4, 4, 5, 5], "texture": "#0"},
				"down": {"uv": [4, 4, 5, 5], "texture": "#0"}
			}
		},
		{
			"from": [15.25, 3.5, 32],
			"to": [16, 7.25, 32],
			"faces": {
				"north": {"uv": [4, 4, 5, 5], "texture": "#0"},
				"east": {"uv": [4, 4, 5, 5], "texture": "#0"},
				"south": {"uv": [4, 4, 5, 5], "texture": "#0"},
				"west": {"uv": [4, 4, 5, 5], "texture": "#0"},
				"up": {"uv": [4, 4, 5, 5], "texture": "#0"},
				"down": {"uv": [4, 4, 5, 5], "texture": "#0"}
			}
		},
		{
			"from": [-0.01, 1, 19.5],
			"to": [0.74, 8.5, 31.99],
			"faces": {
				"north": {"uv": [0, 0, 8, 4], "texture": "#4"},
				"east": {"uv": [0, 0, 8, 4], "texture": "#4"},
				"south": {"uv": [0, 0, 8, 4], "texture": "#4"},
				"west": {"uv": [0, 0, 8, 4], "texture": "#4"},
				"up": {"uv": [0, 0, 8, 4], "texture": "#4"},
				"down": {"uv": [0, 0, 8, 4], "texture": "#4"}
			}
		},
		{
			"from": [15.25, 1, 19.5],
			"to": [16, 8.5, 31.99],
			"faces": {
				"north": {"uv": [0, 0, 8, 4], "texture": "#4"},
				"east": {"uv": [0, 0, 8, 4], "texture": "#4"},
				"south": {"uv": [0, 0, 8, 4], "texture": "#4"},
				"west": {"uv": [0, 0, 8, 4], "texture": "#4"},
				"up": {"uv": [0, 0, 8, 4], "texture": "#4"},
				"down": {"uv": [0, 0, 8, 4], "texture": "#4"}
			}
		},
		{
			"from": [-0.01, 1, 15],
			"to": [0.24, 17.75, 19.5],
			"faces": {
				"north": {"uv": [0, 0, 8, 4], "texture": "#4"},
				"east": {"uv": [0, 0, 8, 4], "texture": "#4"},
				"south": {"uv": [0, 0, 8, 4], "texture": "#4"},
				"west": {"uv": [0, 0, 8, 4], "texture": "#4"},
				"up": {"uv": [0, 0, 8, 4], "texture": "#4"},
				"down": {"uv": [0, 0, 8, 4], "texture": "#4"}
			}
		},
		{
			"from": [15.75, 1, 15],
			"to": [16, 17.75, 19.5],
			"faces": {
				"north": {"uv": [0, 0, 8, 4], "texture": "#4"},
				"east": {"uv": [0, 0, 8, 4], "texture": "#4"},
				"south": {"uv": [0, 0, 8, 4], "texture": "#4"},
				"west": {"uv": [0, 0, 8, 4], "texture": "#4"},
				"up": {"uv": [0, 0, 8, 4], "texture": "#4"},
				"down": {"uv": [0, 0, 8, 4], "texture": "#4"}
			}
		},
		{
			"from": [-0.01, 1, 5.5],
			"to": [0.24, 8.75, 15],
			"faces": {
				"north": {"uv": [0, 0, 7.25, 3.75], "texture": "#4"},
				"east": {"uv": [0, 0, 7.25, 3.75], "texture": "#4"},
				"south": {"uv": [0, 0, 7.25, 3.75], "texture": "#4"},
				"west": {"uv": [0, 0, 7.25, 3.75], "texture": "#4"},
				"up": {"uv": [0, 0, 7.25, 3.75], "texture": "#4"},
				"down": {"uv": [0, 0, 7.25, 3.75], "texture": "#4"}
			}
		},
		{
			"from": [15.75, 1, 5.5],
			"to": [16, 8.75, 15],
			"faces": {
				"north": {"uv": [0, 0, 7.25, 3.75], "texture": "#4"},
				"east": {"uv": [0, 0, 7.25, 3.75], "texture": "#4"},
				"south": {"uv": [0, 0, 7.25, 3.75], "texture": "#4"},
				"west": {"uv": [0, 0, 7.25, 3.75], "texture": "#4"},
				"up": {"uv": [0, 0, 7.25, 3.75], "texture": "#4"},
				"down": {"uv": [0, 0, 7.25, 3.75], "texture": "#4"}
			}
		},
		{
			"from": [-0.01, 1, 4.75],
			"to": [0.24, 17.25, 5.5],
			"faces": {
				"north": {"uv": [0, 0, 8, 4], "texture": "#4"},
				"east": {"uv": [0, 0, 8, 4], "texture": "#4"},
				"south": {"uv": [0, 0, 8, 4], "texture": "#4"},
				"west": {"uv": [0, 0, 8, 4], "texture": "#4"},
				"up": {"uv": [0, 0, 8, 4], "texture": "#4"},
				"down": {"uv": [0, 0, 8, 4], "texture": "#4"}
			}
		},
		{
			"from": [15.75, 1, 4.75],
			"to": [16, 17.25, 5.5],
			"faces": {
				"north": {"uv": [0, 0, 8, 4], "texture": "#4"},
				"east": {"uv": [0, 0, 8, 4], "texture": "#4"},
				"south": {"uv": [0, 0, 8, 4], "texture": "#4"},
				"west": {"uv": [0, 0, 8, 4], "texture": "#4"},
				"up": {"uv": [0, 0, 8, 4], "texture": "#4"},
				"down": {"uv": [0, 0, 8, 4], "texture": "#4"}
			}
		},
		{
			"from": [-0.01, 1, -5.5],
			"to": [0.24, 8.75, 4.75],
			"faces": {
				"north": {"uv": [0, 0, 7.25, 3.75], "texture": "#4"},
				"east": {"uv": [0, 0, 7.25, 3.75], "texture": "#4"},
				"south": {"uv": [0, 0, 7.25, 3.75], "texture": "#4"},
				"west": {"uv": [0, 0, 7.25, 3.75], "texture": "#4"},
				"up": {"uv": [0, 0, 7.25, 3.75], "texture": "#4"},
				"down": {"uv": [0, 0, 7.25, 3.75], "texture": "#4"}
			}
		},
		{
			"from": [15.75, 1, -5.5],
			"to": [16, 8.75, 4.75],
			"faces": {
				"north": {"uv": [0, 0, 7.25, 3.75], "texture": "#4"},
				"east": {"uv": [0, 0, 7.25, 3.75], "texture": "#4"},
				"south": {"uv": [0, 0, 7.25, 3.75], "texture": "#4"},
				"west": {"uv": [0, 0, 7.25, 3.75], "texture": "#4"},
				"up": {"uv": [0, 0, 7.25, 3.75], "texture": "#4"},
				"down": {"uv": [0, 0, 7.25, 3.75], "texture": "#4"}
			}
		},
		{
			"from": [0, 17, -1.75],
			"to": [16, 17.75, 19],
			"faces": {
				"north": {"uv": [0, 0, 8, 4], "texture": "#4"},
				"east": {"uv": [0, 0, 8, 4], "texture": "#4"},
				"south": {"uv": [0, 0, 8, 4], "texture": "#4"},
				"west": {"uv": [0, 0, 8, 4], "texture": "#4"},
				"up": {"uv": [0, 0, 4, 4], "texture": "#4"},
				"down": {"uv": [7, 15, 8, 16], "texture": "#0"}
			}
		},
		{
			"from": [14, 5.5, -4.25],
			"to": [16, 18, -3.75],
			"rotation": {"angle": 22.5, "axis": "x", "origin": [22, 11.5, -4]},
			"faces": {
				"north": {"uv": [0, 0, 8, 4], "rotation": 180, "texture": "#4"},
				"east": {"uv": [0, 0, 8, 4], "rotation": 180, "texture": "#4"},
				"south": {"uv": [0, 0, 8, 4], "rotation": 180, "texture": "#4"},
				"west": {"uv": [0, 0, 8, 4], "rotation": 180, "texture": "#4"},
				"up": {"uv": [0, 0, 8, 4], "rotation": 180, "texture": "#4"},
				"down": {"uv": [0, 0, 8, 4], "rotation": 180, "texture": "#4"}
			}
		},
		{
			"from": [0, 5.5, -4.25],
			"to": [2, 18, -3.75],
			"rotation": {"angle": 22.5, "axis": "x", "origin": [8, 11.5, -4]},
			"faces": {
				"north": {"uv": [0, 0, 8, 4], "rotation": 180, "texture": "#4"},
				"east": {"uv": [0, 0, 8, 4], "rotation": 180, "texture": "#4"},
				"south": {"uv": [0, 0, 8, 4], "rotation": 180, "texture": "#4"},
				"west": {"uv": [0, 0, 8, 4], "rotation": 180, "texture": "#4"},
				"up": {"uv": [0, 0, 8, 4], "rotation": 180, "texture": "#4"},
				"down": {"uv": [0, 0, 8, 4], "rotation": 180, "texture": "#4"}
			}
		},
		{
			"from": [0, 0.25, 31.5],
			"to": [15.75, 2, 32],
			"faces": {
				"north": {"uv": [2, 5, 3, 6], "texture": "#0"},
				"east": {"uv": [2, 5, 3, 6], "texture": "#0"},
				"south": {"uv": [9, 15, 10, 16], "texture": "#0"},
				"west": {"uv": [2, 5, 3, 6], "texture": "#0"},
				"up": {"uv": [2, 5, 3, 6], "texture": "#0"},
				"down": {"uv": [2, 5, 3, 6], "texture": "#0"}
			}
		},
		{
			"from": [2, 7.25, 20.25],
			"to": [14, 8, 30.25],
			"faces": {
				"north": {"uv": [0, 0, 8, 4], "texture": "#4"},
				"east": {"uv": [0, 0, 8, 4], "texture": "#4"},
				"south": {"uv": [0, 0, 8, 4], "texture": "#4"},
				"west": {"uv": [0, 0, 8, 4], "texture": "#4"},
				"up": {"uv": [0, 0, 8, 4], "texture": "#4"},
				"down": {"uv": [0, 0, 8, 4], "texture": "#4"}
			}
		},
		{
			"from": [0, 7, 17],
			"to": [15.75, 9.25, 19.5],
			"faces": {
				"north": {"uv": [0, 0, 8, 4], "texture": "#4"},
				"east": {"uv": [0, 0, 8, 4], "texture": "#4"},
				"south": {"uv": [0, 0, 8, 4], "texture": "#4"},
				"west": {"uv": [0, 0, 8, 4], "texture": "#4"},
				"up": {"uv": [0, 0, 8, 4], "texture": "#4"},
				"down": {"uv": [0, 0, 8, 4], "texture": "#4"}
			}
		},
		{
			"from": [0, 0.75, 16],
			"to": [15.75, 7.5, 31.75],
			"faces": {
				"north": {"uv": [0, 0, 8, 4], "texture": "#4"},
				"east": {"uv": [0, 0, 8, 4], "texture": "#4"},
				"south": {"uv": [0, 0, 8, 4], "texture": "#4"},
				"west": {"uv": [0, 0, 8, 4], "texture": "#4"},
				"up": {"uv": [0, 0, 8, 4], "texture": "#4"},
				"down": {"uv": [0, 0, 8, 4], "texture": "#4"}
			}
		},
		{
			"from": [1.75, 5.5, -6.25],
			"to": [14.25, 8, -4],
			"faces": {
				"north": {"uv": [0, 0, 8, 4], "texture": "#4"},
				"east": {"uv": [0, 0, 8, 4], "texture": "#4"},
				"south": {"uv": [0, 0, 8, 4], "texture": "#4"},
				"west": {"uv": [0, 0, 8, 4], "texture": "#4"},
				"up": {"uv": [0, 0, 8, 4], "texture": "#4"},
				"down": {"uv": [0, 0, 8, 4], "texture": "#4"}
			}
		},
		{
			"from": [5.25, 5.75, -4.75],
			"to": [9, 7.25, -3.25],
			"faces": {
				"north": {"uv": [8, 15, 9, 16], "texture": "#0"},
				"east": {"uv": [8, 15, 9, 16], "texture": "#0"},
				"south": {"uv": [8, 15, 9, 16], "texture": "#0"},
				"west": {"uv": [8, 15, 9, 16], "texture": "#0"},
				"up": {"uv": [8, 15, 9, 16], "texture": "#0"},
				"down": {"uv": [8, 15, 9, 16], "texture": "#0"}
			}
		},
		{
			"from": [1.75, 5.5, -15.25],
			"to": [14.25, 7.25, -3.75],
			"faces": {
				"north": {"uv": [0, 0, 7.5, 0.75], "texture": "#4"},
				"east": {"uv": [0, 0, 8, 4], "texture": "#4"},
				"south": {"uv": [9, 15, 10, 16], "texture": "#0"},
				"west": {"uv": [0, 0, 8, 4], "texture": "#4"},
				"up": {"uv": [0, 0, 8, 4], "texture": "#4"},
				"down": {"uv": [0, 0, 8, 4], "texture": "#4"}
			}
		},
		{
			"from": [1, 1, -15.5],
			"to": [15, 5.5, -4],
			"faces": {
				"north": {"uv": [4, 0, 16, 4], "texture": "#2"},
				"east": {"uv": [0, 0, 8, 4], "texture": "#4"},
				"south": {"uv": [9, 15, 10, 16], "texture": "#0"},
				"west": {"uv": [0, 0, 8, 4], "texture": "#4"},
				"up": {"uv": [0, 0, 8, 4], "texture": "#4"},
				"down": {"uv": [0, 0, 8, 4], "texture": "#4"}
			}
		},
		{
			"from": [6, 0, -16],
			"to": [11.5, 1, -15.9],
			"faces": {
				"north": {"uv": [0, 12, 8, 14], "texture": "#3"},
				"east": {"uv": [2, 5, 3, 6], "texture": "#0"},
				"south": {"uv": [2, 5, 3, 6], "texture": "#0"},
				"west": {"uv": [2, 5, 3, 6], "texture": "#0"},
				"up": {"uv": [2, 5, 3, 6], "texture": "#0"},
				"down": {"uv": [2, 5, 3, 6], "texture": "#0"}
			}
		},
		{
			"from": [0, 0.75, -6.75],
			"to": [16, 3.75, -4.5],
			"faces": {
				"north": {"uv": [0, 0, 8, 4], "texture": "#4"},
				"east": {"uv": [0, 0, 8, 4], "texture": "#4"},
				"south": {"uv": [0, 0, 8, 4], "texture": "#4"},
				"west": {"uv": [0, 0, 8, 4], "texture": "#4"},
				"up": {"uv": [0, 0, 8, 4], "texture": "#4"},
				"down": {"uv": [0, 0, 8, 4], "texture": "#4"}
			}
		},
		{
			"from": [0, 0.75, -15],
			"to": [16, 3.75, -12.75],
			"faces": {
				"north": {"uv": [0, 0, 8, 4], "texture": "#4"},
				"east": {"uv": [0, 0, 8, 4], "texture": "#4"},
				"south": {"uv": [0, 0, 8, 4], "texture": "#4"},
				"west": {"uv": [0, 0, 8, 4], "texture": "#4"},
				"up": {"uv": [0, 0, 8, 4], "texture": "#4"},
				"down": {"uv": [0, 0, 8, 4], "texture": "#4"}
			}
		},
		{
			"from": [0, 3.75, -15],
			"to": [16, 7, -4.5],
			"faces": {
				"north": {"uv": [0, 0, 8, 4], "texture": "#4"},
				"east": {"uv": [0, 0, 8, 4], "texture": "#4"},
				"south": {"uv": [0, 0, 8, 4], "texture": "#4"},
				"west": {"uv": [0, 0, 8, 4], "texture": "#4"},
				"up": {"uv": [0, 0, 8, 4], "texture": "#4"},
				"down": {"uv": [0, 0, 8, 4], "texture": "#4"}
			}
		},
		{
			"from": [0, 0, -15.75],
			"to": [16, 1, 31.5],
			"faces": {
				"north": {"uv": [6, 15, 22, 16], "texture": "#0"},
				"east": {"uv": [0, 0, 7, 1], "texture": "#4"},
				"south": {"uv": [0, 0, 6, 1], "texture": "#4"},
				"west": {"uv": [0, 0, 8, 1], "texture": "#4"},
				"up": {"uv": [0, 0, 7, 3], "texture": "#4"},
				"down": {"uv": [0, 0, 7, 4], "texture": "#4"}
			}
		},
		{
			"from": [8.5, 1, 0],
			"to": [15.5, 5, 6],
			"faces": {
				"north": {"uv": [0, 4, 4, 8], "texture": "#2"},
				"east": {"uv": [0, 4, 4, 8], "texture": "#2"},
				"south": {"uv": [0, 4, 4, 8], "texture": "#2"},
				"west": {"uv": [0, 4, 4, 8], "texture": "#2"},
				"up": {"uv": [0, 4, 4, 8], "texture": "#2"},
				"down": {"uv": [0, 4, 4, 8], "texture": "#2"}
			}
		},
		{
			"from": [8.5, 1, 6],
			"to": [15.5, 11, 7],
			"faces": {
				"north": {"uv": [0, 4, 4, 8], "texture": "#2"},
				"east": {"uv": [0, 4, 4, 8], "texture": "#2"},
				"south": {"uv": [0, 4, 4, 8], "texture": "#2"},
				"west": {"uv": [0, 4, 4, 8], "texture": "#2"},
				"up": {"uv": [0, 4, 4, 8], "texture": "#2"},
				"down": {"uv": [0, 4, 4, 8], "texture": "#2"}
			}
		},
		{
			"from": [0.75, 1, 9],
			"to": [15.25, 5, 15],
			"faces": {
				"north": {"uv": [0, 4, 4, 8], "texture": "#2"},
				"east": {"uv": [0, 4, 4, 8], "texture": "#2"},
				"south": {"uv": [0, 4, 4, 8], "texture": "#2"},
				"west": {"uv": [0, 4, 4, 8], "texture": "#2"},
				"up": {"uv": [0, 4, 4, 8], "texture": "#2"},
				"down": {"uv": [0, 4, 4, 8], "texture": "#2"}
			}
		},
		{
			"from": [0.75, 1, 15],
			"to": [15.25, 11, 16],
			"faces": {
				"north": {"uv": [0, 4, 4, 8], "texture": "#2"},
				"east": {"uv": [0, 4, 4, 8], "texture": "#2"},
				"south": {"uv": [0, 4, 4, 8], "texture": "#2"},
				"west": {"uv": [0, 4, 4, 8], "texture": "#2"},
				"up": {"uv": [0, 4, 4, 8], "texture": "#2"},
				"down": {"uv": [0, 4, 4, 8], "texture": "#2"}
			}
		},
		{
			"from": [0.75, 1, 0],
			"to": [7.75, 5, 6],
			"faces": {
				"north": {"uv": [0, 4, 4, 8], "texture": "#2"},
				"east": {"uv": [0, 4, 4, 8], "texture": "#2"},
				"south": {"uv": [0, 4, 4, 8], "texture": "#2"},
				"west": {"uv": [0, 4, 4, 8], "texture": "#2"},
				"up": {"uv": [0, 4, 4, 8], "texture": "#2"},
				"down": {"uv": [0, 4, 4, 8], "texture": "#2"}
			}
		},
		{
			"from": [0.75, 1, 6],
			"to": [7.75, 11, 7],
			"faces": {
				"north": {"uv": [0, 4, 4, 8], "texture": "#2"},
				"east": {"uv": [0, 4, 4, 8], "texture": "#2"},
				"south": {"uv": [0, 4, 4, 8], "texture": "#2"},
				"west": {"uv": [0, 4, 4, 8], "texture": "#2"},
				"up": {"uv": [0, 4, 4, 8], "texture": "#2"},
				"down": {"uv": [0, 4, 4, 8], "texture": "#2"}
			}
		},
		{
			"from": [2.5, 6.5, -4.5],
			"to": [3.5, 7.25, -2.5],
			"faces": {
				"north": {"uv": [9, 14, 10, 15], "texture": "#0"},
				"east": {"uv": [9, 14, 10, 15], "texture": "#0"},
				"south": {"uv": [9, 14, 10, 15], "texture": "#0"},
				"west": {"uv": [9, 14, 10, 15], "texture": "#0"},
				"up": {"uv": [9, 14, 10, 15], "texture": "#0"},
				"down": {"uv": [9, 14, 10, 15], "texture": "#0"}
			}
		},
		{
			"from": [1.75, 8.25, -2.5],
			"to": [2, 8.5, -2],
			"faces": {
				"north": {"uv": [9, 14, 10, 15], "texture": "#0"},
				"east": {"uv": [9, 14, 10, 15], "texture": "#0"},
				"south": {"uv": [9, 14, 10, 15], "texture": "#0"},
				"west": {"uv": [9, 14, 10, 15], "texture": "#0"},
				"up": {"uv": [9, 14, 10, 15], "texture": "#0"},
				"down": {"uv": [9, 14, 10, 15], "texture": "#0"}
			}
		},
		{
			"from": [1.5, 6.25, -2.5],
			"to": [1.75, 8.25, -2],
			"faces": {
				"north": {"uv": [9, 14, 10, 15], "texture": "#0"},
				"east": {"uv": [9, 14, 10, 15], "texture": "#0"},
				"south": {"uv": [9, 14, 10, 15], "texture": "#0"},
				"west": {"uv": [9, 14, 10, 15], "texture": "#0"},
				"up": {"uv": [9, 14, 10, 15], "texture": "#0"},
				"down": {"uv": [9, 14, 10, 15], "texture": "#0"}
			}
		},
		{
			"from": [2, 6.5, -2.5],
			"to": [4, 8, -2],
			"faces": {
				"north": {"uv": [9, 14, 10, 15], "texture": "#0"},
				"east": {"uv": [9, 14, 10, 15], "texture": "#0"},
				"south": {"uv": [9, 14, 10, 15], "texture": "#0"},
				"west": {"uv": [9, 14, 10, 15], "texture": "#0"},
				"up": {"uv": [9, 14, 10, 15], "texture": "#0"},
				"down": {"uv": [9, 14, 10, 15], "texture": "#0"}
			}
		},
		{
			"from": [2, 5.75, -2.5],
			"to": [4, 6, -2],
			"faces": {
				"north": {"uv": [9, 14, 10, 15], "texture": "#0"},
				"east": {"uv": [9, 14, 10, 15], "texture": "#0"},
				"south": {"uv": [9, 14, 10, 15], "texture": "#0"},
				"west": {"uv": [9, 14, 10, 15], "texture": "#0"},
				"up": {"uv": [9, 14, 10, 15], "texture": "#0"},
				"down": {"uv": [9, 14, 10, 15], "texture": "#0"}
			}
		},
		{
			"from": [1.75, 6, -2.5],
			"to": [2, 6.25, -2],
			"faces": {
				"north": {"uv": [9, 14, 10, 15], "texture": "#0"},
				"east": {"uv": [9, 14, 10, 15], "texture": "#0"},
				"south": {"uv": [9, 14, 10, 15], "texture": "#0"},
				"west": {"uv": [9, 14, 10, 15], "texture": "#0"},
				"up": {"uv": [9, 14, 10, 15], "texture": "#0"},
				"down": {"uv": [9, 14, 10, 15], "texture": "#0"}
			}
		},
		{
			"from": [4, 6, -2.5],
			"to": [4.25, 6.25, -2],
			"faces": {
				"north": {"uv": [9, 14, 10, 15], "texture": "#0"},
				"east": {"uv": [9, 14, 10, 15], "texture": "#0"},
				"south": {"uv": [9, 14, 10, 15], "texture": "#0"},
				"west": {"uv": [9, 14, 10, 15], "texture": "#0"},
				"up": {"uv": [9, 14, 10, 15], "texture": "#0"},
				"down": {"uv": [9, 14, 10, 15], "texture": "#0"}
			}
		},
		{
			"from": [4.25, 6.25, -2.5],
			"to": [4.5, 8.25, -2],
			"faces": {
				"north": {"uv": [9, 14, 10, 15], "texture": "#0"},
				"east": {"uv": [9, 14, 10, 15], "texture": "#0"},
				"south": {"uv": [9, 14, 10, 15], "texture": "#0"},
				"west": {"uv": [9, 14, 10, 15], "texture": "#0"},
				"up": {"uv": [9, 14, 10, 15], "texture": "#0"},
				"down": {"uv": [9, 14, 10, 15], "texture": "#0"}
			}
		},
		{
			"from": [4, 8.25, -2.5],
			"to": [4.25, 8.5, -2],
			"faces": {
				"north": {"uv": [9, 14, 10, 15], "texture": "#0"},
				"east": {"uv": [9, 14, 10, 15], "texture": "#0"},
				"south": {"uv": [9, 14, 10, 15], "texture": "#0"},
				"west": {"uv": [9, 14, 10, 15], "texture": "#0"},
				"up": {"uv": [9, 14, 10, 15], "texture": "#0"},
				"down": {"uv": [9, 14, 10, 15], "texture": "#0"}
			}
		},
		{
			"from": [2, 8.5, -2.5],
			"to": [4, 8.75, -2],
			"faces": {
				"north": {"uv": [9, 14, 10, 15], "texture": "#0"},
				"east": {"uv": [9, 14, 10, 15], "texture": "#0"},
				"south": {"uv": [9, 14, 10, 15], "texture": "#0"},
				"west": {"uv": [9, 14, 10, 15], "texture": "#0"},
				"up": {"uv": [9, 14, 10, 15], "texture": "#0"},
				"down": {"uv": [9, 14, 10, 15], "texture": "#0"}
			}
		},
		{
			"from": [-0.01, 8.75, 5.5],
			"to": [0.24, 17, 15],
			"faces": {
				"north": {"uv": [0, 0, 16, 16], "texture": "#1"},
				"east": {"uv": [0, 0, 16, 16], "texture": "#1"},
				"south": {"uv": [0, 0, 16, 16], "texture": "#1"},
				"west": {"uv": [0, 0, 16, 16], "texture": "#1"},
				"up": {"uv": [0, 0, 16, 16], "texture": "#1"},
				"down": {"uv": [0, 0, 16, 16], "texture": "#1"}
			}
		},
		{
			"from": [0.5, 9, 18.5],
			"to": [15.75, 17.25, 18.6],
			"faces": {
				"north": {"uv": [0, 0, 16, 16], "texture": "#1"},
				"east": {"uv": [0, 0, 16, 16], "texture": "#1"},
				"south": {"uv": [0, 0, 16, 16], "texture": "#1"},
				"west": {"uv": [0, 0, 16, 16], "texture": "#1"},
				"up": {"uv": [0, 0, 16, 16], "texture": "#1"},
				"down": {"uv": [0, 0, 16, 16], "texture": "#1"}
			}
		},
		{
			"from": [15.74, 8.75, 5.5],
			"to": [15.99, 17, 15],
			"faces": {
				"north": {"uv": [0, 0, 16, 16], "texture": "#1"},
				"east": {"uv": [0, 0, 16, 16], "texture": "#1"},
				"south": {"uv": [0, 0, 16, 16], "texture": "#1"},
				"west": {"uv": [0, 0, 16, 16], "texture": "#1"},
				"up": {"uv": [0, 0, 16, 16], "texture": "#1"},
				"down": {"uv": [0, 0, 16, 16], "texture": "#1"}
			}
		},
		{
			"from": [15.74, 8.75, -3.5],
			"to": [15.99, 11.5, 4.75],
			"faces": {
				"north": {"uv": [0, 0, 16, 3], "texture": "#1"},
				"east": {"uv": [0, 0, 16, 3], "texture": "#1"},
				"south": {"uv": [0, 0, 16, 3], "texture": "#1"},
				"west": {"uv": [0, 0, 16, 3], "texture": "#1"},
				"up": {"uv": [0, 0, 16, 3], "texture": "#1"},
				"down": {"uv": [0, 0, 16, 3], "texture": "#1"}
			}
		},
		{
			"name": "glass",
			"from": [2, 7.5, -4],
			"to": [14, 18, -3.8],
			"rotation": {"angle": 22.5, "axis": "x", "origin": [22, 11.5, -4]},
			"faces": {
				"north": {"uv": [0, 0, 16, 16], "rotation": 180, "texture": "#1"},
				"east": {"uv": [0, 0, 16, 16], "rotation": 180, "texture": "#1"},
				"south": {"uv": [0, 0, 16, 16], "rotation": 180, "texture": "#1"},
				"west": {"uv": [0, 0, 16, 16], "rotation": 180, "texture": "#1"},
				"up": {"uv": [0, 0, 16, 16], "rotation": 180, "texture": "#1"},
				"down": {"uv": [0, 0, 16, 16], "rotation": 180, "texture": "#1"}
			}
		},
		{
			"from": [-0.01, 8.75, -3.5],
			"to": [0.24, 11.5, 4.75],
			"faces": {
				"north": {"uv": [0, 0, 16, 4], "texture": "#1"},
				"east": {"uv": [0, 0, 16, 4], "texture": "#1"},
				"south": {"uv": [0, 0, 16, 4], "texture": "#1"},
				"west": {"uv": [0, 0, 16, 4], "texture": "#1"},
				"up": {"uv": [0, 0, 16, 4], "texture": "#1"},
				"down": {"uv": [0, 0, 16, 4], "texture": "#1"}
			}
		},
		{
			"from": [13.25, -2.25, 23.25],
			"to": [16.75, 3.75, 25.75],
			"rotation": {"angle": 45, "axis": "x", "origin": [15, 0.75, 24.5]},
			"faces": {
				"north": {"uv": [0, 12, 4, 16], "rotation": 180, "texture": "#2"},
				"east": {"uv": [0, 9, 4, 11], "rotation": 270, "texture": "#2"},
				"south": {"uv": [0, 12, 4, 16], "texture": "#2"},
				"west": {"uv": [0, 9, 4, 11], "rotation": 90, "texture": "#2"},
				"up": {"uv": [0, 12, 4, 16], "rotation": 180, "texture": "#2"},
				"down": {"uv": [0, 12, 4, 16], "texture": "#2"}
			}
		},
		{
			"from": [13.25, -2.25, 23.25],
			"to": [16.75, 3.75, 25.75],
			"rotation": {"angle": 0, "axis": "x", "origin": [15, 0.75, 24.5]},
			"faces": {
				"north": {"uv": [0, 12, 4, 16], "rotation": 180, "texture": "#2"},
				"east": {"uv": [0, 9, 4, 11], "rotation": 270, "texture": "#2"},
				"south": {"uv": [0, 12, 4, 16], "texture": "#2"},
				"west": {"uv": [0, 9, 4, 11], "rotation": 90, "texture": "#2"},
				"up": {"uv": [0, 12, 4, 16], "rotation": 180, "texture": "#2"},
				"down": {"uv": [0, 12, 4, 16], "texture": "#2"}
			}
		},
		{
			"from": [13.25, -0.5, 21.5],
			"to": [16.75, 2, 27.5],
			"rotation": {"angle": 45, "axis": "x", "origin": [15, 0.75, 24.5]},
			"faces": {
				"north": {"uv": [0, 12, 4, 16], "texture": "#2"},
				"east": {"uv": [0, 9, 4, 11], "texture": "#2"},
				"south": {"uv": [0, 12, 4, 16], "texture": "#2"},
				"west": {"uv": [0, 9, 4, 11], "texture": "#2"},
				"up": {"uv": [0, 12, 4, 16], "texture": "#2"},
				"down": {"uv": [0, 12, 4, 16], "texture": "#2"}
			}
		},
		{
			"from": [13.25, -0.5, 21.5],
			"to": [16.75, 2, 27.5],
			"faces": {
				"north": {"uv": [0, 12, 4, 16], "texture": "#2"},
				"east": {"uv": [0, 9, 4, 11], "texture": "#2"},
				"south": {"uv": [0, 12, 4, 16], "texture": "#2"},
				"west": {"uv": [0, 9, 4, 11], "texture": "#2"},
				"up": {"uv": [0, 12, 4, 16], "texture": "#2"},
				"down": {"uv": [0, 12, 4, 16], "texture": "#2"}
			}
		},
		{
			"from": [13.25, -2.25, -10.75],
			"to": [16.75, 3.75, -8.25],
			"rotation": {"angle": 45, "axis": "x", "origin": [15, 0.75, -9.5]},
			"faces": {
				"north": {"uv": [0, 12, 4, 16], "rotation": 180, "texture": "#2"},
				"east": {"uv": [0, 9, 4, 11], "rotation": 270, "texture": "#2"},
				"south": {"uv": [0, 12, 4, 16], "texture": "#2"},
				"west": {"uv": [0, 9, 4, 11], "rotation": 90, "texture": "#2"},
				"up": {"uv": [0, 12, 4, 16], "rotation": 180, "texture": "#2"},
				"down": {"uv": [0, 12, 4, 16], "texture": "#2"}
			}
		},
		{
			"from": [13.25, -2.25, -10.75],
			"to": [16.75, 3.75, -8.25],
			"rotation": {"angle": 0, "axis": "x", "origin": [15, 0.75, -9.5]},
			"faces": {
				"north": {"uv": [0, 12, 4, 16], "rotation": 180, "texture": "#2"},
				"east": {"uv": [0, 9, 4, 11], "rotation": 270, "texture": "#2"},
				"south": {"uv": [0, 12, 4, 16], "texture": "#2"},
				"west": {"uv": [0, 9, 4, 11], "rotation": 90, "texture": "#2"},
				"up": {"uv": [0, 12, 4, 16], "rotation": 180, "texture": "#2"},
				"down": {"uv": [0, 12, 4, 16], "texture": "#2"}
			}
		},
		{
			"from": [13.25, -0.5, -12.5],
			"to": [16.75, 2, -6.5],
			"rotation": {"angle": 45, "axis": "x", "origin": [15, 0.75, -9.5]},
			"faces": {
				"north": {"uv": [0, 12, 4, 16], "texture": "#2"},
				"east": {"uv": [0, 9, 4, 11], "texture": "#2"},
				"south": {"uv": [0, 12, 4, 16], "texture": "#2"},
				"west": {"uv": [0, 9, 4, 11], "texture": "#2"},
				"up": {"uv": [0, 12, 4, 16], "texture": "#2"},
				"down": {"uv": [0, 12, 4, 16], "texture": "#2"}
			}
		},
		{
			"from": [13.25, -0.5, -12.5],
			"to": [16.75, 2, -6.5],
			"faces": {
				"north": {"uv": [0, 12, 4, 16], "texture": "#2"},
				"east": {"uv": [0, 9, 4, 11], "texture": "#2"},
				"south": {"uv": [0, 12, 4, 16], "texture": "#2"},
				"west": {"uv": [0, 9, 4, 11], "texture": "#2"},
				"up": {"uv": [0, 12, 4, 16], "texture": "#2"},
				"down": {"uv": [0, 12, 4, 16], "texture": "#2"}
			}
		},
		{
			"from": [-0.75, -2.25, -10.75],
			"to": [2.75, 3.75, -8.25],
			"rotation": {"angle": 45, "axis": "x", "origin": [1, 0.75, -9.5]},
			"faces": {
				"north": {"uv": [0, 12, 4, 16], "rotation": 180, "texture": "#2"},
				"east": {"uv": [0, 9, 4, 11], "rotation": 270, "texture": "#2"},
				"south": {"uv": [0, 12, 4, 16], "texture": "#2"},
				"west": {"uv": [0, 9, 4, 11], "rotation": 90, "texture": "#2"},
				"up": {"uv": [0, 12, 4, 16], "rotation": 180, "texture": "#2"},
				"down": {"uv": [0, 12, 4, 16], "texture": "#2"}
			}
		},
		{
			"from": [-0.75, -2.25, -10.75],
			"to": [2.75, 3.75, -8.25],
			"rotation": {"angle": 0, "axis": "x", "origin": [1, 0.75, -9.5]},
			"faces": {
				"north": {"uv": [0, 12, 4, 16], "rotation": 180, "texture": "#2"},
				"east": {"uv": [0, 9, 4, 11], "rotation": 270, "texture": "#2"},
				"south": {"uv": [0, 12, 4, 16], "texture": "#2"},
				"west": {"uv": [0, 9, 4, 11], "rotation": 90, "texture": "#2"},
				"up": {"uv": [0, 12, 4, 16], "rotation": 180, "texture": "#2"},
				"down": {"uv": [0, 12, 4, 16], "texture": "#2"}
			}
		},
		{
			"from": [-0.75, -0.5, -12.5],
			"to": [2.75, 2, -6.5],
			"rotation": {"angle": 45, "axis": "x", "origin": [1, 0.75, -9.5]},
			"faces": {
				"north": {"uv": [0, 12, 4, 16], "texture": "#2"},
				"east": {"uv": [0, 9, 4, 11], "texture": "#2"},
				"south": {"uv": [0, 12, 4, 16], "texture": "#2"},
				"west": {"uv": [0, 9, 4, 11], "texture": "#2"},
				"up": {"uv": [0, 12, 4, 16], "texture": "#2"},
				"down": {"uv": [0, 12, 4, 16], "texture": "#2"}
			}
		},
		{
			"from": [-0.75, -0.5, -12.5],
			"to": [2.75, 2, -6.5],
			"faces": {
				"north": {"uv": [0, 12, 4, 16], "texture": "#2"},
				"east": {"uv": [0, 9, 4, 11], "texture": "#2"},
				"south": {"uv": [0, 12, 4, 16], "texture": "#2"},
				"west": {"uv": [0, 9, 4, 11], "texture": "#2"},
				"up": {"uv": [0, 12, 4, 16], "texture": "#2"},
				"down": {"uv": [0, 12, 4, 16], "texture": "#2"}
			}
		},
		{
			"from": [-0.75, -2.25, 23.25],
			"to": [2.75, 3.75, 25.75],
			"rotation": {"angle": 45, "axis": "x", "origin": [1, 0.75, 24.5]},
			"faces": {
				"north": {"uv": [0, 12, 4, 16], "rotation": 180, "texture": "#2"},
				"east": {"uv": [0, 9, 4, 11], "rotation": 270, "texture": "#2"},
				"south": {"uv": [0, 12, 4, 16], "texture": "#2"},
				"west": {"uv": [0, 9, 4, 11], "rotation": 90, "texture": "#2"},
				"up": {"uv": [0, 12, 4, 16], "rotation": 180, "texture": "#2"},
				"down": {"uv": [0, 12, 4, 16], "texture": "#2"}
			}
		},
		{
			"from": [-0.75, -2.25, 23.25],
			"to": [2.75, 3.75, 25.75],
			"rotation": {"angle": 0, "axis": "x", "origin": [1, 0.75, 24.5]},
			"faces": {
				"north": {"uv": [0, 12, 4, 16], "rotation": 180, "texture": "#2"},
				"east": {"uv": [0, 9, 4, 11], "rotation": 270, "texture": "#2"},
				"south": {"uv": [0, 12, 4, 16], "texture": "#2"},
				"west": {"uv": [0, 9, 4, 11], "rotation": 90, "texture": "#2"},
				"up": {"uv": [0, 12, 4, 16], "rotation": 180, "texture": "#2"},
				"down": {"uv": [0, 12, 4, 16], "texture": "#2"}
			}
		},
		{
			"from": [-0.75, -0.5, 21.5],
			"to": [2.75, 2, 27.5],
			"rotation": {"angle": 45, "axis": "x", "origin": [1, 0.75, 24.5]},
			"faces": {
				"north": {"uv": [0, 12, 4, 16], "texture": "#2"},
				"east": {"uv": [0, 9, 4, 11], "texture": "#2"},
				"south": {"uv": [0, 12, 4, 16], "texture": "#2"},
				"west": {"uv": [0, 9, 4, 11], "texture": "#2"},
				"up": {"uv": [0, 12, 4, 16], "texture": "#2"},
				"down": {"uv": [0, 12, 4, 16], "texture": "#2"}
			}
		},
		{
			"from": [-0.75, -0.5, 21.5],
			"to": [2.75, 2, 27.5],
			"faces": {
				"north": {"uv": [0, 12, 4, 16], "texture": "#2"},
				"east": {"uv": [0, 9, 4, 11], "texture": "#2"},
				"south": {"uv": [0, 12, 4, 16], "texture": "#2"},
				"west": {"uv": [0, 9, 4, 11], "texture": "#2"},
				"up": {"uv": [0, 12, 4, 16], "texture": "#2"},
				"down": {"uv": [0, 12, 4, 16], "texture": "#2"}
			}
		}
	],
	"display": {
		"gui": {
			"rotation": [22, 57, 0],
			"scale": [0.3, 0.3, 0.3]
		},
		"head": {
			"translation": [15.5, 11, 19],
			"scale": [4, 4, 4]
		}
	},
	"groups": [0, 1, 2, 3, 4, 5, 6, 7, 8, 9, 10, 11, 12, 13, 14, 15, 16, 17, 18, 19, 20, 21, 22, 23, 24, 25, 26, 27,
		{
			"name": "chair",
			"origin": [8, 8, 8],
			"children": [28, 29]
		},
		{
			"name": "bench",
			"origin": [8, 8, 8],
			"children": [30, 31]
		},
		{
			"name": "chair",
			"origin": [8, 8, 8],
			"children": [32, 33]
		},
		{
			"name": "steeringwheel",
			"origin": [8, 8, 8],
			"children": [34, 35, 36, 37, 38, 39, 40, 41, 42, 43]
		},
		{
			"name": "group",
			"origin": [8, 8, 8],
			"children": [44, 45, 46, 47, 48, 49]
		},
		{
			"name": "group",
			"origin": [8, 8, 8],
			"children": [50, 51, 52, 53]
		},
		{
			"name": "group",
			"origin": [8, 8, 8],
			"children": [54, 55, 56, 57]
		},
		{
			"name": "group",
			"origin": [8, 8, 8],
			"children": [58, 59, 60, 61]
		},
		{
			"name": "group",
			"origin": [8, 8, 8],
			"children": [62, 63, 64, 65]
		}
	]
}