{
	"credit": "Made with Blockbench",
	"textures": {
		"0": "items/qavassets1",
		"3": "items/rgbsheet1",
		"4": "items/azul",
		"5": "items/texturedmaterials1",
		"particle": "items/qavassets1"
	},
	"elements": [
		{
			"from": [0, 1.25, 22.5],
			"to": [15.75, 3, 22.75],
			"faces": {
				"north": {"uv": [14, 14, 15, 15], "texture": "#3"},
				"east": {"uv": [14, 14, 15, 15], "texture": "#3"},
				"south": {"uv": [9, 14, 10, 15], "texture": "#3"},
				"west": {"uv": [14, 14, 15, 15], "texture": "#3"},
				"up": {"uv": [14, 14, 15, 15], "texture": "#3"},
				"down": {"uv": [14, 14, 15, 15], "texture": "#3"}
			}
		},
		{
			"from": [0, 2.5, -9.25],
			"to": [16, 4.5, 2],
			"faces": {
				"north": {"uv": [0, 8, 8, 12], "texture": "#5"},
				"east": {"uv": [0, 8, 8, 12], "texture": "#5"},
				"south": {"uv": [0, 8, 8, 12], "texture": "#5"},
				"west": {"uv": [0, 8, 8, 12], "texture": "#5"},
				"up": {"uv": [0, 8, 8, 12], "texture": "#5"},
				"down": {"uv": [0, 8, 8, 12], "texture": "#5"}
			}
		},
		{
			"from": [-1, 15.25, -0.25],
			"to": [16, 16.25, 2],
			"faces": {
				"north": {"uv": [0, 8, 8.25, 12], "texture": "#5"},
				"east": {"uv": [0, 8, 8.25, 12], "texture": "#5"},
				"south": {"uv": [0, 8, 8.25, 12], "texture": "#5"},
				"west": {"uv": [0, 8, 8.25, 12], "texture": "#5"},
				"up": {"uv": [0, 8, 8.25, 12], "texture": "#5"},
				"down": {"uv": [0, 8, 8.25, 12], "texture": "#5"}
			}
		},
		{
			"from": [-1, 15.25, 7.75],
			"to": [16, 16.25, 10],
			"faces": {
				"north": {"uv": [0, 8, 8.25, 12], "texture": "#5"},
				"east": {"uv": [0, 8, 8.25, 12], "texture": "#5"},
				"south": {"uv": [0, 8, 8.25, 12], "texture": "#5"},
				"west": {"uv": [0, 8, 8.25, 12], "texture": "#5"},
				"up": {"uv": [0, 8, 8.25, 12], "texture": "#5"},
				"down": {"uv": [0, 8, 8.25, 12], "texture": "#5"}
			}
		},
		{
			"from": [0, 4.5, -10.25],
			"to": [16, 6.5, -3],
			"faces": {
				"north": {"uv": [0, 8, 8, 12], "texture": "#5"},
				"east": {"uv": [0, 8, 8, 12], "texture": "#5"},
				"south": {"uv": [0, 8, 8, 12], "texture": "#5"},
				"west": {"uv": [0, 8, 8, 12], "texture": "#5"},
				"up": {"uv": [0, 8, 8, 12], "texture": "#5"},
				"down": {"uv": [0, 8, 8, 12], "texture": "#5"}
			}
		},
		{
			"from": [0, 4.5, -5.25],
			"to": [16, 9.5, -2],
			"faces": {
				"north": {"uv": [0, 8, 8, 12], "texture": "#4"},
				"east": {"uv": [0, 8, 8, 12], "texture": "#4"},
				"south": {"uv": [0, 8, 8, 12], "texture": "#4"},
				"west": {"uv": [0, 8, 8, 12], "texture": "#4"},
				"up": {"uv": [0, 8, 8, 12], "texture": "#4"},
				"down": {"uv": [0, 8, 8, 12], "texture": "#4"}
			}
		},
		{
			"from": [0, 2.75, 26.5],
			"to": [16, 9.5, 28],
			"faces": {
				"north": {"uv": [0, 8, 8, 12], "texture": "#4"},
				"east": {"uv": [0, 8, 8, 12], "texture": "#4"},
				"south": {"uv": [0, 8, 8, 12], "texture": "#4"},
				"west": {"uv": [0, 8, 8, 12], "texture": "#4"},
				"up": {"uv": [0, 8, 8, 12], "texture": "#4"},
				"down": {"uv": [0, 8, 8, 12], "texture": "#4"}
			}
		},
		{
			"from": [7, 17, 9.5],
			"to": [10, 20.75, 15],
			"faces": {
				"north": {"uv": [0, 8, 8, 12], "texture": "#5"},
				"east": {"uv": [0, 8, 8, 12], "texture": "#5"},
				"south": {"uv": [0, 8, 8, 12], "texture": "#5"},
				"west": {"uv": [0, 8, 8, 12], "texture": "#5"},
				"up": {"uv": [0, 8, 8, 12], "texture": "#5"},
				"down": {"uv": [0, 8, 8, 12], "texture": "#5"}
			}
		},
		{
			"from": [7, 16, 14],
			"to": [10, 19.75, 21],
			"faces": {
				"north": {"uv": [0, 8, 8, 12], "texture": "#5"},
				"east": {"uv": [0, 8, 8, 12], "texture": "#5"},
				"south": {"uv": [0, 8, 8, 12], "texture": "#5"},
				"west": {"uv": [0, 8, 8, 12], "texture": "#5"},
				"up": {"uv": [0, 8, 8, 12], "texture": "#5"},
				"down": {"uv": [0, 8, 8, 12], "texture": "#5"}
			}
		},
		{
			"from": [4, 18, 14],
			"to": [8, 18, 17],
			"faces": {
				"north": {"uv": [0, 12, 4, 16], "texture": "#0"},
				"east": {"uv": [0, 12, 4, 16], "texture": "#0"},
				"south": {"uv": [0, 12, 4, 16], "texture": "#0"},
				"west": {"uv": [0, 12, 4, 16], "texture": "#0"},
				"up": {"uv": [0, 12, 4, 16], "texture": "#0"},
				"down": {"uv": [0, 12, 4, 16], "texture": "#0"}
			}
		},
		{
			"from": [4, 13, 14],
			"to": [4, 18, 17],
			"faces": {
				"north": {"uv": [0, 12, 4, 16], "texture": "#0"},
				"east": {"uv": [0, 12, 4, 16], "texture": "#0"},
				"south": {"uv": [0, 12, 4, 16], "texture": "#0"},
				"west": {"uv": [0, 12, 4, 16], "texture": "#0"},
				"up": {"uv": [0, 12, 4, 16], "texture": "#0"},
				"down": {"uv": [0, 12, 4, 16], "texture": "#0"}
			}
		},
		{
			"from": [4, 8, 14],
			"to": [4, 13, 17],
			"faces": {
				"north": {"uv": [0, 12, 4, 16], "texture": "#0"},
				"east": {"uv": [0, 12, 4, 16], "texture": "#0"},
				"south": {"uv": [0, 12, 4, 16], "texture": "#0"},
				"west": {"uv": [0, 12, 4, 16], "texture": "#0"},
				"up": {"uv": [0, 12, 4, 16], "texture": "#0"},
				"down": {"uv": [0, 12, 4, 16], "texture": "#0"}
			}
		},
		{
			"from": [4, 3, 14],
			"to": [4, 8, 17],
			"faces": {
				"north": {"uv": [0, 12, 4, 16], "texture": "#0"},
				"east": {"uv": [0, 12, 4, 16], "texture": "#0"},
				"south": {"uv": [0, 12, 4, 16], "texture": "#0"},
				"west": {"uv": [0, 12, 4, 16], "texture": "#0"},
				"up": {"uv": [0, 12, 4, 16], "texture": "#0"},
				"down": {"uv": [0, 12, 4, 16], "texture": "#0"}
			}
		},
		{
			"from": [8, 5, 16],
			"to": [9, 19.75, 18],
			"faces": {
				"north": {"uv": [0, 8, 8, 12], "texture": "#5"},
				"east": {"uv": [0, 8, 8, 12], "texture": "#5"},
				"south": {"uv": [0, 8, 8, 12], "texture": "#5"},
				"west": {"uv": [0, 8, 8, 12], "texture": "#5"},
				"up": {"uv": [0, 8, 8, 12], "texture": "#5"},
				"down": {"uv": [0, 8, 8, 12], "texture": "#5"}
			}
		},
		{
			"from": [8, 18, 0.5],
			"to": [9, 19.75, 9.5],
			"faces": {
				"north": {"uv": [0, 8, 8, 12], "texture": "#5"},
				"east": {"uv": [0, 8, 8, 12], "texture": "#5"},
				"south": {"uv": [0, 8, 8, 12], "texture": "#5"},
				"west": {"uv": [0, 8, 8, 12], "texture": "#5"},
				"up": {"uv": [0, 8, 8, 12], "texture": "#5"},
				"down": {"uv": [0, 8, 8, 12], "texture": "#5"}
			}
		},
		{
			"from": [10, 16.67963, 7.36889],
			"to": [13, 22.42963, 8.86889],
			"rotation": {"angle": 22.5, "axis": "x", "origin": [8, 8, 8]},
			"faces": {
				"north": {"uv": [0, 8, 8, 12], "texture": "#4"},
				"east": {"uv": [0, 8, 8, 12], "texture": "#4"},
				"south": {"uv": [0, 8, 8, 12], "texture": "#4"},
				"west": {"uv": [0, 8, 8, 12], "texture": "#4"},
				"up": {"uv": [0, 8, 8, 12], "texture": "#4"},
				"down": {"uv": [0, 8, 8, 12], "texture": "#4"}
			}
		},
		{
			"from": [4, 16.67963, 7.36889],
			"to": [7, 22.42963, 8.86889],
			"rotation": {"angle": 22.5, "axis": "x", "origin": [8, 8, 8]},
			"faces": {
				"north": {"uv": [0, 8, 8, 12], "texture": "#4"},
				"east": {"uv": [0, 8, 8, 12], "texture": "#4"},
				"south": {"uv": [0, 8, 8, 12], "texture": "#4"},
				"west": {"uv": [0, 8, 8, 12], "texture": "#4"},
				"up": {"uv": [0, 8, 8, 12], "texture": "#4"},
				"down": {"uv": [0, 8, 8, 12], "texture": "#4"}
			}
		},
		{
			"from": [0, 2.75, 8.5],
			"to": [16, 5.5, 25.5],
			"faces": {
				"north": {"uv": [0, 8, 8, 12], "texture": "#5"},
				"east": {"uv": [0, 8, 8, 12], "texture": "#5"},
				"south": {"uv": [0, 8, 8, 12], "texture": "#5"},
				"west": {"uv": [0, 8, 8, 12], "texture": "#5"},
				"up": {"uv": [0, 8, 8, 12], "texture": "#5"},
				"down": {"uv": [0, 8, 8, 12], "texture": "#5"}
			}
		},
		{
			"from": [5, 5.75, -14.75],
			"to": [11, 8.25, -7],
			"faces": {
				"north": {"uv": [4, 4, 16, 8], "texture": "#0"},
				"east": {"uv": [0, 8, 8, 12], "texture": "#5"},
				"south": {"uv": [0, 8, 8, 12], "texture": "#5"},
				"west": {"uv": [0, 8, 8, 12], "texture": "#5"},
				"up": {"uv": [0, 8, 8, 12], "texture": "#5"},
				"down": {"uv": [0, 8, 8, 12], "texture": "#5"}
			}
		},
		{
			"from": [2, 9.59776, -10.48463],
			"to": [14, 11.59776, -3.23463],
			"rotation": {"angle": 0, "axis": "x", "origin": [8, 6.5, -9.625]},
			"faces": {
				"north": {"uv": [0, 4, 8, 8], "texture": "#4"},
				"east": {"uv": [0, 4, 8, 8], "texture": "#4"},
				"south": {"uv": [0, 4, 8, 8], "texture": "#4"},
				"west": {"uv": [0, 4, 8, 8], "texture": "#4"},
				"up": {"uv": [0, 4, 8, 8], "texture": "#4"},
				"down": {"uv": [0, 4, 8, 8], "texture": "#4"}
			}
		},
		{
			"from": [0, 8.44971, -13.71299],
			"to": [16, 10.44971, -2.46299],
			"rotation": {"angle": 0, "axis": "x", "origin": [8, 6.5, -9.625]},
			"faces": {
				"north": {"uv": [0, 4, 8, 8], "texture": "#4"},
				"east": {"uv": [0, 4, 8, 8], "texture": "#4"},
				"south": {"uv": [0, 4, 8, 8], "texture": "#4"},
				"west": {"uv": [0, 4, 8, 8], "texture": "#4"},
				"up": {"uv": [0, 4, 8, 8], "texture": "#4"},
				"down": {"uv": [0, 4, 8, 8], "texture": "#4"}
			}
		},
		{
			"from": [0, 1.75, -5],
			"to": [16, 2.75, 24],
			"faces": {
				"north": {"uv": [0, 4, 8, 8], "texture": "#5"},
				"east": {"uv": [0, 4, 8, 8], "texture": "#5"},
				"south": {"uv": [0, 4, 8, 8], "texture": "#5"},
				"west": {"uv": [0, 4, 8, 8], "texture": "#5"},
				"up": {"uv": [0, 4, 8, 8], "texture": "#5"},
				"down": {"uv": [0, 4, 8, 8], "texture": "#5"}
			}
		},
		{
			"from": [8.5, 2, 1],
			"to": [15.5, 6, 7],
			"faces": {
				"north": {"uv": [0, 12, 4, 16], "texture": "#0"},
				"east": {"uv": [0, 12, 4, 16], "texture": "#0"},
				"south": {"uv": [0, 12, 4, 16], "texture": "#0"},
				"west": {"uv": [0, 12, 4, 16], "texture": "#0"},
				"up": {"uv": [0, 12, 4, 16], "texture": "#0"},
				"down": {"uv": [0, 12, 4, 16], "texture": "#0"}
			}
		},
		{
			"from": [8.5, 2, 7],
			"to": [15.5, 12, 8],
			"faces": {
				"north": {"uv": [0, 12, 4, 16], "texture": "#0"},
				"east": {"uv": [0, 12, 4, 16], "texture": "#0"},
				"south": {"uv": [0, 12, 4, 16], "texture": "#0"},
				"west": {"uv": [0, 12, 4, 16], "texture": "#0"},
				"up": {"uv": [0, 12, 4, 16], "texture": "#0"},
				"down": {"uv": [0, 12, 4, 16], "texture": "#0"}
			}
		},
		{
			"from": [0.75, 2, 1],
			"to": [7.75, 6, 7],
			"faces": {
				"north": {"uv": [0, 12, 4, 16], "texture": "#0"},
				"east": {"uv": [0, 12, 4, 16], "texture": "#0"},
				"south": {"uv": [0, 12, 4, 16], "texture": "#0"},
				"west": {"uv": [0, 12, 4, 16], "texture": "#0"},
				"up": {"uv": [0, 12, 4, 16], "texture": "#0"},
				"down": {"uv": [0, 12, 4, 16], "texture": "#0"}
			}
		},
		{
			"from": [0.75, 2, 7],
			"to": [7.75, 12, 8],
			"faces": {
				"north": {"uv": [0, 12, 4, 16], "texture": "#0"},
				"east": {"uv": [0, 12, 4, 16], "texture": "#0"},
				"south": {"uv": [0, 12, 4, 16], "texture": "#0"},
				"west": {"uv": [0, 12, 4, 16], "texture": "#0"},
				"up": {"uv": [0, 12, 4, 16], "texture": "#0"},
				"down": {"uv": [0, 12, 4, 16], "texture": "#0"}
			}
		},
		{
			"from": [2.5, 7.5, -3.5],
			"to": [3.5, 8.25, -1.5],
			"faces": {
				"north": {"uv": [10, 14, 11, 15], "texture": "#3"},
				"east": {"uv": [10, 14, 11, 15], "texture": "#3"},
				"south": {"uv": [10, 14, 11, 15], "texture": "#3"},
				"west": {"uv": [10, 14, 11, 15], "texture": "#3"},
				"up": {"uv": [10, 14, 11, 15], "texture": "#3"},
				"down": {"uv": [10, 14, 11, 15], "texture": "#3"}
			}
		},
		{
			"from": [1.75, 9.25, -1.5],
			"to": [2, 9.5, -1],
			"faces": {
				"north": {"uv": [10, 14, 11, 15], "texture": "#3"},
				"east": {"uv": [10, 14, 11, 15], "texture": "#3"},
				"south": {"uv": [10, 14, 11, 15], "texture": "#3"},
				"west": {"uv": [10, 14, 11, 15], "texture": "#3"},
				"up": {"uv": [10, 14, 11, 15], "texture": "#3"},
				"down": {"uv": [10, 14, 11, 15], "texture": "#3"}
			}
		},
		{
			"from": [1.5, 7.25, -1.5],
			"to": [1.75, 9.25, -1],
			"faces": {
				"north": {"uv": [10, 14, 11, 15], "texture": "#3"},
				"east": {"uv": [10, 14, 11, 15], "texture": "#3"},
				"south": {"uv": [10, 14, 11, 15], "texture": "#3"},
				"west": {"uv": [10, 14, 11, 15], "texture": "#3"},
				"up": {"uv": [10, 14, 11, 15], "texture": "#3"},
				"down": {"uv": [10, 14, 11, 15], "texture": "#3"}
			}
		},
		{
			"from": [2, 7.5, -1.5],
			"to": [4, 9, -1],
			"faces": {
				"north": {"uv": [10, 14, 11, 15], "texture": "#3"},
				"east": {"uv": [10, 14, 11, 15], "texture": "#3"},
				"south": {"uv": [10, 14, 11, 15], "texture": "#3"},
				"west": {"uv": [10, 14, 11, 15], "texture": "#3"},
				"up": {"uv": [10, 14, 11, 15], "texture": "#3"},
				"down": {"uv": [10, 14, 11, 15], "texture": "#3"}
			}
		},
		{
			"from": [2, 6.75, -1.5],
			"to": [4, 7, -1],
			"faces": {
				"north": {"uv": [10, 14, 11, 15], "texture": "#3"},
				"east": {"uv": [10, 14, 11, 15], "texture": "#3"},
				"south": {"uv": [10, 14, 11, 15], "texture": "#3"},
				"west": {"uv": [10, 14, 11, 15], "texture": "#3"},
				"up": {"uv": [10, 14, 11, 15], "texture": "#3"},
				"down": {"uv": [10, 14, 11, 15], "texture": "#3"}
			}
		},
		{
			"from": [1.75, 7, -1.5],
			"to": [2, 7.25, -1],
			"faces": {
				"north": {"uv": [10, 14, 11, 15], "texture": "#3"},
				"east": {"uv": [10, 14, 11, 15], "texture": "#3"},
				"south": {"uv": [10, 14, 11, 15], "texture": "#3"},
				"west": {"uv": [10, 14, 11, 15], "texture": "#3"},
				"up": {"uv": [10, 14, 11, 15], "texture": "#3"},
				"down": {"uv": [10, 14, 11, 15], "texture": "#3"}
			}
		},
		{
			"from": [4, 7, -1.5],
			"to": [4.25, 7.25, -1],
			"faces": {
				"north": {"uv": [10, 14, 11, 15], "texture": "#3"},
				"east": {"uv": [10, 14, 11, 15], "texture": "#3"},
				"south": {"uv": [10, 14, 11, 15], "texture": "#3"},
				"west": {"uv": [10, 14, 11, 15], "texture": "#3"},
				"up": {"uv": [10, 14, 11, 15], "texture": "#3"},
				"down": {"uv": [10, 14, 11, 15], "texture": "#3"}
			}
		},
		{
			"from": [4.25, 7.25, -1.5],
			"to": [4.5, 9.25, -1],
			"faces": {
				"north": {"uv": [10, 14, 11, 15], "texture": "#3"},
				"east": {"uv": [10, 14, 11, 15], "texture": "#3"},
				"south": {"uv": [10, 14, 11, 15], "texture": "#3"},
				"west": {"uv": [10, 14, 11, 15], "texture": "#3"},
				"up": {"uv": [10, 14, 11, 15], "texture": "#3"},
				"down": {"uv": [10, 14, 11, 15], "texture": "#3"}
			}
		},
		{
			"from": [4, 9.25, -1.5],
			"to": [4.25, 9.5, -1],
			"faces": {
				"north": {"uv": [10, 14, 11, 15], "texture": "#3"},
				"east": {"uv": [10, 14, 11, 15], "texture": "#3"},
				"south": {"uv": [10, 14, 11, 15], "texture": "#3"},
				"west": {"uv": [10, 14, 11, 15], "texture": "#3"},
				"up": {"uv": [10, 14, 11, 15], "texture": "#3"},
				"down": {"uv": [10, 14, 11, 15], "texture": "#3"}
			}
		},
		{
			"from": [2, 9.5, -1.5],
			"to": [4, 9.75, -1],
			"faces": {
				"north": {"uv": [10, 14, 11, 15], "texture": "#3"},
				"east": {"uv": [10, 14, 11, 15], "texture": "#3"},
				"south": {"uv": [10, 14, 11, 15], "texture": "#3"},
				"west": {"uv": [10, 14, 11, 15], "texture": "#3"},
				"up": {"uv": [10, 14, 11, 15], "texture": "#3"},
				"down": {"uv": [10, 14, 11, 15], "texture": "#3"}
			}
		},
		{
			"from": [-3.75, -3.5, -10.75],
			"to": [-0.25, 6.5, -8.25],
			"rotation": {"angle": 0, "axis": "y", "origin": [1, 0.5, -9.5]},
			"faces": {
				"north": {"uv": [0, 12, 4, 16], "rotation": 180, "texture": "#0"},
				"east": {"uv": [0, 9, 4, 11], "rotation": 90, "texture": "#0"},
				"south": {"uv": [0, 12, 4, 16], "texture": "#0"},
				"west": {"uv": [0, 9, 4, 11], "rotation": 270, "texture": "#0"},
				"up": {"uv": [0, 12, 4, 16], "texture": "#0"},
				"down": {"uv": [0, 12, 4, 16], "rotation": 180, "texture": "#0"}
			}
		},
		{
			"from": [-3.75, 0.25, -14.5],
			"to": [-0.25, 2.75, -4.5],
			"rotation": {"angle": 0, "axis": "x", "origin": [1, 0.5, -9.5]},
			"faces": {
				"north": {"uv": [0, 12, 4, 16], "texture": "#0"},
				"east": {"uv": [0, 9, 4, 11], "texture": "#0"},
				"south": {"uv": [0, 12, 4, 16], "texture": "#0"},
				"west": {"uv": [0, 9, 4, 11], "texture": "#0"},
				"up": {"uv": [0, 12, 4, 16], "texture": "#0"},
				"down": {"uv": [0, 12, 4, 16], "texture": "#0"}
			}
		},
		{
			"from": [-3.75, -3.79289, -11.45711],
			"to": [-0.25, 6.20711, -8.95711],
			"rotation": {"angle": 45, "axis": "x", "origin": [1, 0.5, -9.5]},
			"faces": {
				"north": {"uv": [0, 12, 4, 16], "rotation": 180, "texture": "#0"},
				"east": {"uv": [0, 9, 4, 11], "rotation": 90, "texture": "#0"},
				"south": {"uv": [0, 12, 4, 16], "texture": "#0"},
				"west": {"uv": [0, 9, 4, 11], "rotation": 270, "texture": "#0"},
				"up": {"uv": [0, 12, 4, 16], "texture": "#0"},
				"down": {"uv": [0, 12, 4, 16], "rotation": 180, "texture": "#0"}
			}
		},
		{
			"from": [-3.75, -0.04289, -15.20711],
			"to": [-0.25, 2.45711, -5.20711],
			"rotation": {"angle": 45, "axis": "x", "origin": [1, 0.5, -9.5]},
			"faces": {
				"north": {"uv": [0, 12, 4, 16], "texture": "#0"},
				"east": {"uv": [0, 9, 4, 11], "texture": "#0"},
				"south": {"uv": [0, 12, 4, 16], "texture": "#0"},
				"west": {"uv": [0, 9, 4, 11], "texture": "#0"},
				"up": {"uv": [0, 12, 4, 16], "texture": "#0"},
				"down": {"uv": [0, 12, 4, 16], "texture": "#0"}
			}
		},
		{
			"from": [-3.75, -3.57612, -11.13268],
			"to": [-0.25, 6.42388, -8.63268],
			"rotation": {"angle": 22.5, "axis": "x", "origin": [1, 0.5, -9.5]},
			"faces": {
				"north": {"uv": [0, 12, 4, 16], "rotation": 180, "texture": "#0"},
				"east": {"uv": [0, 9, 4, 11], "rotation": 90, "texture": "#0"},
				"south": {"uv": [0, 12, 4, 16], "texture": "#0"},
				"west": {"uv": [0, 9, 4, 11], "rotation": 270, "texture": "#0"},
				"up": {"uv": [0, 12, 4, 16], "texture": "#0"},
				"down": {"uv": [0, 12, 4, 16], "rotation": 180, "texture": "#0"}
			}
		},
		{
			"from": [-3.75, 0.17388, -14.88268],
			"to": [-0.25, 2.67388, -4.88268],
			"rotation": {"angle": 22.5, "axis": "x", "origin": [1, 0.5, -9.5]},
			"faces": {
				"north": {"uv": [0, 12, 4, 16], "texture": "#0"},
				"east": {"uv": [0, 9, 4, 11], "texture": "#0"},
				"south": {"uv": [0, 12, 4, 16], "texture": "#0"},
				"west": {"uv": [0, 9, 4, 11], "texture": "#0"},
				"up": {"uv": [0, 12, 4, 16], "texture": "#0"},
				"down": {"uv": [0, 12, 4, 16], "texture": "#0"}
			}
		},
		{
			"from": [-3.75, 0.17388, -14.11732],
			"to": [-0.25, 2.67388, -4.11732],
			"rotation": {"angle": -22.5, "axis": "x", "origin": [1, 0.5, -9.5]},
			"faces": {
				"north": {"uv": [0, 12, 4, 16], "texture": "#0"},
				"east": {"uv": [0, 9, 4, 11], "texture": "#0"},
				"south": {"uv": [0, 12, 4, 16], "texture": "#0"},
				"west": {"uv": [0, 9, 4, 11], "texture": "#0"},
				"up": {"uv": [0, 12, 4, 16], "texture": "#0"},
				"down": {"uv": [0, 12, 4, 16], "texture": "#0"}
			}
		},
		{
			"from": [-3.75, -3.57612, -10.36732],
			"to": [-0.25, 6.42388, -7.86732],
			"rotation": {"angle": -22.5, "axis": "x", "origin": [1, 0.5, -9.5]},
			"faces": {
				"north": {"uv": [0, 12, 4, 16], "rotation": 180, "texture": "#0"},
				"east": {"uv": [0, 9, 4, 11], "rotation": 270, "texture": "#0"},
				"south": {"uv": [0, 12, 4, 16], "texture": "#0"},
				"west": {"uv": [0, 9, 4, 11], "rotation": 90, "texture": "#0"},
				"up": {"uv": [0, 12, 4, 16], "rotation": 180, "texture": "#0"},
				"down": {"uv": [0, 12, 4, 16], "texture": "#0"}
			}
		},
		{
			"from": [-3.75, -3.5, 21.25],
			"to": [-0.25, 6.5, 23.75],
			"rotation": {"angle": 0, "axis": "y", "origin": [1, 0.5, -9.5]},
			"faces": {
				"north": {"uv": [0, 12, 4, 16], "rotation": 180, "texture": "#0"},
				"east": {"uv": [0, 9, 4, 11], "rotation": 90, "texture": "#0"},
				"south": {"uv": [0, 12, 4, 16], "texture": "#0"},
				"west": {"uv": [0, 9, 4, 11], "rotation": 270, "texture": "#0"},
				"up": {"uv": [0, 12, 4, 16], "texture": "#0"},
				"down": {"uv": [0, 12, 4, 16], "rotation": 180, "texture": "#0"}
			}
		},
		{
			"from": [-3.75, 0.25, 17.5],
			"to": [-0.25, 2.75, 27.5],
			"rotation": {"angle": 0, "axis": "x", "origin": [1, 0.5, -9.5]},
			"faces": {
				"north": {"uv": [0, 12, 4, 16], "texture": "#0"},
				"east": {"uv": [0, 9, 4, 11], "texture": "#0"},
				"south": {"uv": [0, 12, 4, 16], "texture": "#0"},
				"west": {"uv": [0, 9, 4, 11], "texture": "#0"},
				"up": {"uv": [0, 12, 4, 16], "texture": "#0"},
				"down": {"uv": [0, 12, 4, 16], "texture": "#0"}
			}
		},
		{
			"from": [-3.75, 18.83452, 11.17031],
			"to": [-0.25, 28.83452, 13.67031],
			"rotation": {"angle": 45, "axis": "x", "origin": [1, 0.5, -9.5]},
			"faces": {
				"north": {"uv": [0, 12, 4, 16], "rotation": 180, "texture": "#0"},
				"east": {"uv": [0, 9, 4, 11], "rotation": 90, "texture": "#0"},
				"south": {"uv": [0, 12, 4, 16], "texture": "#0"},
				"west": {"uv": [0, 9, 4, 11], "rotation": 270, "texture": "#0"},
				"up": {"uv": [0, 12, 4, 16], "texture": "#0"},
				"down": {"uv": [0, 12, 4, 16], "rotation": 180, "texture": "#0"}
			}
		},
		{
			"from": [-3.75, 22.58452, 7.42031],
			"to": [-0.25, 25.08452, 17.42031],
			"rotation": {"angle": 45, "axis": "x", "origin": [1, 0.5, -9.5]},
			"faces": {
				"north": {"uv": [0, 12, 4, 16], "texture": "#0"},
				"east": {"uv": [0, 9, 4, 11], "texture": "#0"},
				"south": {"uv": [0, 12, 4, 16], "texture": "#0"},
				"west": {"uv": [0, 9, 4, 11], "texture": "#0"},
				"up": {"uv": [0, 12, 4, 16], "texture": "#0"},
				"down": {"uv": [0, 12, 4, 16], "texture": "#0"}
			}
		},
		{
			"from": [-3.75, 8.66975, 18.43146],
			"to": [-0.25, 18.66975, 20.93146],
			"rotation": {"angle": 22.5, "axis": "x", "origin": [1, 0.5, -9.5]},
			"faces": {
				"north": {"uv": [0, 12, 4, 16], "rotation": 180, "texture": "#0"},
				"east": {"uv": [0, 9, 4, 11], "rotation": 90, "texture": "#0"},
				"south": {"uv": [0, 12, 4, 16], "texture": "#0"},
				"west": {"uv": [0, 9, 4, 11], "rotation": 270, "texture": "#0"},
				"up": {"uv": [0, 12, 4, 16], "texture": "#0"},
				"down": {"uv": [0, 12, 4, 16], "rotation": 180, "texture": "#0"}
			}
		},
		{
			"from": [-3.75, 12.41975, 14.68146],
			"to": [-0.25, 14.91975, 24.68146],
			"rotation": {"angle": 22.5, "axis": "x", "origin": [1, 0.5, -9.5]},
			"faces": {
				"north": {"uv": [0, 12, 4, 16], "texture": "#0"},
				"east": {"uv": [0, 9, 4, 11], "texture": "#0"},
				"south": {"uv": [0, 12, 4, 16], "texture": "#0"},
				"west": {"uv": [0, 9, 4, 11], "texture": "#0"},
				"up": {"uv": [0, 12, 4, 16], "texture": "#0"},
				"down": {"uv": [0, 12, 4, 16], "texture": "#0"}
			}
		},
		{
			"from": [-3.75, -12.07199, 15.44683],
			"to": [-0.25, -9.57199, 25.44683],
			"rotation": {"angle": -22.5, "axis": "x", "origin": [1, 0.5, -9.5]},
			"faces": {
				"north": {"uv": [0, 12, 4, 16], "texture": "#0"},
				"east": {"uv": [0, 9, 4, 11], "texture": "#0"},
				"south": {"uv": [0, 12, 4, 16], "texture": "#0"},
				"west": {"uv": [0, 9, 4, 11], "texture": "#0"},
				"up": {"uv": [0, 12, 4, 16], "texture": "#0"},
				"down": {"uv": [0, 12, 4, 16], "texture": "#0"}
			}
		},
		{
			"from": [-3.75, -15.82199, 19.19683],
			"to": [-0.25, -5.82199, 21.69683],
			"rotation": {"angle": -22.5, "axis": "x", "origin": [1, 0.5, -9.5]},
			"faces": {
				"north": {"uv": [0, 12, 4, 16], "rotation": 180, "texture": "#0"},
				"east": {"uv": [0, 9, 4, 11], "rotation": 270, "texture": "#0"},
				"south": {"uv": [0, 12, 4, 16], "texture": "#0"},
				"west": {"uv": [0, 9, 4, 11], "rotation": 90, "texture": "#0"},
				"up": {"uv": [0, 12, 4, 16], "rotation": 180, "texture": "#0"},
				"down": {"uv": [0, 12, 4, 16], "texture": "#0"}
			}
		},
		{
			"from": [16.25, -3.5, -10.75],
			"to": [19.75, 6.5, -8.25],
			"rotation": {"angle": 0, "axis": "y", "origin": [1, 0.5, -9.5]},
			"faces": {
				"north": {"uv": [0, 12, 4, 16], "rotation": 180, "texture": "#0"},
				"east": {"uv": [0, 9, 4, 11], "rotation": 90, "texture": "#0"},
				"south": {"uv": [0, 12, 4, 16], "texture": "#0"},
				"west": {"uv": [0, 9, 4, 11], "rotation": 270, "texture": "#0"},
				"up": {"uv": [0, 12, 4, 16], "texture": "#0"},
				"down": {"uv": [0, 12, 4, 16], "rotation": 180, "texture": "#0"}
			}
		},
		{
			"from": [16.25, 0.25, -14.5],
			"to": [19.75, 2.75, -4.5],
			"rotation": {"angle": 0, "axis": "x", "origin": [1, 0.5, -9.5]},
			"faces": {
				"north": {"uv": [0, 12, 4, 16], "texture": "#0"},
				"east": {"uv": [0, 9, 4, 11], "texture": "#0"},
				"south": {"uv": [0, 12, 4, 16], "texture": "#0"},
				"west": {"uv": [0, 9, 4, 11], "texture": "#0"},
				"up": {"uv": [0, 12, 4, 16], "texture": "#0"},
				"down": {"uv": [0, 12, 4, 16], "texture": "#0"}
			}
		},
		{
			"from": [16.25, -3.79289, -11.45711],
			"to": [19.75, 6.20711, -8.95711],
			"rotation": {"angle": 45, "axis": "x", "origin": [1, 0.5, -9.5]},
			"faces": {
				"north": {"uv": [0, 12, 4, 16], "rotation": 180, "texture": "#0"},
				"east": {"uv": [0, 9, 4, 11], "rotation": 90, "texture": "#0"},
				"south": {"uv": [0, 12, 4, 16], "texture": "#0"},
				"west": {"uv": [0, 9, 4, 11], "rotation": 270, "texture": "#0"},
				"up": {"uv": [0, 12, 4, 16], "texture": "#0"},
				"down": {"uv": [0, 12, 4, 16], "rotation": 180, "texture": "#0"}
			}
		},
		{
			"from": [16.25, -0.04289, -15.20711],
			"to": [19.75, 2.45711, -5.20711],
			"rotation": {"angle": 45, "axis": "x", "origin": [1, 0.5, -9.5]},
			"faces": {
				"north": {"uv": [0, 12, 4, 16], "texture": "#0"},
				"east": {"uv": [0, 9, 4, 11], "texture": "#0"},
				"south": {"uv": [0, 12, 4, 16], "texture": "#0"},
				"west": {"uv": [0, 9, 4, 11], "texture": "#0"},
				"up": {"uv": [0, 12, 4, 16], "texture": "#0"},
				"down": {"uv": [0, 12, 4, 16], "texture": "#0"}
			}
		},
		{
			"from": [16.25, -3.57612, -11.13268],
			"to": [19.75, 6.42388, -8.63268],
			"rotation": {"angle": 22.5, "axis": "x", "origin": [1, 0.5, -9.5]},
			"faces": {
				"north": {"uv": [0, 12, 4, 16], "rotation": 180, "texture": "#0"},
				"east": {"uv": [0, 9, 4, 11], "rotation": 90, "texture": "#0"},
				"south": {"uv": [0, 12, 4, 16], "texture": "#0"},
				"west": {"uv": [0, 9, 4, 11], "rotation": 270, "texture": "#0"},
				"up": {"uv": [0, 12, 4, 16], "texture": "#0"},
				"down": {"uv": [0, 12, 4, 16], "rotation": 180, "texture": "#0"}
			}
		},
		{
			"from": [16.25, 0.17388, -14.88268],
			"to": [19.75, 2.67388, -4.88268],
			"rotation": {"angle": 22.5, "axis": "x", "origin": [1, 0.5, -9.5]},
			"faces": {
				"north": {"uv": [0, 12, 4, 16], "texture": "#0"},
				"east": {"uv": [0, 9, 4, 11], "texture": "#0"},
				"south": {"uv": [0, 12, 4, 16], "texture": "#0"},
				"west": {"uv": [0, 9, 4, 11], "texture": "#0"},
				"up": {"uv": [0, 12, 4, 16], "texture": "#0"},
				"down": {"uv": [0, 12, 4, 16], "texture": "#0"}
			}
		},
		{
			"from": [16.25, 0.17388, -14.11732],
			"to": [19.75, 2.67388, -4.11732],
			"rotation": {"angle": -22.5, "axis": "x", "origin": [1, 0.5, -9.5]},
			"faces": {
				"north": {"uv": [0, 12, 4, 16], "texture": "#0"},
				"east": {"uv": [0, 9, 4, 11], "texture": "#0"},
				"south": {"uv": [0, 12, 4, 16], "texture": "#0"},
				"west": {"uv": [0, 9, 4, 11], "texture": "#0"},
				"up": {"uv": [0, 12, 4, 16], "texture": "#0"},
				"down": {"uv": [0, 12, 4, 16], "texture": "#0"}
			}
		},
		{
			"from": [16.25, -3.57612, -10.36732],
			"to": [19.75, 6.42388, -7.86732],
			"rotation": {"angle": -22.5, "axis": "x", "origin": [1, 0.5, -9.5]},
			"faces": {
				"north": {"uv": [0, 12, 4, 16], "rotation": 180, "texture": "#0"},
				"east": {"uv": [0, 9, 4, 11], "rotation": 270, "texture": "#0"},
				"south": {"uv": [0, 12, 4, 16], "texture": "#0"},
				"west": {"uv": [0, 9, 4, 11], "rotation": 90, "texture": "#0"},
				"up": {"uv": [0, 12, 4, 16], "rotation": 180, "texture": "#0"},
				"down": {"uv": [0, 12, 4, 16], "texture": "#0"}
			}
		},
		{
			"from": [16.25, -3.5, 21.25],
			"to": [19.75, 6.5, 23.75],
			"rotation": {"angle": 0, "axis": "y", "origin": [1, 0.5, -9.5]},
			"faces": {
				"north": {"uv": [0, 12, 4, 16], "rotation": 180, "texture": "#0"},
				"east": {"uv": [0, 9, 4, 11], "rotation": 90, "texture": "#0"},
				"south": {"uv": [0, 12, 4, 16], "texture": "#0"},
				"west": {"uv": [0, 9, 4, 11], "rotation": 270, "texture": "#0"},
				"up": {"uv": [0, 12, 4, 16], "texture": "#0"},
				"down": {"uv": [0, 12, 4, 16], "rotation": 180, "texture": "#0"}
			}
		},
		{
			"from": [16.25, 0.25, 17.5],
			"to": [19.75, 2.75, 27.5],
			"rotation": {"angle": 0, "axis": "x", "origin": [1, 0.5, -9.5]},
			"faces": {
				"north": {"uv": [0, 12, 4, 16], "texture": "#0"},
				"east": {"uv": [0, 9, 4, 11], "texture": "#0"},
				"south": {"uv": [0, 12, 4, 16], "texture": "#0"},
				"west": {"uv": [0, 9, 4, 11], "texture": "#0"},
				"up": {"uv": [0, 12, 4, 16], "texture": "#0"},
				"down": {"uv": [0, 12, 4, 16], "texture": "#0"}
			}
		},
		{
			"from": [16.25, 18.83452, 11.17031],
			"to": [19.75, 28.83452, 13.67031],
			"rotation": {"angle": 45, "axis": "x", "origin": [1, 0.5, -9.5]},
			"faces": {
				"north": {"uv": [0, 12, 4, 16], "rotation": 180, "texture": "#0"},
				"east": {"uv": [0, 9, 4, 11], "rotation": 90, "texture": "#0"},
				"south": {"uv": [0, 12, 4, 16], "texture": "#0"},
				"west": {"uv": [0, 9, 4, 11], "rotation": 270, "texture": "#0"},
				"up": {"uv": [0, 12, 4, 16], "texture": "#0"},
				"down": {"uv": [0, 12, 4, 16], "rotation": 180, "texture": "#0"}
			}
		},
		{
			"from": [16.25, 22.58452, 7.42031],
			"to": [19.75, 25.08452, 17.42031],
			"rotation": {"angle": 45, "axis": "x", "origin": [1, 0.5, -9.5]},
			"faces": {
				"north": {"uv": [0, 12, 4, 16], "texture": "#0"},
				"east": {"uv": [0, 9, 4, 11], "texture": "#0"},
				"south": {"uv": [0, 12, 4, 16], "texture": "#0"},
				"west": {"uv": [0, 9, 4, 11], "texture": "#0"},
				"up": {"uv": [0, 12, 4, 16], "texture": "#0"},
				"down": {"uv": [0, 12, 4, 16], "texture": "#0"}
			}
		},
		{
			"from": [16.25, 8.66975, 18.43146],
			"to": [19.75, 18.66975, 20.93146],
			"rotation": {"angle": 22.5, "axis": "x", "origin": [1, 0.5, -9.5]},
			"faces": {
				"north": {"uv": [0, 12, 4, 16], "rotation": 180, "texture": "#0"},
				"east": {"uv": [0, 9, 4, 11], "rotation": 90, "texture": "#0"},
				"south": {"uv": [0, 12, 4, 16], "texture": "#0"},
				"west": {"uv": [0, 9, 4, 11], "rotation": 270, "texture": "#0"},
				"up": {"uv": [0, 12, 4, 16], "texture": "#0"},
				"down": {"uv": [0, 12, 4, 16], "rotation": 180, "texture": "#0"}
			}
		},
		{
			"from": [16.25, 12.41975, 14.68146],
			"to": [19.75, 14.91975, 24.68146],
			"rotation": {"angle": 22.5, "axis": "x", "origin": [1, 0.5, -9.5]},
			"faces": {
				"north": {"uv": [0, 12, 4, 16], "texture": "#0"},
				"east": {"uv": [0, 9, 4, 11], "texture": "#0"},
				"south": {"uv": [0, 12, 4, 16], "texture": "#0"},
				"west": {"uv": [0, 9, 4, 11], "texture": "#0"},
				"up": {"uv": [0, 12, 4, 16], "texture": "#0"},
				"down": {"uv": [0, 12, 4, 16], "texture": "#0"}
			}
		},
		{
			"from": [16.25, -12.07199, 15.44683],
			"to": [19.75, -9.57199, 25.44683],
			"rotation": {"angle": -22.5, "axis": "x", "origin": [1, 0.5, -9.5]},
			"faces": {
				"north": {"uv": [0, 12, 4, 16], "texture": "#0"},
				"east": {"uv": [0, 9, 4, 11], "texture": "#0"},
				"south": {"uv": [0, 12, 4, 16], "texture": "#0"},
				"west": {"uv": [0, 9, 4, 11], "texture": "#0"},
				"up": {"uv": [0, 12, 4, 16], "texture": "#0"},
				"down": {"uv": [0, 12, 4, 16], "texture": "#0"}
			}
		},
		{
			"from": [16.25, -15.82199, 19.19683],
			"to": [19.75, -5.82199, 21.69683],
			"rotation": {"angle": -22.5, "axis": "x", "origin": [1, 0.5, -9.5]},
			"faces": {
				"north": {"uv": [0, 12, 4, 16], "rotation": 180, "texture": "#0"},
				"east": {"uv": [0, 9, 4, 11], "rotation": 270, "texture": "#0"},
				"south": {"uv": [0, 12, 4, 16], "texture": "#0"},
				"west": {"uv": [0, 9, 4, 11], "rotation": 90, "texture": "#0"},
				"up": {"uv": [0, 12, 4, 16], "rotation": 180, "texture": "#0"},
				"down": {"uv": [0, 12, 4, 16], "texture": "#0"}
			}
		},
		{
			"from": [-0.99, 14.83769, 5.36543],
			"to": [1.01, 16.08769, 12.86543],
			"rotation": {"angle": 22.5, "axis": "x", "origin": [8, 8, 8]},
			"faces": {
				"north": {"uv": [0, 8, 8.25, 12], "rotation": 180, "texture": "#5"},
				"east": {"uv": [0, 8, 8.25, 12], "rotation": 90, "texture": "#5"},
				"south": {"uv": [0, 8, 8.25, 12], "texture": "#5"},
				"west": {"uv": [0, 8, 8.25, 12], "rotation": 270, "texture": "#5"},
				"up": {"uv": [0, 8, 8.25, 12], "texture": "#5"},
				"down": {"uv": [0, 8, 8.25, 12], "rotation": 180, "texture": "#5"}
			}
		},
		{
			"from": [-2.75, 2.75, 8.75],
			"to": [1, 13.25, 16],
			"faces": {
				"north": {"uv": [0, 4, 8, 8], "texture": "#4"},
				"east": {"uv": [0, 4, 8, 8], "texture": "#4"},
				"south": {"uv": [0, 4, 8, 8], "texture": "#4"},
				"west": {"uv": [0, 4, 8, 8], "texture": "#4"},
				"up": {"uv": [0, 4, 8, 8], "texture": "#4"},
				"down": {"uv": [0, 4, 8, 8], "texture": "#4"}
			}
		},
		{
			"from": [-2, 4.5, 15.75],
			"to": [1, 11.25, 19.25],
			"faces": {
				"north": {"uv": [0, 4, 8, 8], "texture": "#4"},
				"east": {"uv": [0, 4, 8, 8], "texture": "#4"},
				"south": {"uv": [0, 4, 8, 8], "texture": "#4"},
				"west": {"uv": [0, 4, 8, 8], "texture": "#4"},
				"up": {"uv": [0, 4, 8, 8], "texture": "#4"},
				"down": {"uv": [0, 4, 8, 8], "texture": "#4"}
			}
		},
		{
			"from": [-2, 2.5, 25.75],
			"to": [1, 8.5, 28],
			"faces": {
				"north": {"uv": [0, 4, 8, 8], "texture": "#4"},
				"east": {"uv": [0, 4, 8, 8], "texture": "#4"},
				"south": {"uv": [0, 4, 8, 8], "texture": "#4"},
				"west": {"uv": [0, 4, 8, 8], "texture": "#4"},
				"up": {"uv": [0, 4, 8, 8], "texture": "#4"},
				"down": {"uv": [0, 4, 8, 8], "texture": "#4"}
			}
		},
		{
			"from": [-2, 8, 13.25],
			"to": [1, 12.25, 26.5],
			"faces": {
				"north": {"uv": [0, 4, 8, 8], "texture": "#4"},
				"east": {"uv": [0, 4, 8, 8], "texture": "#4"},
				"south": {"uv": [0, 4, 8, 8], "texture": "#4"},
				"west": {"uv": [0, 4, 8, 8], "texture": "#4"},
				"up": {"uv": [0, 4, 8, 8], "texture": "#4"},
				"down": {"uv": [0, 4, 8, 8], "texture": "#4"}
			}
		},
		{
			"from": [-2.75, 2.75, -0.25],
			"to": [1, 9.25, 9],
			"faces": {
				"north": {"uv": [0, 4, 8, 8], "texture": "#4"},
				"east": {"uv": [0, 4, 8, 8], "texture": "#4"},
				"south": {"uv": [0, 4, 8, 8], "texture": "#4"},
				"west": {"uv": [0, 4, 8, 8], "texture": "#4"},
				"up": {"uv": [0, 4, 8, 8], "texture": "#4"},
				"down": {"uv": [0, 4, 8, 8], "texture": "#4"}
			}
		},
		{
			"from": [-2.75, 2.75, -5],
			"to": [1, 11.5, -0.25],
			"faces": {
				"north": {"uv": [0, 4, 8, 8], "texture": "#4"},
				"east": {"uv": [0, 4, 8, 8], "texture": "#4"},
				"south": {"uv": [0, 4, 8, 8], "texture": "#4"},
				"west": {"uv": [0, 4, 8, 8], "texture": "#4"},
				"up": {"uv": [0, 4, 8, 8], "texture": "#4"},
				"down": {"uv": [0, 4, 8, 8], "texture": "#4"}
			}
		},
		{
			"from": [-1.75, 9.5, -6.75],
			"to": [2, 11, -4.75],
			"faces": {
				"north": {"uv": [0, 4, 8, 8], "texture": "#4"},
				"east": {"uv": [0, 4, 8, 8], "texture": "#4"},
				"south": {"uv": [0, 4, 8, 8], "texture": "#4"},
				"west": {"uv": [0, 4, 8, 8], "texture": "#4"},
				"up": {"uv": [0, 4, 8, 8], "texture": "#4"},
				"down": {"uv": [0, 4, 8, 8], "texture": "#4"}
			}
		},
		{
			"from": [13.25, 9.5, -6.75],
			"to": [17, 11, -4.75],
			"faces": {
				"north": {"uv": [0, 4, 8, 8], "texture": "#4"},
				"east": {"uv": [0, 4, 8, 8], "texture": "#4"},
				"south": {"uv": [0, 4, 8, 8], "texture": "#4"},
				"west": {"uv": [0, 4, 8, 8], "texture": "#4"},
				"up": {"uv": [0, 4, 8, 8], "texture": "#4"},
				"down": {"uv": [0, 4, 8, 8], "texture": "#4"}
			}
		},
		{
			"from": [-2.75, 7.5, -12.75],
			"to": [1, 9.75, -5],
			"faces": {
				"north": {"uv": [0, 4, 8, 8], "texture": "#4"},
				"east": {"uv": [0, 4, 8, 8], "texture": "#4"},
				"south": {"uv": [0, 4, 8, 8], "texture": "#4"},
				"west": {"uv": [0, 4, 8, 8], "texture": "#4"},
				"up": {"uv": [0, 4, 8, 8], "texture": "#4"},
				"down": {"uv": [0, 4, 8, 8], "texture": "#4"}
			}
		},
		{
			"from": [-2.75, 5.5, -15],
			"to": [3, 8.75, -12],
			"faces": {
				"north": {"uv": [0, 4, 8, 8], "texture": "#4"},
				"east": {"uv": [0, 4, 8, 8], "texture": "#4"},
				"south": {"uv": [0, 4, 8, 8], "texture": "#4"},
				"west": {"uv": [0, 4, 8, 8], "texture": "#4"},
				"up": {"uv": [0, 4, 8, 8], "texture": "#4"},
				"down": {"uv": [0, 4, 8, 8], "texture": "#4"}
			}
		},
		{
			"from": [-0.99, 13.35652, -5.86472],
			"to": [1.01, 14.60652, 1.13528],
			"rotation": {"angle": -45, "axis": "x", "origin": [7.51, 13.98152, -1.36472]},
			"faces": {
				"north": {"uv": [0, 8, 8.25, 12], "rotation": 180, "texture": "#5"},
				"east": {"uv": [0, 8, 8.25, 12], "rotation": 270, "texture": "#5"},
				"south": {"uv": [0, 8, 8.25, 12], "texture": "#5"},
				"west": {"uv": [0, 8, 8.25, 12], "rotation": 90, "texture": "#5"},
				"up": {"uv": [0, 8, 8.25, 12], "rotation": 180, "texture": "#5"},
				"down": {"uv": [0, 8, 8.25, 12], "texture": "#5"}
			}
		},
		{
			"from": [-1, 15.25, -0.25],
			"to": [1, 16.25, 10],
			"faces": {
				"north": {"uv": [0, 8, 8.25, 12], "texture": "#5"},
				"east": {"uv": [0, 8, 8.25, 12], "texture": "#5"},
				"south": {"uv": [0, 8, 8.25, 12], "texture": "#5"},
				"west": {"uv": [0, 8, 8.25, 12], "texture": "#5"},
				"up": {"uv": [0, 8, 8.25, 12], "texture": "#5"},
				"down": {"uv": [0, 8, 8.25, 12], "texture": "#5"}
			}
		},
		{
			"from": [14.01, 14.83769, 5.36543],
			"to": [16.01, 16.08769, 12.86543],
			"rotation": {"angle": 22.5, "axis": "x", "origin": [8, 8, 8]},
			"faces": {
				"north": {"uv": [0, 8, 8.25, 12], "rotation": 180, "texture": "#5"},
				"east": {"uv": [0, 8, 8.25, 12], "rotation": 90, "texture": "#5"},
				"south": {"uv": [0, 8, 8.25, 12], "texture": "#5"},
				"west": {"uv": [0, 8, 8.25, 12], "rotation": 270, "texture": "#5"},
				"up": {"uv": [0, 8, 8.25, 12], "texture": "#5"},
				"down": {"uv": [0, 8, 8.25, 12], "rotation": 180, "texture": "#5"}
			}
		},
		{
			"from": [14, 2.75, 8.75],
			"to": [18, 13.25, 16],
			"faces": {
				"north": {"uv": [0, 4, 8, 8], "texture": "#4"},
				"east": {"uv": [0, 4, 8, 8], "texture": "#4"},
				"south": {"uv": [0, 4, 8, 8], "texture": "#4"},
				"west": {"uv": [0, 4, 8, 8], "texture": "#4"},
				"up": {"uv": [0, 4, 8, 8], "texture": "#4"},
				"down": {"uv": [0, 4, 8, 8], "texture": "#4"}
			}
		},
		{
			"from": [14, 3.25, 15.75],
			"to": [17, 8.5, 19.25],
			"faces": {
				"north": {"uv": [0, 4, 8, 8], "texture": "#4"},
				"east": {"uv": [0, 4, 8, 8], "texture": "#4"},
				"south": {"uv": [0, 4, 8, 8], "texture": "#4"},
				"west": {"uv": [0, 4, 8, 8], "texture": "#4"},
				"up": {"uv": [0, 4, 8, 8], "texture": "#4"},
				"down": {"uv": [0, 4, 8, 8], "texture": "#4"}
			}
		},
		{
			"from": [14, 2.5, 25.75],
			"to": [17, 8.5, 28],
			"faces": {
				"north": {"uv": [0, 4, 8, 8], "texture": "#4"},
				"east": {"uv": [0, 4, 8, 8], "texture": "#4"},
				"south": {"uv": [0, 4, 8, 8], "texture": "#4"},
				"west": {"uv": [0, 4, 8, 8], "texture": "#4"},
				"up": {"uv": [0, 4, 8, 8], "texture": "#4"},
				"down": {"uv": [0, 4, 8, 8], "texture": "#4"}
			}
		},
		{
			"from": [14, 8, 13.25],
			"to": [17, 12.25, 26.5],
			"faces": {
				"north": {"uv": [0, 4, 8, 8], "texture": "#4"},
				"east": {"uv": [0, 4, 8, 8], "texture": "#4"},
				"south": {"uv": [0, 4, 8, 8], "texture": "#4"},
				"west": {"uv": [0, 4, 8, 8], "texture": "#4"},
				"up": {"uv": [0, 4, 8, 8], "texture": "#4"},
				"down": {"uv": [0, 4, 8, 8], "texture": "#4"}
			}
		},
		{
			"from": [14, 2.75, -0.25],
			"to": [18, 9.25, 9],
			"faces": {
				"north": {"uv": [0, 4, 8, 8], "texture": "#4"},
				"east": {"uv": [0, 4, 8, 8], "texture": "#4"},
				"south": {"uv": [0, 4, 8, 8], "texture": "#4"},
				"west": {"uv": [0, 4, 8, 8], "texture": "#4"},
				"up": {"uv": [0, 4, 8, 8], "texture": "#4"},
				"down": {"uv": [0, 4, 8, 8], "texture": "#4"}
			}
		},
		{
			"from": [14, 2.75, -5],
			"to": [18, 11.5, -0.25],
			"faces": {
				"north": {"uv": [0, 4, 8, 8], "texture": "#4"},
				"east": {"uv": [0, 4, 8, 8], "texture": "#4"},
				"south": {"uv": [0, 4, 8, 8], "texture": "#4"},
				"west": {"uv": [0, 4, 8, 8], "texture": "#4"},
				"up": {"uv": [0, 4, 8, 8], "texture": "#4"},
				"down": {"uv": [0, 4, 8, 8], "texture": "#4"}
			}
		},
		{
			"from": [14, 7.5, -12.75],
			"to": [18, 9.75, -5],
			"faces": {
				"north": {"uv": [0, 4, 8, 8], "texture": "#4"},
				"east": {"uv": [0, 4, 8, 8], "texture": "#4"},
				"south": {"uv": [0, 4, 8, 8], "texture": "#4"},
				"west": {"uv": [0, 4, 8, 8], "texture": "#4"},
				"up": {"uv": [0, 4, 8, 8], "texture": "#4"},
				"down": {"uv": [0, 4, 8, 8], "texture": "#4"}
			}
		},
		{
			"from": [12, 5.5, -15],
			"to": [18, 8.75, -12],
			"faces": {
				"north": {"uv": [0, 4, 8, 8], "texture": "#4"},
				"east": {"uv": [0, 4, 8, 8], "texture": "#4"},
				"south": {"uv": [0, 4, 8, 8], "texture": "#4"},
				"west": {"uv": [0, 4, 8, 8], "texture": "#4"},
				"up": {"uv": [0, 4, 8, 8], "texture": "#4"},
				"down": {"uv": [0, 4, 8, 8], "texture": "#4"}
			}
		},
		{
			"from": [14.01, 13.35652, -5.86472],
			"to": [16.01, 14.60652, 1.13528],
			"rotation": {"angle": -45, "axis": "x", "origin": [7.51, 13.98152, -1.36472]},
			"faces": {
				"north": {"uv": [0, 8, 8.25, 12], "rotation": 180, "texture": "#5"},
				"east": {"uv": [0, 8, 8.25, 12], "rotation": 270, "texture": "#5"},
				"south": {"uv": [0, 8, 8.25, 12], "texture": "#5"},
				"west": {"uv": [0, 8, 8.25, 12], "rotation": 90, "texture": "#5"},
				"up": {"uv": [0, 8, 8.25, 12], "rotation": 180, "texture": "#5"},
				"down": {"uv": [0, 8, 8.25, 12], "texture": "#5"}
			}
		},
		{
			"from": [14, 15.25, -0.25],
			"to": [16, 16.25, 10],
			"faces": {
				"north": {"uv": [0, 8, 8.25, 12], "texture": "#5"},
				"east": {"uv": [0, 8, 8.25, 12], "texture": "#5"},
				"south": {"uv": [0, 8, 8.25, 12], "texture": "#5"},
				"west": {"uv": [0, 8, 8.25, 12], "texture": "#5"},
				"up": {"uv": [0, 8, 8.25, 12], "texture": "#5"},
				"down": {"uv": [0, 8, 8.25, 12], "texture": "#5"}
			}
		}
	],
	"display": {
		"gui": {
			"rotation": [22, 40, 0],
			"translation": [1, 0, 0],
			"scale": [0.4, 0.4, 0.4]
		},
		"head": {
			"rotation": [-1, 0, 0],
			"translation": [15.5, 13.75, 19],
			"scale": [4, 4, 4]
		}
	},
	"groups": [0, 1, 2, 3, 4, 5, 6, 7, 8, 9, 10, 11, 12, 13, 14, 15, 16, 17, 18, 19, 20, 21,
		{
			"name": "chair",
			"origin": [8, 8, 8],
			"children": [22, 23]
		},
		{
			"name": "bench",
			"origin": [8, 8, 8],
			"children": []
		},
		{
			"name": "chair",
			"origin": [8, 8, 8],
			"children": [24, 25]
		},
		{
			"name": "steeringwheel",
			"origin": [8, 8, 8],
			"children": [26, 27, 28, 29, 30, 31, 32, 33, 34, 35]
		},
		{
			"name": "group",
			"origin": [8, 8, 8],
			"children": [36, 37, 38, 39, 40, 41, 42, 43]
		},
		{
			"name": "group",
			"origin": [8, 8, 8],
			"children": [44, 45, 46, 47, 48, 49, 50, 51]
		},
		{
			"name": "group",
			"origin": [8, 8, 8],
			"children": [52, 53, 54, 55, 56, 57, 58, 59]
		},
		{
			"name": "group",
			"origin": [8, 8, 8],
			"children": [60, 61, 62, 63, 64, 65, 66, 67]
		},
		{
			"name": "group",
			"origin": [8, 8, 8],
			"children": [68, 69, 70, 71, 72, 73, 74, 75, 76, 77, 78, 79, 80]
		},
		{
			"name": "group",
			"origin": [8, 8, 8],
			"children": [81, 82, 83, 84, 85, 86, 87, 88, 89, 90, 91]
		}
	]
}