{"multipart":[{"when":{"down":true,"east":true,"north":true,"south":true,"up":true,"west":true},"apply":{"model":"block/original/chorus_plant_true"}},{"when":{"west":true,"up":false,"south":false,"north":false,"east":false,"down":false},"apply":{"model":"forestry:auto_generated/avocado_tree_leaves"}},{"when":{"west":false,"up":true,"south":false,"north":false,"east":false,"down":false},"apply":{"model":"forestry:auto_generated/banana_tree_leaves"}},{"when":{"west":true,"up":true,"south":false,"north":false,"east":false,"down":false},"apply":{"model":"forestry:auto_generated/cherry_tree_leaves"}},{"when":{"west":false,"up":false,"south":true,"north":false,"east":false,"down":false},"apply":{"model":"forestry:auto_generated/decaying_tree_leaves"}},{"when":{"west":true,"up":false,"south":true,"north":false,"east":false,"down":false},"apply":{"model":"forestry:auto_generated/dragonfruit_tree_leaves"}},{"when":{"west":false,"up":true,"south":true,"north":false,"east":false,"down":false},"apply":{"model":"forestry:auto_generated/guava_tree_leaves"}},{"when":{"west":true,"up":true,"south":true,"north":false,"east":false,"down":false},"apply":{"model":"forestry:auto_generated/lemon_tree_leaves"}},{"when":{"west":false,"up":false,"south":false,"north":true,"east":false,"down":false},"apply":{"model":"forestry:auto_generated/lime_tree_leaves"}},{"when":{"west":true,"up":false,"south":false,"north":true,"east":false,"down":false},"apply":{"model":"forestry:auto_generated/mango_tree_leaves"}},{"when":{"west":false,"up":true,"south":false,"north":true,"east":false,"down":false},"apply":{"model":"forestry:auto_generated/maple_tree_leaves"}},{"when":{"west":true,"up":true,"south":false,"north":true,"east":false,"down":false},"apply":{"model":"forestry:auto_generated/nut_tree_leaves"}},{"when":{"west":false,"up":false,"south":true,"north":true,"east":false,"down":false},"apply":{"model":"forestry:auto_generated/olive_tree_leaves"}},{"when":{"west":true,"up":false,"south":true,"north":true,"east":false,"down":false},"apply":{"model":"forestry:auto_generated/orange_tree_leaves"}},{"when":{"west":false,"up":true,"south":true,"north":true,"east":false,"down":false},"apply":{"model":"forestry:auto_generated/palm_tree_leaves"}},{"when":{"west":true,"up":true,"south":true,"north":true,"east":false,"down":false},"apply":{"model":"forestry:auto_generated/passionfruit_tree_leaves"}},{"when":{"west":false,"up":false,"south":false,"north":false,"east":true,"down":false},"apply":{"model":"forestry:auto_generated/peach_tree_leaves"}},{"when":{"west":true,"up":false,"south":false,"north":false,"east":true,"down":false},"apply":{"model":"forestry:auto_generated/plum_tree_leaves"}},{"when":{"west":false,"up":true,"south":false,"north":false,"east":true,"down":false},"apply":{"model":"forestry:auto_generated/prune_tree_leaves"}},{"when":{"west":true,"up":true,"south":false,"north":false,"east":true,"down":false},"apply":{"model":"newtrees:auto_generated/orange_tree_leaves"}},{"when":{"west":false,"up":false,"south":true,"north":false,"east":true,"down":false},"apply":{"model":"newtrees:auto_generated/cherry_tree_leaves"}},{"when":{"west":true,"up":false,"south":true,"north":false,"east":true,"down":false},"apply":{"model":"newtrees:block/cherry_log"}},{"when":{"west":false,"up":true,"south":true,"north":false,"east":true,"down":false},"apply":{"model":"small_blocks:block/small_quartz_pillar"}},{"when":{"west":false,"up":false,"south":false,"north":false,"east":false,"down":false},"apply":{"model":"minecraft:block/original/chorus_plant_true"}},{"when":{"west":true,"up":true,"south":true,"north":false,"east":true,"down":false},"apply":{"model":"minecraft:block/original/chorus_plant_true"}},{"when":{"west":false,"up":false,"south":false,"north":true,"east":true,"down":false},"apply":{"model":"minecraft:block/original/chorus_plant_true"}},{"when":{"west":true,"up":false,"south":false,"north":true,"east":true,"down":false},"apply":{"model":"minecraft:block/original/chorus_plant_true"}},{"when":{"west":false,"up":true,"south":false,"north":true,"east":true,"down":false},"apply":{"model":"minecraft:block/original/chorus_plant_true"}},{"when":{"west":true,"up":true,"south":false,"north":true,"east":true,"down":false},"apply":{"model":"minecraft:block/original/chorus_plant_true"}},{"when":{"west":false,"up":false,"south":true,"north":true,"east":true,"down":false},"apply":{"model":"minecraft:block/original/chorus_plant_true"}},{"when":{"west":true,"up":false,"south":true,"north":true,"east":true,"down":false},"apply":{"model":"minecraft:block/original/chorus_plant_true"}},{"when":{"west":false,"up":true,"south":true,"north":true,"east":true,"down":false},"apply":{"model":"minecraft:block/original/chorus_plant_true"}},{"when":{"west":true,"up":true,"south":true,"north":true,"east":true,"down":false},"apply":{"model":"minecraft:block/original/chorus_plant_true"}},{"when":{"west":false,"up":false,"south":false,"north":false,"east":false,"down":true},"apply":{"model":"minecraft:block/original/chorus_plant_true"}},{"when":{"west":true,"up":false,"south":false,"north":false,"east":false,"down":true},"apply":{"model":"minecraft:block/original/chorus_plant_true"}},{"when":{"west":false,"up":true,"south":false,"north":false,"east":false,"down":true},"apply":{"model":"minecraft:block/original/chorus_plant_true"}},{"when":{"west":true,"up":true,"south":false,"north":false,"east":false,"down":true},"apply":{"model":"minecraft:block/original/chorus_plant_true"}},{"when":{"west":false,"up":false,"south":true,"north":false,"east":false,"down":true},"apply":{"model":"minecraft:block/original/chorus_plant_true"}},{"when":{"west":true,"up":false,"south":true,"north":false,"east":false,"down":true},"apply":{"model":"minecraft:block/original/chorus_plant_true"}},{"when":{"west":false,"up":true,"south":true,"north":false,"east":false,"down":true},"apply":{"model":"minecraft:block/original/chorus_plant_true"}},{"when":{"west":true,"up":true,"south":true,"north":false,"east":false,"down":true},"apply":{"model":"minecraft:block/original/chorus_plant_true"}},{"when":{"west":false,"up":false,"south":false,"north":true,"east":false,"down":true},"apply":{"model":"minecraft:block/original/chorus_plant_true"}},{"when":{"west":true,"up":false,"south":false,"north":true,"east":false,"down":true},"apply":{"model":"minecraft:block/original/chorus_plant_true"}},{"when":{"west":false,"up":true,"south":false,"north":true,"east":false,"down":true},"apply":{"model":"minecraft:block/original/chorus_plant_true"}},{"when":{"west":true,"up":true,"south":false,"north":true,"east":false,"down":true},"apply":{"model":"minecraft:block/original/chorus_plant_true"}},{"when":{"west":false,"up":false,"south":true,"north":true,"east":false,"down":true},"apply":{"model":"minecraft:block/original/chorus_plant_true"}},{"when":{"west":true,"up":false,"south":true,"north":true,"east":false,"down":true},"apply":{"model":"minecraft:block/original/chorus_plant_true"}},{"when":{"west":false,"up":true,"south":true,"north":true,"east":false,"down":true},"apply":{"model":"minecraft:block/original/chorus_plant_true"}},{"when":{"west":true,"up":true,"south":true,"north":true,"east":false,"down":true},"apply":{"model":"minecraft:block/original/chorus_plant_true"}},{"when":{"west":false,"up":false,"south":false,"north":false,"east":true,"down":true},"apply":{"model":"minecraft:block/original/chorus_plant_true"}},{"when":{"west":true,"up":false,"south":false,"north":false,"east":true,"down":true},"apply":{"model":"minecraft:block/original/chorus_plant_true"}},{"when":{"west":false,"up":true,"south":false,"north":false,"east":true,"down":true},"apply":{"model":"minecraft:block/original/chorus_plant_true"}},{"when":{"west":true,"up":true,"south":false,"north":false,"east":true,"down":true},"apply":{"model":"minecraft:block/original/chorus_plant_true"}},{"when":{"west":false,"up":false,"south":true,"north":false,"east":true,"down":true},"apply":{"model":"minecraft:block/original/chorus_plant_true"}},{"when":{"west":true,"up":false,"south":true,"north":false,"east":true,"down":true},"apply":{"model":"minecraft:block/original/chorus_plant_true"}},{"when":{"west":false,"up":true,"south":true,"north":false,"east":true,"down":true},"apply":{"model":"minecraft:block/original/chorus_plant_true"}},{"when":{"west":true,"up":true,"south":true,"north":false,"east":true,"down":true},"apply":{"model":"minecraft:block/original/chorus_plant_true"}},{"when":{"west":false,"up":false,"south":false,"north":true,"east":true,"down":true},"apply":{"model":"minecraft:block/original/chorus_plant_true"}},{"when":{"west":true,"up":false,"south":false,"north":true,"east":true,"down":true},"apply":{"model":"minecraft:block/original/chorus_plant_true"}},{"when":{"west":false,"up":true,"south":false,"north":true,"east":true,"down":true},"apply":{"model":"minecraft:block/original/chorus_plant_true"}},{"when":{"west":true,"up":true,"south":false,"north":true,"east":true,"down":true},"apply":{"model":"minecraft:block/original/chorus_plant_true"}},{"when":{"west":false,"up":false,"south":true,"north":true,"east":true,"down":true},"apply":{"model":"minecraft:block/original/chorus_plant_true"}},{"when":{"west":true,"up":false,"south":true,"north":true,"east":true,"down":true},"apply":{"model":"minecraft:block/original/chorus_plant_true"}},{"when":{"west":false,"up":true,"south":true,"north":true,"east":true,"down":true},"apply":{"model":"minecraft:block/original/chorus_plant_true"}}]}