{"credit":"ChangedfromItemBoundforWarmServerbyVsevolodEpinetov(Myaugav)","textures":{"particle":"itembound:computers/desktops/computer_pink","texture":"itembound:computers/desktops/computer_pink"},"elements":[{"name":"Box1","from":[2,0,0],"to":[14,16,15.5],"faces":{"north":{"uv":[11,4,14,8],"texture":"#texture"},"east":{"uv":[7.125,4,11,8],"texture":"#texture"},"south":{"uv":[4,4,7,8],"texture":"#texture"},"west":{"uv":[0,4,3.875,8],"texture":"#texture"},"up":{"uv":[4,0,7,3.875],"texture":"#texture"},"down":{"uv":[7,0,10,3.875],"texture":"#texture"}}},{"name":"Box2","from":[2,0,15.5],"to":[14,5,16],"faces":{"north":{"uv":[4,6.75,7,8],"texture":"#texture"},"east":{"uv":[7,6.75,7.125,8],"texture":"#texture"},"south":{"uv":[4,6.75,7,8],"texture":"#texture"},"west":{"uv":[3.875,6.75,4,8],"texture":"#texture"},"up":{"uv":[4,6.75,7,6.875],"texture":"#texture"},"down":{"uv":[7,0,10,0.125],"texture":"#texture"}}},{"name":"Box2","from":[2,11,15.5],"to":[14,16,16],"faces":{"north":{"uv":[4,4,7,5.25],"texture":"#texture"},"east":{"uv":[7,4,7.125,5.25],"texture":"#texture"},"south":{"uv":[4,4,7,5.25],"texture":"#texture"},"west":{"uv":[3.875,4,4,5.25],"texture":"#texture"},"up":{"uv":[4,3.875,7,4],"texture":"#texture"},"down":{"uv":[4,5.25,7,5.375],"texture":"#texture"}}}],"display":{"thirdperson_righthand":{"rotation":[75,45,0],"translation":[0,2.5,0],"scale":[0.375,0.375,0.375]},"thirdperson_lefthand":{"rotation":[75,45,0],"translation":[0,2.5,0],"scale":[0.375,0.375,0.375]},"firstperson_righthand":{"rotation":[0,45,0],"scale":[0.4,0.4,0.4]},"firstperson_lefthand":{"rotation":[0,45,0],"scale":[0.4,0.4,0.4]},"ground":{"translation":[0,2,0],"scale":[0.5,0.5,0.5]},"gui":{"rotation":[30,45,0],"scale":[0.625,0.625,0.625]},"head":{"translation":[0,-30.4,0],"scale":[1.6,1.6,1.6]},"fixed":{"rotation":[-90,180,0],"translation":[0,0,-15],"scale":[2.01,2.01,2.01]}}}