{"parent":"minecraft:block/oak_log","overrides":[{"predicate":{"custom_model_data":1},"model":"forestry:auto_generated/avocado_tree_log"},{"predicate":{"custom_model_data":2},"model":"forestry:auto_generated/avocado_stripped_log"},{"predicate":{"custom_model_data":3},"model":"forestry:auto_generated/banana_tree_log"},{"predicate":{"custom_model_data":4},"model":"forestry:auto_generated/cherry_tree_log"},{"predicate":{"custom_model_data":5},"model":"forestry:auto_generated/decaying_tree_log"},{"predicate":{"custom_model_data":6},"model":"forestry:auto_generated/dragonfruit_tree_log"},{"predicate":{"custom_model_data":7},"model":"forestry:auto_generated/guava_tree_log"},{"predicate":{"custom_model_data":8},"model":"forestry:auto_generated/lemon_tree_log"},{"predicate":{"custom_model_data":9},"model":"forestry:auto_generated/lime_tree_log"},{"predicate":{"custom_model_data":10},"model":"forestry:auto_generated/mango_tree_log"},{"predicate":{"custom_model_data":11},"model":"forestry:auto_generated/maple_tree_log"},{"predicate":{"custom_model_data":12},"model":"forestry:auto_generated/nut_tree_log"},{"predicate":{"custom_model_data":13},"model":"forestry:auto_generated/olive_tree_log"},{"predicate":{"custom_model_data":14},"model":"forestry:auto_generated/orange_tree_log"},{"predicate":{"custom_model_data":15},"model":"forestry:auto_generated/palm_tree_log"},{"predicate":{"custom_model_data":16},"model":"forestry:auto_generated/passionfruit_tree_log"},{"predicate":{"custom_model_data":17},"model":"forestry:auto_generated/peach_tree_log"},{"predicate":{"custom_model_data":18},"model":"forestry:auto_generated/plum_tree_log"},{"predicate":{"custom_model_data":19},"model":"forestry:auto_generated/prune_tree_log"},{"predicate":{"custom_model_data":20},"model":"forestry:auto_generated/banana_stripped_log"},{"predicate":{"custom_model_data":21},"model":"forestry:auto_generated/cherry_stripped_log"},{"predicate":{"custom_model_data":22},"model":"forestry:auto_generated/decaying_stripped_log"},{"predicate":{"custom_model_data":23},"model":"forestry:auto_generated/dragonfruit_stripped_log"},{"predicate":{"custom_model_data":24},"model":"forestry:auto_generated/guava_stripped_log"},{"predicate":{"custom_model_data":25},"model":"forestry:auto_generated/lemon_stripped_log"},{"predicate":{"custom_model_data":26},"model":"forestry:auto_generated/lime_stripped_log"},{"predicate":{"custom_model_data":27},"model":"forestry:auto_generated/mango_stripped_log"},{"predicate":{"custom_model_data":28},"model":"forestry:auto_generated/maple_stripped_log"},{"predicate":{"custom_model_data":29},"model":"forestry:auto_generated/nut_stripped_log"},{"predicate":{"custom_model_data":30},"model":"forestry:auto_generated/olive_stripped_log"},{"predicate":{"custom_model_data":31},"model":"forestry:auto_generated/orange_stripped_log"},{"predicate":{"custom_model_data":32},"model":"forestry:auto_generated/palm_stripped_log"},{"predicate":{"custom_model_data":33},"model":"forestry:auto_generated/passionfruit_stripped_log"},{"predicate":{"custom_model_data":34},"model":"forestry:auto_generated/peach_stripped_log"},{"predicate":{"custom_model_data":35},"model":"forestry:auto_generated/plum_stripped_log"},{"predicate":{"custom_model_data":36},"model":"forestry:auto_generated/prune_stripped_log"},{"predicate":{"custom_model_data":37},"model":"minecraft:item/oak_log"}]}