{"credit":"ChangedfromItemBoundforWarmServerbyVsevolodEpinetov(Myaugav)","textures":{"particle":"itembound:lamps/table/table_lamp_pink","texture":"itembound:lamps/table/table_lamp_pink"},"elements":[{"name":"Base","from":[5,0,5],"to":[11,1.2,11],"faces":{"north":{"uv":[0,15.5,3,16],"texture":"#texture"},"east":{"uv":[0,15.5,3,16],"texture":"#texture"},"south":{"uv":[0,15.5,3,16],"texture":"#texture"},"west":{"uv":[0,15.5,3,16],"texture":"#texture"},"up":{"uv":[0,5,3,8],"texture":"#texture"},"down":{"uv":[3,5,6,8],"texture":"#texture"}}},{"name":"Neck","from":[7,1,7],"to":[9,16,9],"faces":{"north":{"uv":[1,8,2,15.5],"texture":"#texture"},"east":{"uv":[1,8,2,15.5],"texture":"#texture"},"south":{"uv":[1,8,2,15.5],"texture":"#texture"},"west":{"uv":[1,8,2,15.5],"texture":"#texture"},"up":{"uv":[1,6,2,7],"texture":"#texture"},"down":{"uv":[4,6,5,7],"texture":"#texture"}}},{"name":"wire1","from":[13,6,3],"to":[13.001,16,17.14],"rotation":{"angle":-45,"axis":"y","origin":[13,6,3]},"faces":{"east":{"uv":[0,0,5,5],"texture":"#texture"},"west":{"uv":[0,0,5,5],"texture":"#texture"}}},{"name":"wire1","from":[3,6,3],"to":[3.001,16,17.14],"rotation":{"angle":45,"axis":"y","origin":[3,6,3]},"faces":{"east":{"uv":[0,0,5,5],"texture":"#texture"},"west":{"uv":[0,0,5,5],"texture":"#texture"}}},{"name":"PlaneX6","from":[13,6,3],"to":[13.001,16,13],"faces":{"east":{"uv":[6,5,11,10],"texture":"#texture"},"west":{"uv":[6,5,11,10],"texture":"#texture"}}},{"name":"PlaneX6","from":[3,6,3],"to":[3.001,16,13],"faces":{"east":{"uv":[6,5,11,10],"texture":"#texture"},"west":{"uv":[6,5,11,10],"texture":"#texture"}}},{"name":"PlaneZ7","from":[3,6,13],"to":[13,16,13.001],"faces":{"north":{"uv":[6,5,11,10],"texture":"#texture"},"south":{"uv":[6,5,11,10],"texture":"#texture"}}},{"name":"PlaneZ7","from":[3,6,3],"to":[13,16,3.001],"faces":{"north":{"uv":[6,5,11,10],"texture":"#texture"},"south":{"uv":[6,5,11,10],"texture":"#texture"}}},{"name":"PlaneY9","from":[3,16,3],"to":[13,16.001,13],"faces":{"up":{"uv":[6,0,11,5],"texture":"#texture"},"down":{"uv":[6,0,11,5],"texture":"#texture"}}},{"name":"PlaneY9","from":[3,6,3],"to":[13,6.001,13],"faces":{"up":{"uv":[11,0,16,5],"texture":"#texture"},"down":{"uv":[11,0,16,5],"texture":"#texture"}}}],"display":{"thirdperson_righthand":{"rotation":[75,45,0],"translation":[0,2.5,0],"scale":[0.375,0.375,0.375]},"thirdperson_lefthand":{"rotation":[75,45,0],"translation":[0,2.5,0],"scale":[0.375,0.375,0.375]},"firstperson_righthand":{"rotation":[0,45,0],"scale":[0.4,0.4,0.4]},"firstperson_lefthand":{"rotation":[0,45,0],"scale":[0.4,0.4,0.4]},"ground":{"translation":[0,3,0],"scale":[0.25,0.25,0.25]},"gui":{"rotation":[30,45,0],"scale":[0.625,0.625,0.625]},"head":{"translation":[0,-30.4,0],"scale":[1.6,1.6,1.6]},"fixed":{"rotation":[270,180,0],"translation":[0,0,-14],"scale":[2.01,2.01,2.01]}}}