{
	"credit": "Made with Blockbench",
	"texture_size": [128, 38],
	"textures": {
		"4": "items/extras/material_loneliness",
		"particle": "items/rgbsheet1"
	},
	"elements": [
		{
			"from": [0, 11.5, 4],
			"to": [5, 12, 4.5625],
			"faces": {
				"north": {"uv": [0, 2.94737, 3.625, 5.47368], "texture": "#4"},
				"east": {"uv": [0, 2.94737, 3.625, 5.47368], "texture": "#4"},
				"south": {"uv": [0, 2.94737, 3.625, 5.47368], "texture": "#4"},
				"west": {"uv": [0, 2.94737, 3.625, 5.47368], "texture": "#4"},
				"up": {"uv": [0, 2.94737, 3.625, 5.47368], "texture": "#4"},
				"down": {"uv": [0, 2.94737, 3.625, 5.47368], "texture": "#4"}
			}
		},
		{
			"from": [2.0625, 11.25, 4],
			"to": [4.0625, 11.75, 4.5625],
			"rotation": {"angle": 45, "axis": "z", "origin": [2.0625, 11.75, 4]},
			"faces": {
				"north": {"uv": [0, 2.94737, 3.625, 5.47368], "texture": "#4"},
				"east": {"uv": [0, 2.94737, 3.625, 5.47368], "texture": "#4"},
				"south": {"uv": [0, 2.94737, 3.625, 5.47368], "texture": "#4"},
				"west": {"uv": [0, 2.94737, 3.625, 5.47368], "texture": "#4"},
				"up": {"uv": [0, 2.94737, 3.625, 5.47368], "texture": "#4"},
				"down": {"uv": [0, 2.94737, 3.625, 5.47368], "texture": "#4"}
			}
		},
		{
			"from": [3.375, 12.5625, 4],
			"to": [5, 13.125, 4.5625],
			"faces": {
				"north": {"uv": [0, 2.94737, 3.625, 5.47368], "texture": "#4"},
				"east": {"uv": [0, 2.94737, 3.625, 5.47368], "texture": "#4"},
				"south": {"uv": [0, 2.94737, 3.625, 5.47368], "texture": "#4"},
				"west": {"uv": [0, 2.94737, 3.625, 5.47368], "texture": "#4"},
				"up": {"uv": [0, 2.94737, 3.625, 5.47368], "texture": "#4"},
				"down": {"uv": [0, 2.94737, 3.625, 5.47368], "texture": "#4"}
			}
		},
		{
			"from": [0.375, 12, 4],
			"to": [0.6875, 12.75, 4.5625],
			"faces": {
				"north": {"uv": [0, 2.94737, 3.625, 5.47368], "texture": "#4"},
				"east": {"uv": [0, 2.94737, 3.625, 5.47368], "texture": "#4"},
				"south": {"uv": [0, 2.94737, 3.625, 5.47368], "texture": "#4"},
				"west": {"uv": [0, 2.94737, 3.625, 5.47368], "texture": "#4"},
				"up": {"uv": [0, 2.94737, 3.625, 5.47368], "texture": "#4"},
				"down": {"uv": [0, 2.94737, 3.625, 5.47368], "texture": "#4"}
			}
		},
		{
			"from": [0.4375, 11.6875, 4],
			"to": [0.75, 12.625, 4.5625],
			"rotation": {"angle": 45, "axis": "z", "origin": [0.4375, 12.625, 4]},
			"faces": {
				"north": {"uv": [0, 2.94737, 3.625, 5.47368], "texture": "#4"},
				"east": {"uv": [0, 2.94737, 3.625, 5.47368], "texture": "#4"},
				"south": {"uv": [0, 2.94737, 3.625, 5.47368], "texture": "#4"},
				"west": {"uv": [0, 2.94737, 3.625, 5.47368], "texture": "#4"},
				"up": {"uv": [0, 2.94737, 3.625, 5.47368], "texture": "#4"},
				"down": {"uv": [0, 2.94737, 3.625, 5.47368], "texture": "#4"}
			}
		},
		{
			"from": [5.0125, 12.5, 3.8125],
			"to": [14, 13.375, 4.75],
			"faces": {
				"north": {"uv": [11.5, 0.84211, 3.875, 3.36842], "texture": "#4"},
				"east": {"uv": [3.875, 0.84211, 11.5, 3.36842], "texture": "#4"},
				"south": {"uv": [3.875, 0.84211, 11.5, 3.36842], "texture": "#4"},
				"west": {"uv": [0.625, 10.10526, 6.75, 12.63158], "texture": "#4"},
				"up": {"uv": [7.625, 10.10526, 0, 12.63158], "texture": "#4"},
				"down": {"uv": [3.875, 0.84211, 11.5, 3.36842], "texture": "#4"}
			}
		},
		{
			"from": [4.9875, 11.4375, 3.5],
			"to": [14.625, 12.5, 5],
			"faces": {
				"north": {"uv": [12.125, 3.78947, 3.875, 6.73684], "texture": "#4"},
				"east": {"uv": [3.875, 3.78947, 12.125, 6.73684], "texture": "#4"},
				"south": {"uv": [3.875, 3.78947, 12.125, 6.73684], "texture": "#4"},
				"west": {"uv": [0, 9.68421, 6.875, 12.63158], "texture": "#4"},
				"up": {"uv": [3.875, 6.73684, 12.125, 3.78947], "texture": "#4"},
				"down": {"uv": [0, 10.10526, 7.5, 12.63158], "texture": "#4"}
			}
		},
		{
			"from": [13.4375, 9.625, 3.75],
			"to": [14.375, 11.5625, 4.75],
			"rotation": {"angle": 22.5, "axis": "z", "origin": [13.4375, 11.5625, 3.75]},
			"faces": {
				"north": {"uv": [12.125, 6.73684, 11, 14.73684], "texture": "#4"},
				"east": {"uv": [11, 6.73684, 12.125, 14.73684], "texture": "#4"},
				"south": {"uv": [11, 6.73684, 12.125, 14.73684], "texture": "#4"},
				"west": {"uv": [11, 6.73684, 12.125, 14.73684], "texture": "#4"},
				"up": {"uv": [11, 6.73684, 12.125, 14.73684], "texture": "#4"},
				"down": {"uv": [11, 6.73684, 12.125, 14.73684], "texture": "#4"}
			}
		},
		{
			"from": [10.6875, 9.625, 3.75],
			"to": [12.125, 12, 4.75],
			"rotation": {"angle": -22.5, "axis": "z", "origin": [10.6875, 12, 3.75]},
			"faces": {
				"north": {"uv": [10.125, 6.73684, 8.375, 16], "texture": "#4"},
				"east": {"uv": [8.375, 11.78947, 8.875, 16], "texture": "#4"},
				"south": {"uv": [8.375, 6.73684, 10.125, 16], "texture": "#4"},
				"west": {"uv": [8.375, 11.78947, 8.875, 16], "texture": "#4"},
				"up": {"uv": [8.375, 6.73684, 10.125, 16], "texture": "#4"},
				"down": {"uv": [8.375, 6.73684, 10.125, 16], "texture": "#4"}
			}
		},
		{
			"from": [14.125, 9.5, 3.75],
			"to": [15.125, 9.75, 4.75],
			"rotation": {"angle": 22.5, "axis": "z", "origin": [14.125, 9.75, 3.75]},
			"faces": {
				"north": {"uv": [8.375, 11.78947, 8.875, 16], "texture": "#4"},
				"east": {"uv": [8.375, 11.78947, 8.875, 16], "texture": "#4"},
				"south": {"uv": [8.375, 11.78947, 8.875, 16], "texture": "#4"},
				"west": {"uv": [8.375, 11.78947, 8.875, 16], "texture": "#4"},
				"up": {"uv": [8.375, 11.78947, 8.875, 16], "texture": "#4"},
				"down": {"uv": [8.375, 11.78947, 8.875, 16], "texture": "#4"}
			}
		},
		{
			"from": [10.15, 8.3125, 3.85],
			"to": [11.5875, 10.4375, 4.65],
			"rotation": {"angle": -45, "axis": "z", "origin": [10.25, 10.4375, 3.75]},
			"faces": {
				"north": {"uv": [10.125, 6.73684, 8.375, 16], "texture": "#4"},
				"east": {"uv": [8.375, 11.78947, 8.875, 16], "texture": "#4"},
				"south": {"uv": [8.375, 12.21053, 10.125, 16], "texture": "#4"},
				"west": {"uv": [8.375, 11.78947, 8.875, 16], "texture": "#4"},
				"up": {"uv": [8.375, 6.73684, 10.125, 16], "texture": "#4"},
				"down": {"uv": [8.375, 11.78947, 8.875, 16], "texture": "#4"}
			}
		},
		{
			"from": [13.5625, 12, 3.9125],
			"to": [14.0625, 13, 4.65],
			"rotation": {"angle": 45, "axis": "z", "origin": [13.5625, 13, 3.8125]},
			"faces": {
				"north": {"uv": [11.5, 0.84211, 12.125, 3.36842], "texture": "#4"},
				"east": {"uv": [11.5, 0.84211, 12.125, 3.36842], "texture": "#4"},
				"south": {"uv": [11.5, 0.84211, 12.125, 3.36842], "texture": "#4"},
				"west": {"uv": [11.5, 0.84211, 12.125, 3.36842], "texture": "#4"},
				"up": {"uv": [11.5, 0.84211, 12.125, 3.36842], "texture": "#4"},
				"down": {"uv": [11.5, 0.84211, 12.125, 3.36842], "texture": "#4"}
			}
		},
		{
			"from": [14.5625, 11.625, 3.7125],
			"to": [16, 12.625, 4.9125],
			"faces": {
				"north": {"uv": [13.875, 2.52632, 12.625, 5.05263], "texture": "#4"},
				"east": {"uv": [12.625, 2.52632, 13.875, 5.05263], "texture": "#4"},
				"south": {"uv": [12.625, 2.52632, 13.875, 5.05263], "texture": "#4"},
				"west": {"uv": [12.625, 2.52632, 13.875, 5.05263], "texture": "#4"},
				"up": {"uv": [12.625, 2.52632, 13.875, 5.05263], "texture": "#4"},
				"down": {"uv": [12.625, 2.52632, 13.875, 5.05263], "texture": "#4"}
			}
		},
		{
			"from": [16, 11.475, 3.8125],
			"to": [19.625, 12.375, 4.8125],
			"rotation": {"angle": -22.5, "axis": "z", "origin": [16, 12.375, 3.8125]},
			"faces": {
				"north": {"uv": [16, 3.78947, 12.625, 6.73684], "texture": "#4"},
				"east": {"uv": [12.625, 9.68421, 14.25, 12.63158], "texture": "#4"},
				"south": {"uv": [12.625, 3.78947, 16, 6.73684], "texture": "#4"},
				"west": {"uv": [12.625, 3.78947, 16, 6.73684], "texture": "#4"},
				"up": {"uv": [12.625, 3.78947, 16, 6.73684], "texture": "#4"},
				"down": {"uv": [12.625, 3.78947, 16, 6.73684], "texture": "#4"}
			}
		},
		{
			"from": [15.6875, 11.375, 3.875],
			"to": [19.3125, 12.5625, 4.75],
			"faces": {
				"north": {"uv": [16, 0.42105, 12.625, 3.78947], "texture": "#4"},
				"east": {"uv": [12.625, 9.68421, 14.125, 12.63158], "texture": "#4"},
				"south": {"uv": [12.625, 0.42105, 16, 3.78947], "texture": "#4"},
				"west": {"uv": [12.625, 0.42105, 16, 3.78947], "texture": "#4"},
				"up": {"uv": [12.625, 9.68421, 16, 12.63158], "texture": "#4"},
				"down": {"uv": [12.625, 0.42105, 16, 3.78947], "texture": "#4"}
			}
		},
		{
			"from": [18.25, 10.875, 3.975],
			"to": [19.3125, 11.4375, 4.65],
			"faces": {
				"north": {"uv": [15.5, 2.94737, 16, 4.63158], "texture": "#4"},
				"east": {"uv": [13.625, 10.94737, 14.125, 12.63158], "texture": "#4"},
				"south": {"uv": [15.5, 2.94737, 16, 4.63158], "texture": "#4"},
				"west": {"uv": [15.5, 2.94737, 16, 4.63158], "texture": "#4"},
				"up": {"uv": [15.5, 2.94737, 16, 4.63158], "texture": "#4"},
				"down": {"uv": [15.5, 2.94737, 16, 4.63158], "texture": "#4"}
			}
		},
		{
			"from": [0.4375, 12.625, 4.125],
			"to": [0.6875, 13.6875, 4.5],
			"faces": {
				"north": {"uv": [0, 2.94737, 3.625, 5.47368], "texture": "#4"},
				"east": {"uv": [0, 2.94737, 3.625, 5.47368], "texture": "#4"},
				"south": {"uv": [0, 2.94737, 3.625, 5.47368], "texture": "#4"},
				"west": {"uv": [0, 2.94737, 3.625, 5.47368], "texture": "#4"},
				"up": {"uv": [0, 2.94737, 3.625, 5.47368], "texture": "#4"},
				"down": {"uv": [0, 2.94737, 3.625, 5.47368], "texture": "#4"}
			}
		}
	],
	"display": {
		"thirdperson_righthand": {
			"rotation": [90, -90, 90],
			"translation": [-6.75, -5.25, -8],
			"scale": [1.4, 1.4, 1.4]
		},
		"thirdperson_lefthand": {
			"rotation": [-113, 85, 115],
			"translation": [-7, -3.5, -4.5],
			"scale": [1.4, 1.4, 1.4]
		},
		"firstperson_righthand": {
			"rotation": [0, -95, 0],
			"translation": [-5.67, 0.38, 0.94],
			"scale": [0.85, 1.07, 0.82]
		},
		"firstperson_lefthand": {
			"rotation": [0, 90, 0],
			"translation": [-6, 1.5, 7],
			"scale": [0.85, 1.07, 0.82]
		},
		"ground": {
			"rotation": [0, -7, -41],
			"translation": [-1.89, -3.02, 2.27]
		},
		"gui": {
			"rotation": [-27, 133, 3],
			"translation": [3.4, -3.21, 0]
		},
		"head": {
			"rotation": [-7, 6, -51],
			"translation": [-8.13, -14.36, 12.85],
			"scale": [2, 2, 2]
		},
		"fixed": {
			"rotation": [0, 0, -34],
			"translation": [-3.4, -0.9, 2.8]
		}
	}
}