{"credit":"Made with Blockbench","texture_size":[64,64],"textures":{"0":"itemy:czapki/archerhood","particle":"itemy:czapki/archerhood"},"elements":[{"name":"hood","from":[3.05,6.3,11],"to":[12.95,10.3,18],"rotation":{"angle":22.5,"axis":"x","origin":[3,6,11]},"faces":{"north":{"uv":[1.75,6.75,4,7.75],"texture":"#0"},"east":{"uv":[0,6.75,1.75,7.75],"texture":"#0"},"south":{"uv":[5.75,6.75,8,7.75],"texture":"#0"},"west":{"uv":[4,6.75,5.75,7.75],"texture":"#0"},"up":{"uv":[4,6.75,1.75,5],"texture":"#0"},"down":{"uv":[6.25,5,4,6.75],"texture":"#0"}}},{"name":"hood","from":[3,0,3],"to":[13,10,13],"rotation":{"angle":0,"axis":"y","origin":[3,0,3]},"faces":{"north":{"uv":[2.5,2.5,5,5],"texture":"#0"},"east":{"uv":[0,2.5,2.5,5],"texture":"#0"},"south":{"uv":[7.5,2.5,10,5],"texture":"#0"},"west":{"uv":[5,2.5,7.5,5],"texture":"#0"},"up":{"uv":[5,2.5,2.5,0],"texture":"#0"},"down":{"uv":[7.5,0,5,2.5],"texture":"#0"}}},{"from":[3.01,0,4],"to":[3.01,10,13],"rotation":{"angle":0,"axis":"y","origin":[11,8,12]},"faces":{"north":{"uv":[2.25,13.5,2.25,16],"texture":"#0"},"east":{"uv":[0,13.5,2.25,16],"texture":"#0"},"south":{"uv":[4.5,13.5,4.5,16],"texture":"#0"},"west":{"uv":[2.25,13.5,4.5,16],"texture":"#0"},"up":{"uv":[2.25,13.5,2.25,11.25],"texture":"#0"},"down":{"uv":[2.25,11.25,2.25,13.5],"texture":"#0"}}},{"from":[12.99,0,4],"to":[12.99,10,13],"rotation":{"angle":0,"axis":"y","origin":[21,8,12]},"faces":{"north":{"uv":[2.25,13.5,2.25,16],"texture":"#0"},"east":{"uv":[0,13.5,2.25,16],"texture":"#0"},"south":{"uv":[4.5,13.5,4.5,16],"texture":"#0"},"west":{"uv":[2.25,13.5,4.5,16],"texture":"#0"},"up":{"uv":[2.25,13.5,2.25,11.25],"texture":"#0"},"down":{"uv":[2.25,11.25,2.25,13.5],"texture":"#0"}}},{"from":[3,0,12.99],"to":[13,10,12.99],"rotation":{"angle":0,"axis":"y","origin":[11,8,21]},"faces":{"north":{"uv":[0,11.25,2.5,13.75],"texture":"#0"},"east":{"uv":[0,11.25,0,13.75],"texture":"#0"},"south":{"uv":[2.5,11.25,5,13.75],"texture":"#0"},"west":{"uv":[2.5,11.25,2.5,13.75],"texture":"#0"},"up":{"uv":[2.5,11.25,0,11.25],"texture":"#0"},"down":{"uv":[5,11.25,2.5,11.25],"texture":"#0"}}},{"from":[3,9.99,3],"to":[13,9.99,13],"rotation":{"angle":0,"axis":"y","origin":[11,18,11]},"faces":{"north":{"uv":[2.5,13.75,5,13.75],"texture":"#0"},"east":{"uv":[0,13.75,2.5,13.75],"texture":"#0"},"south":{"uv":[7.5,13.75,10,13.75],"texture":"#0"},"west":{"uv":[5,13.75,7.5,13.75],"texture":"#0"},"up":{"uv":[5,13.75,2.5,11.25],"texture":"#0"},"down":{"uv":[7.5,11.25,5,13.75],"texture":"#0"}}}],"display":{"thirdperson_righthand":{"rotation":[90,25,0],"translation":[0,1,1],"scale":[0.4,0.4,0.4]},"thirdperson_lefthand":{"rotation":[90,25,0],"translation":[0,1,1],"scale":[0.4,0.4,0.4]},"firstperson_righthand":{"rotation":[0,120,0],"translation":[1,4,1],"scale":[0.4,0.4,0.4]},"firstperson_lefthand":{"rotation":[0,120,0],"translation":[1,4,1],"scale":[0.4,0.4,0.4]},"ground":{"translation":[0,3,0],"scale":[0.5,0.5,0.5]},"gui":{"rotation":[16,135,0],"translation":[-1.25,1.75,0],"scale":[0.8,0.8,0.8]},"head":{"translation":[0,4.5,0],"scale":[1.45,1.45,1.45]}},"groups":[{"name":"all","origin":[8,8,8],"children":[0,1]},2,3,4,5]}