{"credit":"Made with Blockbench","texture_size":[64,64],"textures":{"0":"itemy:czapki/evocationhat","particle":"itemy:czapki/evocationhat"},"elements":[{"name":"hat","from":[4.01,6.5,8.25],"to":[11.99,13.5,13.25],"rotation":{"angle":-45,"axis":"x","origin":[12,15,17]},"faces":{"north":{"uv":[8.25,8.25,10,10],"texture":"#0"},"east":{"uv":[7,8.25,8.25,10],"texture":"#0"},"south":{"uv":[11.25,8.25,13,10],"texture":"#0"},"west":{"uv":[10,8.25,11.25,10],"texture":"#0"},"up":{"uv":[10,8.25,8.25,7],"texture":"#0"},"down":{"uv":[11.75,7,10,8.25],"texture":"#0"}}},{"name":"hat","from":[4,-3,7],"to":[12,11,13],"rotation":{"angle":22.5,"axis":"x","origin":[12,5,15]},"faces":{"north":{"uv":[1.5,5.75,3.5,9.25],"texture":"#0"},"east":{"uv":[0,5.75,1.5,9.25],"texture":"#0"},"south":{"uv":[5,5.75,7,9.25],"texture":"#0"},"west":{"uv":[3.5,5.75,5,9.25],"texture":"#0"},"up":{"uv":[3.5,5.75,1.5,4.25],"texture":"#0"},"down":{"uv":[5.5,4.25,3.5,5.75],"texture":"#0"}}},{"name":"hat","from":[0,0,0],"to":[16,1,16],"faces":{"north":{"uv":[4,4,8,4.25],"texture":"#0"},"east":{"uv":[0,4,4,4.25],"texture":"#0"},"south":{"uv":[12,4,16,4.25],"texture":"#0"},"west":{"uv":[8,4,12,4.25],"texture":"#0"},"up":{"uv":[8,4,4,0],"texture":"#0"},"down":{"uv":[12,0,8,4],"texture":"#0"}}}],"display":{"thirdperson_righthand":{"rotation":[90,25,0],"translation":[0,1,1],"scale":[0.4,0.4,0.4]},"thirdperson_lefthand":{"rotation":[90,25,0],"translation":[0,1,1],"scale":[0.4,0.4,0.4]},"firstperson_righthand":{"rotation":[0,120,0],"translation":[1,4,1],"scale":[0.4,0.4,0.4]},"firstperson_lefthand":{"rotation":[0,120,0],"translation":[1,4,1],"scale":[0.4,0.4,0.4]},"ground":{"translation":[0,1,0],"scale":[0.5,0.5,0.5]},"gui":{"rotation":[16,135,0],"translation":[0,1,0],"scale":[0.7,0.7,0.7]},"head":{"translation":[0,15.5,0],"scale":[1.2,1.2,1.2]}},"groups":[{"name":"all","origin":[12,15,17],"children":[0,1,2]}]}