{"credit":"Made with Blockbench","texture_size":[64,64],"textures":{"0":"itemy:czapki/hidehelmet","particle":"itemy:czapki/hidehelmet"},"elements":[{"name":"metal","from":[7,11,2],"to":[9,12,14],"rotation":{"angle":0,"axis":"y","origin":[15,19,10]},"faces":{"north":{"uv":[7.5,7.5,8,7.75],"texture":"#0"},"east":{"uv":[4.5,7.5,7.5,7.75],"texture":"#0"},"south":{"uv":[11,7.5,11.5,7.75],"texture":"#0"},"west":{"uv":[8,7.5,11,7.75],"texture":"#0"},"up":{"uv":[8,7.5,7.5,4.5],"texture":"#0"},"down":{"uv":[8.5,4.5,8,7.5],"texture":"#0"}}},{"name":"metal","from":[2.75,8,2.75],"to":[13.25,9,13.25],"rotation":{"angle":0,"axis":"y","origin":[11,16,11]},"faces":{"north":{"uv":[2.5,2.5,5,2.75],"texture":"#0"},"east":{"uv":[0,2.5,2.5,2.75],"texture":"#0"},"south":{"uv":[7.5,2.5,10,2.75],"texture":"#0"},"west":{"uv":[5,2.5,7.5,2.75],"texture":"#0"},"up":{"uv":[5,2.5,2.5,0],"texture":"#0"},"down":{"uv":[7.5,0,5,2.5],"texture":"#0"}}},{"name":"metal","from":[7,5,2],"to":[9,11,3],"rotation":{"angle":0,"axis":"y","origin":[15,13,10]},"faces":{"north":{"uv":[0.25,0.25,0.75,1.75],"texture":"#0"},"east":{"uv":[0,0.25,0.25,1.75],"texture":"#0"},"south":{"uv":[1,0.25,1.5,1.75],"texture":"#0"},"west":{"uv":[0.75,0.25,1,1.75],"texture":"#0"},"up":{"uv":[0.75,0.25,0.25,0],"texture":"#0"},"down":{"uv":[1.25,0,0.75,0.25],"texture":"#0"}}},{"name":"metal","from":[7,7,13],"to":[9,11,14],"rotation":{"angle":0,"axis":"y","origin":[15,15,21]},"faces":{"north":{"uv":[0.25,3,0.75,4],"texture":"#0"},"east":{"uv":[0,3,0.25,4],"texture":"#0"},"south":{"uv":[1,3,1.5,4],"texture":"#0"},"west":{"uv":[0.75,3,1,4],"texture":"#0"},"up":{"uv":[0.75,3,0.25,2.75],"texture":"#0"},"down":{"uv":[1.25,2.75,0.75,3],"texture":"#0"}}},{"name":"leather","from":[13,3,3],"to":[13,6,5],"rotation":{"angle":0,"axis":"y","origin":[21,11,11]},"faces":{"north":{"uv":[1.5,1.75,1.5,2.5],"texture":"#0"},"east":{"uv":[1,1.75,1.5,2.5],"texture":"#0"},"south":{"uv":[2,1.75,2,2.5],"texture":"#0"},"west":{"uv":[1.5,1.75,2,2.5],"texture":"#0"},"up":{"uv":[1.5,1.75,1.5,1.25],"texture":"#0"},"down":{"uv":[1.5,1.25,1.5,1.75],"texture":"#0"}}},{"name":"leather","from":[3,9,3],"to":[13,11,3],"rotation":{"angle":0,"axis":"y","origin":[11,17,11]},"faces":{"north":{"uv":[0,6.5,2.5,7],"texture":"#0"},"east":{"uv":[0,6.5,0,7],"texture":"#0"},"south":{"uv":[2.5,6.5,5,7],"texture":"#0"},"west":{"uv":[2.5,6.5,2.5,7],"texture":"#0"},"up":{"uv":[2.5,6.5,0,6.5],"texture":"#0"},"down":{"uv":[5,6.5,2.5,6.5],"texture":"#0"}}},{"name":"leather","from":[3,4,13],"to":[13,11,13],"rotation":{"angle":0,"axis":"y","origin":[11,12,21]},"faces":{"north":{"uv":[7.5,0,10,1.75],"texture":"#0"},"east":{"uv":[7.5,0,7.5,1.75],"texture":"#0"},"south":{"uv":[10,0,12.5,1.75],"texture":"#0"},"west":{"uv":[10,0,10,1.75],"texture":"#0"},"up":{"uv":[10,0,7.5,0],"texture":"#0"},"down":{"uv":[12.5,0,10,0],"texture":"#0"}}},{"name":"leather","from":[2.999,6,3],"to":[2.999,11,13],"rotation":{"angle":0,"axis":"y","origin":[11,14,11]},"faces":{"north":{"uv":[2.5,7.75,2.5,9],"texture":"#0"},"east":{"uv":[0,7.75,2.5,9],"texture":"#0"},"south":{"uv":[5,7.75,5,9],"texture":"#0"},"west":{"uv":[2.5,7.75,5,9],"texture":"#0"},"up":{"uv":[2.5,7.75,2.5,5.25],"texture":"#0"},"down":{"uv":[2.5,5.25,2.5,7.75],"texture":"#0"}}},{"name":"leather","from":[13,6,3],"to":[13,11,13],"rotation":{"angle":0,"axis":"y","origin":[21,14,11]},"faces":{"north":{"uv":[2.5,5.25,2.5,6.5],"texture":"#0"},"east":{"uv":[0,5.25,2.5,6.5],"texture":"#0"},"south":{"uv":[5,5.25,5,6.5],"texture":"#0"},"west":{"uv":[2.5,5.25,5,6.5],"texture":"#0"},"up":{"uv":[2.5,5.25,2.5,2.75],"texture":"#0"},"down":{"uv":[2.5,2.75,2.5,5.25],"texture":"#0"}}},{"name":"leather","from":[3,11,3],"to":[13,11,13],"rotation":{"angle":0,"axis":"y","origin":[11,19,11]},"faces":{"north":{"uv":[2.5,5.25,5,5.25],"texture":"#0"},"east":{"uv":[0,5.25,2.5,5.25],"texture":"#0"},"south":{"uv":[7.5,5.25,10,5.25],"texture":"#0"},"west":{"uv":[5,5.25,7.5,5.25],"texture":"#0"},"up":{"uv":[5,5.25,2.5,2.75],"texture":"#0"},"down":{"uv":[7.5,2.75,5,5.25],"texture":"#0"}}},{"name":"leather","from":[3,3,3],"to":[3,6,5],"rotation":{"angle":0,"axis":"y","origin":[11,11,11]},"faces":{"north":{"uv":[0.5,1.75,0.5,2.5],"texture":"#0"},"east":{"uv":[0,1.75,0.5,2.5],"texture":"#0"},"south":{"uv":[1,1.75,1,2.5],"texture":"#0"},"west":{"uv":[0.5,1.75,1,2.5],"texture":"#0"},"up":{"uv":[0.5,1.75,0.5,1.25],"texture":"#0"},"down":{"uv":[0.5,1.25,0.5,1.75],"texture":"#0"}}}],"display":{"thirdperson_righthand":{"rotation":[90,25,0],"translation":[0,1,1],"scale":[0.4,0.4,0.4]},"thirdperson_lefthand":{"rotation":[90,25,0],"translation":[0,1,1],"scale":[0.4,0.4,0.4]},"firstperson_righthand":{"rotation":[0,120,0],"translation":[1,4,1],"scale":[0.4,0.4,0.4]},"firstperson_lefthand":{"rotation":[0,120,0],"translation":[1,4,1],"scale":[0.4,0.4,0.4]},"ground":{"scale":[0.5,0.5,0.5]},"gui":{"rotation":[16,135,0],"scale":[0.9,0.9,0.9]},"head":{"translation":[0,2.5,0],"scale":[1.5,1.5,1.5]}},"groups":[{"name":"ALL","origin":[21,11,13],"children":[{"name":"metal","origin":[15,15,23],"children":[0,1,2,3]},{"name":"leather","origin":[11,17,13],"children":[4,5,6,7,8,9,10]}]}]}