{"credit":"Made with Blockbench","texture_size":[64,64],"textures":{"0":"itemy:czapki/icehelmet","particle":"itemy:czapki/icehelmet"},"elements":[{"from":[3,12,3],"to":[13,12,13],"rotation":{"angle":0,"axis":"y","origin":[11,20,11]},"faces":{"north":{"uv":[2.5,2.5,5,2.5],"texture":"#0"},"east":{"uv":[0,2.5,2.5,2.5],"texture":"#0"},"south":{"uv":[7.5,2.5,10,2.5],"texture":"#0"},"west":{"uv":[5,2.5,7.5,2.5],"texture":"#0"},"up":{"uv":[5,2.5,2.5,0],"texture":"#0"},"down":{"uv":[7.5,0,5,2.5],"texture":"#0"}}},{"from":[3,3,3],"to":[13,13,3],"rotation":{"angle":0,"axis":"y","origin":[11,11,11]},"faces":{"north":{"uv":[7,7,9.5,9.5],"texture":"#0"},"east":{"uv":[7,7,7,9.5],"texture":"#0"},"south":{"uv":[9.5,7,12,9.5],"texture":"#0"},"west":{"uv":[9.5,7,9.5,9.5],"texture":"#0"},"up":{"uv":[9.5,7,7,7],"texture":"#0"},"down":{"uv":[12,7,9.5,7],"texture":"#0"}}},{"from":[3,3,13],"to":[13,12,13],"rotation":{"angle":0,"axis":"y","origin":[11,11,21]},"faces":{"north":{"uv":[7,4.75,9.5,7],"texture":"#0"},"east":{"uv":[7,4.75,7,7],"texture":"#0"},"south":{"uv":[9.5,4.75,12,7],"texture":"#0"},"west":{"uv":[9.5,4.75,9.5,7],"texture":"#0"},"up":{"uv":[9.5,4.75,7,4.75],"texture":"#0"},"down":{"uv":[12,4.75,9.5,4.75],"texture":"#0"}}},{"from":[3,3,3],"to":[3,12,13],"rotation":{"angle":0,"axis":"y","origin":[11,11,11]},"faces":{"north":{"uv":[2.5,7.5,2.5,9.75],"texture":"#0"},"east":{"uv":[0,7.5,2.5,9.75],"texture":"#0"},"south":{"uv":[5,7.5,5,9.75],"texture":"#0"},"west":{"uv":[2.5,7.5,5,9.75],"texture":"#0"},"up":{"uv":[2.5,7.5,2.5,5],"texture":"#0"},"down":{"uv":[2.5,5,2.5,7.5],"texture":"#0"}}},{"from":[13,3,3],"to":[13,12,13],"rotation":{"angle":0,"axis":"y","origin":[21,11,11]},"faces":{"north":{"uv":[6.5,2.5,6.5,4.75],"texture":"#0"},"east":{"uv":[4,2.5,6.5,4.75],"texture":"#0"},"south":{"uv":[9,2.5,9,4.75],"texture":"#0"},"west":{"uv":[6.5,2.5,9,4.75],"texture":"#0"},"up":{"uv":[6.5,2.5,6.5,0],"texture":"#0"},"down":{"uv":[6.5,0,6.5,2.5],"texture":"#0"}}},{"from":[7,6,2],"to":[9,14,14],"rotation":{"angle":0,"axis":"y","origin":[15,14,10]},"faces":{"north":{"uv":[3,5.5,3.5,7.5],"texture":"#0"},"east":{"uv":[0,5.5,3,7.5],"texture":"#0"},"south":{"uv":[6.5,5.5,7,7.5],"texture":"#0"},"west":{"uv":[3.5,5.5,6.5,7.5],"texture":"#0"},"up":{"uv":[3.5,5.5,3,2.5],"texture":"#0"},"down":{"uv":[4,2.5,3.5,5.5],"texture":"#0"}}}],"display":{"thirdperson_righthand":{"rotation":[90,25,0],"translation":[0,1,1],"scale":[0.4,0.4,0.4]},"thirdperson_lefthand":{"rotation":[90,25,0],"translation":[0,1,1],"scale":[0.4,0.4,0.4]},"firstperson_righthand":{"rotation":[0,120,0],"translation":[1,4,1],"scale":[0.4,0.4,0.4]},"firstperson_lefthand":{"rotation":[0,120,0],"translation":[1,4,1],"scale":[0.4,0.4,0.4]},"ground":{"scale":[0.5,0.5,0.5]},"gui":{"rotation":[16,135,0],"scale":[0.9,0.9,0.9]},"head":{"translation":[0,1.5,0],"scale":[1.5,1.6,1.5]}},"groups":[{"name":"all","origin":[11,20,11],"children":[{"name":"flats","origin":[21,11,11],"children":[0,1,2,3,4]},{"name":"solids","origin":[8,8,8],"children":[5]}]}]}