{"credit":"Made with Blockbench","texture_size":[64,64],"textures":{"0":"itemy:czapki/metalhelmet","particle":"itemy:czapki/metalhelmet"},"elements":[{"from":[4,8,4],"to":[12,12,4],"rotation":{"angle":0,"axis":"y","origin":[12,16,12]},"faces":{"north":{"uv":[6,2.25,8,3.25],"texture":"#0"},"east":{"uv":[6,2.25,6,3.25],"texture":"#0"},"south":{"uv":[8,2.25,10,3.25],"texture":"#0"},"west":{"uv":[8,2.25,8,3.25],"texture":"#0"},"up":{"uv":[8,2.25,6,2.25],"texture":"#0"},"down":{"uv":[10,2.25,8,2.25],"texture":"#0"}}},{"from":[4,8,4],"to":[4,12,12],"rotation":{"angle":0,"axis":"y","origin":[12,16,12]},"faces":{"north":{"uv":[2,5.25,2,6.25],"texture":"#0"},"east":{"uv":[0,5.25,2,6.25],"texture":"#0"},"south":{"uv":[4,5.25,4,6.25],"texture":"#0"},"west":{"uv":[2,5.25,4,6.25],"texture":"#0"},"up":{"uv":[2,5.25,2,3.25],"texture":"#0"},"down":{"uv":[2,3.25,2,5.25],"texture":"#0"}}},{"from":[12,8,4],"to":[12,12,12],"rotation":{"angle":0,"axis":"y","origin":[20,16,12]},"faces":{"north":{"uv":[2,4.25,2,5.25],"texture":"#0"},"east":{"uv":[0,4.25,2,5.25],"texture":"#0"},"south":{"uv":[4,4.25,4,5.25],"texture":"#0"},"west":{"uv":[2,4.25,4,5.25],"texture":"#0"},"up":{"uv":[2,4.25,2,2.25],"texture":"#0"},"down":{"uv":[2,2.25,2,4.25],"texture":"#0"}}},{"from":[4,5,12],"to":[12,12,12],"rotation":{"angle":0,"axis":"y","origin":[12,13,20]},"faces":{"north":{"uv":[6,0,8,1.75],"texture":"#0"},"east":{"uv":[6,0,6,1.75],"texture":"#0"},"south":{"uv":[8,0,10,1.75],"texture":"#0"},"west":{"uv":[8,0,8,1.75],"texture":"#0"},"up":{"uv":[8,0,6,0],"texture":"#0"},"down":{"uv":[10,0,8,0],"texture":"#0"}}},{"from":[4,12,4],"to":[12,12,12],"rotation":{"angle":0,"axis":"y","origin":[12,20,12]},"faces":{"north":{"uv":[2,4.25,4,4.25],"texture":"#0"},"east":{"uv":[0,4.25,2,4.25],"texture":"#0"},"south":{"uv":[6,4.25,8,4.25],"texture":"#0"},"west":{"uv":[4,4.25,6,4.25],"texture":"#0"},"up":{"uv":[4,4.25,2,2.25],"texture":"#0"},"down":{"uv":[6,2.25,4,4.25],"texture":"#0"}}},{"from":[4,5,10],"to":[4,8,12],"rotation":{"angle":0,"axis":"y","origin":[12,13,18]},"faces":{"north":{"uv":[4.5,5.25,4.5,6],"texture":"#0"},"east":{"uv":[4,5.25,4.5,6],"texture":"#0"},"south":{"uv":[5,5.25,5,6],"texture":"#0"},"west":{"uv":[4.5,5.25,5,6],"texture":"#0"},"up":{"uv":[4.5,5.25,4.5,4.75],"texture":"#0"},"down":{"uv":[4.5,4.75,4.5,5.25],"texture":"#0"}}},{"from":[12,5,10],"to":[12,8,12],"rotation":{"angle":0,"axis":"y","origin":[20,13,18]},"faces":{"north":{"uv":[4.5,4.5,4.5,5.25],"texture":"#0"},"east":{"uv":[4,4.5,4.5,5.25],"texture":"#0"},"south":{"uv":[5,4.5,5,5.25],"texture":"#0"},"west":{"uv":[4.5,4.5,5,5.25],"texture":"#0"},"up":{"uv":[4.5,4.5,4.5,4],"texture":"#0"},"down":{"uv":[4.5,4,4.5,4.5],"texture":"#0"}}},{"from":[7,7.5,3.5],"to":[9,12.5,4.5],"rotation":{"angle":0,"axis":"y","origin":[15,16,11.5]},"faces":{"north":{"uv":[0.25,2.5,0.75,3.75],"texture":"#0"},"east":{"uv":[0,2.5,0.25,3.75],"texture":"#0"},"south":{"uv":[1,2.5,1.5,3.75],"texture":"#0"},"west":{"uv":[0.75,2.5,1,3.75],"texture":"#0"},"up":{"uv":[0.75,2.5,0.25,2.25],"texture":"#0"},"down":{"uv":[1.25,2.25,0.75,2.5],"texture":"#0"}}},{"from":[7,11.5,3.5],"to":[9,12.5,11.5],"rotation":{"angle":0,"axis":"y","origin":[15,20,11.5]},"faces":{"north":{"uv":[6,6,6.5,6.25],"texture":"#0"},"east":{"uv":[4,6,6,6.25],"texture":"#0"},"south":{"uv":[8.5,6,9,6.25],"texture":"#0"},"west":{"uv":[6.5,6,8.5,6.25],"texture":"#0"},"up":{"uv":[6.5,6,6,4],"texture":"#0"},"down":{"uv":[7,4,6.5,6],"texture":"#0"}}},{"from":[3.749,5,11.001],"to":[4.999,12,12.251],"rotation":{"angle":0,"axis":"y","origin":[12,14,19.5]},"faces":{"north":{"uv":[1.25,0.25,1.5,2],"texture":"#0"},"east":{"uv":[1,0.25,1.25,2],"texture":"#0"},"south":{"uv":[1.75,0.25,2,2],"texture":"#0"},"west":{"uv":[1.5,0.25,1.75,2],"texture":"#0"},"up":{"uv":[1.5,0.25,1.25,0],"texture":"#0"},"down":{"uv":[1.75,0,1.5,0.25],"texture":"#0"}}},{"from":[11.001,5,11.001],"to":[12.251,12,12.251],"rotation":{"angle":0,"axis":"y","origin":[19,14,19.5]},"faces":{"north":{"uv":[0.25,0.25,0.5,2],"texture":"#0"},"east":{"uv":[0,0.25,0.25,2],"texture":"#0"},"south":{"uv":[0.75,0.25,1,2],"texture":"#0"},"west":{"uv":[0.5,0.25,0.75,2],"texture":"#0"},"up":{"uv":[0.5,0.25,0.25,0],"texture":"#0"},"down":{"uv":[0.75,0,0.5,0.25],"texture":"#0"}}},{"from":[11.001,3,3.749],"to":[12.251,12,4.999],"rotation":{"angle":0,"axis":"y","origin":[19,12,12.5]},"faces":{"north":{"uv":[1.25,6.5,1.5,8.75],"texture":"#0"},"east":{"uv":[1,6.5,1.25,8.75],"texture":"#0"},"south":{"uv":[1.75,6.5,2,8.75],"texture":"#0"},"west":{"uv":[1.5,6.5,1.75,8.75],"texture":"#0"},"up":{"uv":[1.5,6.5,1.25,6.25],"texture":"#0"},"down":{"uv":[1.75,6.25,1.5,6.5],"texture":"#0"}}},{"from":[3.749,3,3.749],"to":[4.999,12,4.999],"rotation":{"angle":0,"axis":"y","origin":[12,12,12.5]},"faces":{"north":{"uv":[0.25,6.5,0.5,8.75],"texture":"#0"},"east":{"uv":[0,6.5,0.25,8.75],"texture":"#0"},"south":{"uv":[0.75,6.5,1,8.75],"texture":"#0"},"west":{"uv":[0.5,6.5,0.75,8.75],"texture":"#0"},"up":{"uv":[0.5,6.5,0.25,6.25],"texture":"#0"},"down":{"uv":[0.75,6.25,0.5,6.5],"texture":"#0"}}},{"from":[3.75,11.25,3.75],"to":[12.25,12.25,12.25],"rotation":{"angle":0,"axis":"y","origin":[12,20,12]},"faces":{"north":{"uv":[2,2,4,2.25],"texture":"#0"},"east":{"uv":[0,2,2,2.25],"texture":"#0"},"south":{"uv":[6,2,8,2.25],"texture":"#0"},"west":{"uv":[4,2,6,2.25],"texture":"#0"},"up":{"uv":[4,2,2,0],"texture":"#0"},"down":{"uv":[6,0,4,2],"texture":"#0"}}}],"display":{"thirdperson_righthand":{"rotation":[90,25,0],"translation":[0,1,1],"scale":[0.4,0.4,0.4]},"thirdperson_lefthand":{"rotation":[90,25,0],"translation":[0,1,1],"scale":[0.4,0.4,0.4]},"firstperson_righthand":{"rotation":[0,120,0],"translation":[1,4,1],"scale":[0.4,0.4,0.4]},"firstperson_lefthand":{"rotation":[0,120,0],"translation":[1,4,1],"scale":[0.4,0.4,0.4]},"ground":{"scale":[0.5,0.5,0.5]},"gui":{"rotation":[16,135,0],"scale":[0.9,0.9,0.9]},"head":{"scale":[1.75,1.75,1.75]}},"groups":[{"name":"all","origin":[19,7,12],"children":[{"name":"metal","origin":[19,7,12],"children":[0,1,2,3,4,5,6,7,8,9,10,11,12,13]}]}]}