{"credit":"Made with Blockbench","texture_size":[32,32],"textures":{"0":"itemy:czapki/phantomhelmet","particle":"itemy:czapki/phantomhelmet"},"elements":[{"from":[13,8,11],"to":[13,10,14],"rotation":{"angle":0,"axis":"y","origin":[21,16,19]},"faces":{"north":{"uv":[8.5,5,8.5,6],"texture":"#0"},"east":{"uv":[7,5,8.5,6],"texture":"#0"},"south":{"uv":[10,5,10,6],"texture":"#0"},"west":{"uv":[8.5,5,10,6],"texture":"#0"},"up":{"uv":[8.5,5,8.5,3.5],"texture":"#0"},"down":{"uv":[8.5,3.5,8.5,5],"texture":"#0"}}},{"from":[5,1,6],"to":[11,3,7],"rotation":{"angle":0,"axis":"z","origin":[8,2,6.5]},"faces":{"north":{"uv":[0.5,0.5,3.5,1.5],"texture":"#0"},"east":{"uv":[0,0.5,0.5,1.5],"texture":"#0"},"south":{"uv":[4,0.5,7,1.5],"texture":"#0"},"west":{"uv":[3.5,0.5,4,1.5],"texture":"#0"},"up":{"uv":[3.5,0.5,0.5,0],"texture":"#0"},"down":{"uv":[6.5,0,3.5,0.5],"texture":"#0"}}},{"from":[5,1,7],"to":[6,3,10],"rotation":{"angle":0,"axis":"z","origin":[8,2,7.5]},"faces":{"north":{"uv":[8.5,4,9,5],"texture":"#0"},"east":{"uv":[7,4,8.5,5],"texture":"#0"},"south":{"uv":[10.5,4,11,5],"texture":"#0"},"west":{"uv":[9,4,10.5,5],"texture":"#0"},"up":{"uv":[9,4,8.5,2.5],"texture":"#0"},"down":{"uv":[9.5,2.5,9,4],"texture":"#0"}}},{"from":[10,1,7],"to":[11,3,10],"rotation":{"angle":0,"axis":"z","origin":[13,2,7.5]},"faces":{"north":{"uv":[7.5,1.5,8,2.5],"texture":"#0"},"east":{"uv":[6,1.5,7.5,2.5],"texture":"#0"},"south":{"uv":[9.5,1.5,10,2.5],"texture":"#0"},"west":{"uv":[8,1.5,9.5,2.5],"texture":"#0"},"up":{"uv":[8,1.5,7.5,0],"texture":"#0"},"down":{"uv":[8.5,0,8,1.5],"texture":"#0"}}},{"from":[3,4,6],"to":[5,15,6],"rotation":{"angle":0,"axis":"y","origin":[11,12,14]},"faces":{"north":{"uv":[2,3,3,8.5],"texture":"#0"},"east":{"uv":[2,3,2,8.5],"texture":"#0"},"south":{"uv":[3,3,4,8.5],"texture":"#0"},"west":{"uv":[3,3,3,8.5],"texture":"#0"},"up":{"uv":[3,3,2,3],"texture":"#0"},"down":{"uv":[4,3,3,3],"texture":"#0"}}},{"from":[11,4,6],"to":[13,15,6],"rotation":{"angle":0,"axis":"y","origin":[19,12,14]},"faces":{"north":{"uv":[0,3,1,8.5],"texture":"#0"},"east":{"uv":[0,3,0,8.5],"texture":"#0"},"south":{"uv":[1,3,2,8.5],"texture":"#0"},"west":{"uv":[1,3,1,8.5],"texture":"#0"},"up":{"uv":[1,3,0,3],"texture":"#0"},"down":{"uv":[2,3,1,3],"texture":"#0"}}},{"from":[5,8,6],"to":[11,11,6],"rotation":{"angle":0,"axis":"y","origin":[13,16,14]},"faces":{"north":{"uv":[0,1.5,3,3],"texture":"#0"},"east":{"uv":[0,1.5,0,3],"texture":"#0"},"south":{"uv":[3,1.5,6,3],"texture":"#0"},"west":{"uv":[3,1.5,3,3],"texture":"#0"},"up":{"uv":[3,1.5,0,1.5],"texture":"#0"},"down":{"uv":[6,1.5,3,1.5],"texture":"#0"}}},{"from":[7,6,6],"to":[9,8,6],"rotation":{"angle":0,"axis":"y","origin":[15,14,14]},"faces":{"north":{"uv":[8,6,9,7],"texture":"#0"},"east":{"uv":[8,6,8,7],"texture":"#0"},"south":{"uv":[9,6,10,7],"texture":"#0"},"west":{"uv":[9,6,9,7],"texture":"#0"},"up":{"uv":[9,6,8,6],"texture":"#0"},"down":{"uv":[10,6,9,6],"texture":"#0"}}},{"from":[3,8,6],"to":[3,15,8],"rotation":{"angle":0,"axis":"y","origin":[11,16,14]},"faces":{"north":{"uv":[7,7.5,7,11],"texture":"#0"},"east":{"uv":[6,7.5,7,11],"texture":"#0"},"south":{"uv":[8,7.5,8,11],"texture":"#0"},"west":{"uv":[7,7.5,8,11],"texture":"#0"},"up":{"uv":[7,7.5,7,6.5],"texture":"#0"},"down":{"uv":[7,6.5,7,7.5],"texture":"#0"}}},{"from":[13,8,6],"to":[13,15,8],"rotation":{"angle":0,"axis":"y","origin":[21,16,14]},"faces":{"north":{"uv":[5,7.5,5,11],"texture":"#0"},"east":{"uv":[4,7.5,5,11],"texture":"#0"},"south":{"uv":[6,7.5,6,11],"texture":"#0"},"west":{"uv":[5,7.5,6,11],"texture":"#0"},"up":{"uv":[5,7.5,5,6.5],"texture":"#0"},"down":{"uv":[5,6.5,5,7.5],"texture":"#0"}}},{"from":[3,4.5,9],"to":[3,8,10],"rotation":{"angle":0,"axis":"y","origin":[11,13,17]},"faces":{"north":{"uv":[8.5,8.5,8.5,10],"texture":"#0"},"east":{"uv":[8,8.5,8.5,10],"texture":"#0"},"south":{"uv":[9,8.5,9,10],"texture":"#0"},"west":{"uv":[8.5,8.5,9,10],"texture":"#0"},"up":{"uv":[8.5,8.5,8.5,8],"texture":"#0"},"down":{"uv":[8.5,8,8.5,8.5],"texture":"#0"}}},{"from":[4,2,9],"to":[4,5,10],"rotation":{"angle":45,"axis":"z","origin":[4,3.5,9.5]},"faces":{"north":{"uv":[3.5,8.5,3.5,10],"texture":"#0"},"east":{"uv":[3,8.5,3.5,10],"texture":"#0"},"south":{"uv":[4,8.5,4,10],"texture":"#0"},"west":{"uv":[3.5,8.5,4,10],"texture":"#0"},"up":{"uv":[3.5,8.5,3.5,8],"texture":"#0"},"down":{"uv":[3.5,8,3.5,8.5],"texture":"#0"}}},{"from":[12,2,9],"to":[12,5,10],"rotation":{"angle":-45,"axis":"z","origin":[12,3.5,9.5]},"faces":{"north":{"uv":[7.5,6,7.5,7.5],"texture":"#0"},"east":{"uv":[7,6,7.5,7.5],"texture":"#0"},"south":{"uv":[8,6,8,7.5],"texture":"#0"},"west":{"uv":[7.5,6,8,7.5],"texture":"#0"},"up":{"uv":[7.5,6,7.5,5.5],"texture":"#0"},"down":{"uv":[7.5,5.5,7.5,6],"texture":"#0"}}},{"from":[13,4.5,9],"to":[13,8,10],"rotation":{"angle":0,"axis":"y","origin":[21,13,17]},"faces":{"north":{"uv":[7.5,2.5,7.5,4],"texture":"#0"},"east":{"uv":[7,2.5,7.5,4],"texture":"#0"},"south":{"uv":[8,2.5,8,4],"texture":"#0"},"west":{"uv":[7.5,2.5,8,4],"texture":"#0"},"up":{"uv":[7.5,2.5,7.5,2],"texture":"#0"},"down":{"uv":[7.5,2,7.5,2.5],"texture":"#0"}}},{"from":[3,8,8],"to":[3,12,11],"rotation":{"angle":0,"axis":"y","origin":[11,16,16]},"faces":{"north":{"uv":[5.5,3,5.5,5],"texture":"#0"},"east":{"uv":[4,3,5.5,5],"texture":"#0"},"south":{"uv":[7,3,7,5],"texture":"#0"},"west":{"uv":[5.5,3,7,5],"texture":"#0"},"up":{"uv":[5.5,3,5.5,1.5],"texture":"#0"},"down":{"uv":[5.5,1.5,5.5,3],"texture":"#0"}}},{"from":[13,8,8],"to":[13,12,11],"rotation":{"angle":0,"axis":"y","origin":[21,16,16]},"faces":{"north":{"uv":[5.5,5.5,5.5,7.5],"texture":"#0"},"east":{"uv":[4,5.5,5.5,7.5],"texture":"#0"},"south":{"uv":[7,5.5,7,7.5],"texture":"#0"},"west":{"uv":[5.5,5.5,7,7.5],"texture":"#0"},"up":{"uv":[5.5,5.5,5.5,4],"texture":"#0"},"down":{"uv":[5.5,4,5.5,5.5],"texture":"#0"}}},{"from":[3,8,11],"to":[3,10,14],"rotation":{"angle":0,"axis":"y","origin":[11,16,19]},"faces":{"north":{"uv":[1.5,8.5,1.5,9.5],"texture":"#0"},"east":{"uv":[0,8.5,1.5,9.5],"texture":"#0"},"south":{"uv":[3,8.5,3,9.5],"texture":"#0"},"west":{"uv":[1.5,8.5,3,9.5],"texture":"#0"},"up":{"uv":[1.5,8.5,1.5,7],"texture":"#0"},"down":{"uv":[1.5,7,1.5,8.5],"texture":"#0"}}}],"display":{"thirdperson_righthand":{"rotation":[90,25,0],"translation":[0,1,1],"scale":[0.4,0.4,0.4]},"thirdperson_lefthand":{"rotation":[90,25,0],"translation":[0,1,1],"scale":[0.4,0.4,0.4]},"firstperson_righthand":{"rotation":[0,120,0],"translation":[1,4,1],"scale":[0.4,0.4,0.4]},"firstperson_lefthand":{"rotation":[0,120,0],"translation":[1,4,1],"scale":[0.4,0.4,0.4]},"ground":{"translation":[0,1,0],"scale":[0.5,0.5,0.5]},"gui":{"rotation":[16,135,0],"scale":[0.9,0.9,0.9]},"head":{"translation":[0,2.5,-4.5],"scale":[1.5,1.5,1.5]}},"groups":[{"name":"all","origin":[8,8,8],"children":[0,1,2,3,4,5,6,7,8,9,10,11,12,13,14,15,16]}]}