{"credit":"Made with Blockbench","texture_size":[64,64],"textures":{"0":"itemy:czapki/piglinhelmet","particle":"itemy:czapki/piglinhelmet"},"elements":[{"from":[8,13,3.5],"to":[8,19,12.5],"rotation":{"angle":0,"axis":"y","origin":[16,21,11]},"faces":{"north":{"uv":[7.25,7.25,7.25,8.75],"texture":"#0"},"east":{"uv":[5,7.25,7.25,8.75],"texture":"#0"},"south":{"uv":[9.5,7.25,9.5,8.75],"texture":"#0"},"west":{"uv":[7.25,7.25,9.5,8.75],"texture":"#0"},"up":{"uv":[7.25,7.25,7.25,5],"texture":"#0"},"down":{"uv":[7.25,5,7.25,7.25],"texture":"#0"}}},{"from":[13,3,3],"to":[13,13,13],"rotation":{"angle":0,"axis":"y","origin":[21,11,11]},"faces":{"north":{"uv":[2.5,5,2.5,7.5],"texture":"#0"},"east":{"uv":[0,5,2.5,7.5],"texture":"#0"},"south":{"uv":[5,5,5,7.5],"texture":"#0"},"west":{"uv":[2.5,5,5,7.5],"texture":"#0"},"up":{"uv":[2.5,5,2.5,2.5],"texture":"#0"},"down":{"uv":[2.5,2.5,2.5,5],"texture":"#0"}}},{"from":[3,13,3],"to":[13,13,13],"rotation":{"angle":0,"axis":"y","origin":[11,21,11]},"faces":{"north":{"uv":[2.5,2.5,5,2.5],"texture":"#0"},"east":{"uv":[0,2.5,2.5,2.5],"texture":"#0"},"south":{"uv":[7.5,2.5,10,2.5],"texture":"#0"},"west":{"uv":[5,2.5,7.5,2.5],"texture":"#0"},"up":{"uv":[5,2.5,2.5,0],"texture":"#0"},"down":{"uv":[7.5,0,5,2.5],"texture":"#0"}}},{"from":[3,3,3],"to":[13,13,3],"rotation":{"angle":0,"axis":"y","origin":[11,11,11]},"faces":{"north":{"uv":[0,7.5,2.5,10],"texture":"#0"},"east":{"uv":[0,7.5,0,10],"texture":"#0"},"south":{"uv":[2.5,7.5,5,10],"texture":"#0"},"west":{"uv":[2.5,7.5,2.5,10],"texture":"#0"},"up":{"uv":[2.5,7.5,0,7.5],"texture":"#0"},"down":{"uv":[5,7.5,2.5,7.5],"texture":"#0"}}},{"from":[3,3,13],"to":[13,13,13],"rotation":{"angle":0,"axis":"y","origin":[11,11,21]},"faces":{"north":{"uv":[5,2.5,7.5,5],"texture":"#0"},"east":{"uv":[5,2.5,5,5],"texture":"#0"},"south":{"uv":[7.5,2.5,10,5],"texture":"#0"},"west":{"uv":[7.5,2.5,7.5,5],"texture":"#0"},"up":{"uv":[7.5,2.5,5,2.5],"texture":"#0"},"down":{"uv":[10,2.5,7.5,2.5],"texture":"#0"}}},{"from":[3,3,3],"to":[3,13,13],"rotation":{"angle":0,"axis":"y","origin":[11,11,11]},"faces":{"north":{"uv":[2.5,2.5,2.5,5],"texture":"#0"},"east":{"uv":[0,2.5,2.5,5],"texture":"#0"},"south":{"uv":[5,2.5,5,5],"texture":"#0"},"west":{"uv":[2.5,2.5,5,5],"texture":"#0"},"up":{"uv":[2.5,2.5,2.5,0],"texture":"#0"},"down":{"uv":[2.5,0,2.5,2.5],"texture":"#0"}}},{"from":[6,6,2],"to":[10,10,3],"rotation":{"angle":0,"axis":"y","origin":[14,14,10]},"faces":{"north":{"uv":[0.25,0.25,1.25,1.25],"texture":"#0"},"east":{"uv":[0,0.25,0.25,1.25],"texture":"#0"},"south":{"uv":[1.5,0.25,2.5,1.25],"texture":"#0"},"west":{"uv":[1.25,0.25,1.5,1.25],"texture":"#0"},"up":{"uv":[1.25,0.25,0.25,0],"texture":"#0"},"down":{"uv":[2.25,0,1.25,0.25],"texture":"#0"}}},{"from":[4,6.01,2.01],"to":[12,7.01,3.01],"rotation":{"angle":0,"axis":"y","origin":[12,14,10]},"faces":{"north":{"uv":[5.25,6.5,7.25,6.75],"texture":"#0"},"east":{"uv":[5,6.5,5.25,6.75],"texture":"#0"},"south":{"uv":[7.5,6.5,9.5,6.75],"texture":"#0"},"west":{"uv":[7.25,6.5,7.5,6.75],"texture":"#0"},"up":{"uv":[7.25,6.5,5.25,6.25],"texture":"#0"},"down":{"uv":[9.25,6.25,7.25,6.5],"texture":"#0"}}},{"from":[4,7,2.001],"to":[5,8,3.001],"rotation":{"angle":0,"axis":"y","origin":[12,15,10]},"faces":{"north":{"uv":[1.25,1.5,1.5,1.75],"texture":"#0"},"east":{"uv":[1,1.5,1.25,1.75],"texture":"#0"},"south":{"uv":[1.75,1.5,2,1.75],"texture":"#0"},"west":{"uv":[1.5,1.5,1.75,1.75],"texture":"#0"},"up":{"uv":[1.5,1.5,1.25,1.25],"texture":"#0"},"down":{"uv":[1.75,1.25,1.5,1.5],"texture":"#0"}}},{"from":[11,7,2.001],"to":[12,8,3.001],"rotation":{"angle":0,"axis":"y","origin":[19,15,10]},"faces":{"north":{"uv":[0.25,1.5,0.5,1.75],"texture":"#0"},"east":{"uv":[0,1.5,0.25,1.75],"texture":"#0"},"south":{"uv":[0.75,1.5,1,1.75],"texture":"#0"},"west":{"uv":[0.5,1.5,0.75,1.75],"texture":"#0"},"up":{"uv":[0.5,1.5,0.25,1.25],"texture":"#0"},"down":{"uv":[0.75,1.25,0.5,1.5],"texture":"#0"}}},{"from":[2,7,5],"to":[3,12,11],"rotation":{"angle":0,"axis":"y","origin":[10,15,13]},"faces":{"north":{"uv":[10,5,10.25,6.25],"texture":"#0"},"east":{"uv":[8.5,5,10,6.25],"texture":"#0"},"south":{"uv":[11.75,5,12,6.25],"texture":"#0"},"west":{"uv":[10.25,5,11.75,6.25],"texture":"#0"},"up":{"uv":[10.25,5,10,3.5],"texture":"#0"},"down":{"uv":[10.5,3.5,10.25,5],"texture":"#0"}}},{"from":[13,7,5],"to":[14,12,11],"rotation":{"angle":0,"axis":"y","origin":[21,15,13]},"faces":{"north":{"uv":[9.5,9.5,9.75,10.75],"texture":"#0"},"east":{"uv":[8,9.5,9.5,10.75],"texture":"#0"},"south":{"uv":[11.25,9.5,11.5,10.75],"texture":"#0"},"west":{"uv":[9.75,9.5,11.25,10.75],"texture":"#0"},"up":{"uv":[9.75,9.5,9.5,8],"texture":"#0"},"down":{"uv":[10,8,9.75,9.5],"texture":"#0"}}}],"display":{"thirdperson_righthand":{"rotation":[90,25,0],"translation":[0,1,1],"scale":[0.4,0.4,0.4]},"thirdperson_lefthand":{"rotation":[90,25,0],"translation":[0,1,1],"scale":[0.4,0.4,0.4]},"firstperson_righthand":{"rotation":[0,120,0],"translation":[1,4,1],"scale":[0.4,0.4,0.4]},"firstperson_lefthand":{"rotation":[0,120,0],"translation":[1,4,1],"scale":[0.4,0.4,0.4]},"ground":{"scale":[0.5,0.5,0.5]},"gui":{"rotation":[16,135,0],"translation":[0,-1.5,0],"scale":[0.9,0.9,0.9]},"head":{"translation":[0,0.5,0],"scale":[1.5,1.5,1.5]}},"groups":[{"name":"all","origin":[11,18,11],"children":[{"name":"flats","origin":[21,8,11],"children":[0,1,2,3,4,5]},{"name":"solids","origin":[8,8,8],"children":[6,7,8,9,10,11]}]}]}