{"credit":"Made with Blockbench","texture_size":[64,64],"textures":{"0":"itemy:czapki/snowhelmet","particle":"itemy:czapki/snowhelmet"},"elements":[{"from":[6,12,2.5],"to":[7,14,13.5],"rotation":{"angle":0,"axis":"y","origin":[14,20,10]},"faces":{"north":{"uv":[5,7.5,5.25,8],"texture":"#0"},"east":{"uv":[2.25,7.5,5,8],"texture":"#0"},"south":{"uv":[8,7.5,8.25,8],"texture":"#0"},"west":{"uv":[5.25,7.5,8,8],"texture":"#0"},"up":{"uv":[5.25,7.5,5,4.75],"texture":"#0"},"down":{"uv":[5.5,4.75,5.25,7.5],"texture":"#0"}}},{"from":[9,12,2.5],"to":[10,14,13.5],"rotation":{"angle":0,"axis":"y","origin":[17,20,10]},"faces":{"north":{"uv":[7.75,2.75,8,3.25],"texture":"#0"},"east":{"uv":[5,2.75,7.75,3.25],"texture":"#0"},"south":{"uv":[10.75,2.75,11,3.25],"texture":"#0"},"west":{"uv":[8,2.75,10.75,3.25],"texture":"#0"},"up":{"uv":[8,2.75,7.75,0],"texture":"#0"},"down":{"uv":[8.25,0,8,2.75],"texture":"#0"}}},{"from":[13,12,2.5],"to":[14,16,4.5],"rotation":{"angle":0,"axis":"y","origin":[21,20,11]},"faces":{"north":{"uv":[1.5,1.5,1.75,2.5],"texture":"#0"},"east":{"uv":[1,1.5,1.5,2.5],"texture":"#0"},"south":{"uv":[2.25,1.5,2.5,2.5],"texture":"#0"},"west":{"uv":[1.75,1.5,2.25,2.5],"texture":"#0"},"up":{"uv":[1.75,1.5,1.5,1],"texture":"#0"},"down":{"uv":[2,1,1.75,1.5],"texture":"#0"}}},{"from":[2,12,2.5],"to":[3,16,4.5],"rotation":{"angle":0,"axis":"y","origin":[10,20,11]},"faces":{"north":{"uv":[0.5,0.5,0.75,1.5],"texture":"#0"},"east":{"uv":[0,0.5,0.5,1.5],"texture":"#0"},"south":{"uv":[1.25,0.5,1.5,1.5],"texture":"#0"},"west":{"uv":[0.75,0.5,1.25,1.5],"texture":"#0"},"up":{"uv":[0.75,0.5,0.5,0],"texture":"#0"},"down":{"uv":[1,0,0.75,0.5],"texture":"#0"}}},{"from":[3,13,3],"to":[13,13,13],"rotation":{"angle":0,"axis":"y","origin":[11,21,11]},"faces":{"north":{"uv":[2.5,2.5,5,2.5],"texture":"#0"},"east":{"uv":[0,2.5,2.5,2.5],"texture":"#0"},"south":{"uv":[7.5,2.5,10,2.5],"texture":"#0"},"west":{"uv":[5,2.5,7.5,2.5],"texture":"#0"},"up":{"uv":[5,2.5,2.5,0],"texture":"#0"},"down":{"uv":[7.5,0,5,2.5],"texture":"#0"}}},{"from":[3,3,3],"to":[13,13,3],"rotation":{"angle":0,"axis":"y","origin":[11,11,11]},"faces":{"north":{"uv":[0,8,2.5,10.5],"texture":"#0"},"east":{"uv":[0,8,0,10.5],"texture":"#0"},"south":{"uv":[2.5,8,5,10.5],"texture":"#0"},"west":{"uv":[2.5,8,2.5,10.5],"texture":"#0"},"up":{"uv":[2.5,8,0,8],"texture":"#0"},"down":{"uv":[5,8,2.5,8],"texture":"#0"}}},{"from":[3,3,13],"to":[13,13,13],"rotation":{"angle":0,"axis":"y","origin":[11,11,21]},"faces":{"north":{"uv":[5.5,3.25,8,5.75],"texture":"#0"},"east":{"uv":[5.5,3.25,5.5,5.75],"texture":"#0"},"south":{"uv":[8,3.25,10.5,5.75],"texture":"#0"},"west":{"uv":[8,3.25,8,5.75],"texture":"#0"},"up":{"uv":[8,3.25,5.5,3.25],"texture":"#0"},"down":{"uv":[10.5,3.25,8,3.25],"texture":"#0"}}},{"from":[3,3,3],"to":[3,13,13],"rotation":{"angle":0,"axis":"y","origin":[11,11,11]},"faces":{"north":{"uv":[2.5,5,2.5,7.5],"texture":"#0"},"east":{"uv":[0,5,2.5,7.5],"texture":"#0"},"south":{"uv":[5,5,5,7.5],"texture":"#0"},"west":{"uv":[2.5,5,5,7.5],"texture":"#0"},"up":{"uv":[2.5,5,2.5,2.5],"texture":"#0"},"down":{"uv":[2.5,2.5,2.5,5],"texture":"#0"}}},{"from":[13,3,3],"to":[13,13,13],"rotation":{"angle":0,"axis":"y","origin":[21,11,11]},"faces":{"north":{"uv":[2.5,2.5,2.5,5],"texture":"#0"},"east":{"uv":[0,2.5,2.5,5],"texture":"#0"},"south":{"uv":[5,2.5,5,5],"texture":"#0"},"west":{"uv":[2.5,2.5,5,5],"texture":"#0"},"up":{"uv":[2.5,2.5,2.5,0],"texture":"#0"},"down":{"uv":[2.5,0,2.5,2.5],"texture":"#0"}}}],"display":{"thirdperson_righthand":{"rotation":[90,25,0],"translation":[0,1,1],"scale":[0.4,0.4,0.4]},"thirdperson_lefthand":{"rotation":[90,25,0],"translation":[0,1,1],"scale":[0.4,0.4,0.4]},"firstperson_righthand":{"rotation":[0,120,0],"translation":[1,4,1],"scale":[0.4,0.4,0.4]},"firstperson_lefthand":{"rotation":[0,120,0],"translation":[1,4,1],"scale":[0.4,0.4,0.4]},"ground":{"scale":[0.5,0.5,0.5]},"gui":{"rotation":[16,135,0],"translation":[0,-1,0],"scale":[0.9,0.9,0.9]},"head":{"scale":[1.5,1.5,1.5]}},"groups":[{"name":"all","origin":[8,8,8],"children":[{"name":"horns","origin":[8,8,8],"children":[0,1,2,3]},{"name":"base","origin":[8,8,8],"children":[4,5,6,7,8]}]}]}