{"credit":"Made with Blockbench","texture_size":[32,32],"textures":{"1":"itemy:czapki/speedhelmet"},"elements":[{"name":"helmet","from":[3,3,3],"to":[4,10,4],"rotation":{"angle":0,"axis":"y","origin":[3,3,3]},"faces":{"north":{"uv":[2.5,9,3,12.5],"texture":"#1"},"east":{"uv":[2,9,2.5,12.5],"texture":"#1"},"south":{"uv":[3.5,9,4,12.5],"texture":"#1"},"west":{"uv":[3,9,3.5,12.5],"texture":"#1"},"up":{"uv":[3,9,2.5,8.5],"texture":"#1"},"down":{"uv":[3.5,8.5,3,9],"texture":"#1"}}},{"name":"helmet","from":[12,3,3],"to":[13,10,4],"rotation":{"angle":0,"axis":"y","origin":[12,3,3]},"faces":{"north":{"uv":[0.5,9,1,12.5],"texture":"#1"},"east":{"uv":[0,9,0.5,12.5],"texture":"#1"},"south":{"uv":[1.5,9,2,12.5],"texture":"#1"},"west":{"uv":[1,9,1.5,12.5],"texture":"#1"},"up":{"uv":[1,9,0.5,8.5],"texture":"#1"},"down":{"uv":[1.5,8.5,1,9],"texture":"#1"}}},{"name":"helmet","from":[3,2,3.001],"to":[6,4,3.001],"rotation":{"angle":0,"axis":"y","origin":[3.25,2,2.75]},"faces":{"north":{"uv":[12,2.5,13.5,3.5],"texture":"#1"},"east":{"uv":[12,2.5,12,3.5],"texture":"#1"},"south":{"uv":[13.5,2.5,15,3.5],"texture":"#1"},"west":{"uv":[13.5,2.5,13.5,3.5],"texture":"#1"},"up":{"uv":[13.5,2.5,12,2.5],"texture":"#1"},"down":{"uv":[15,2.5,13.5,2.5],"texture":"#1"}}},{"name":"helmet","from":[10,2,3.001],"to":[13,4,3.001],"rotation":{"angle":0,"axis":"y","origin":[9.75,2,2.75]},"faces":{"north":{"uv":[11.5,11.5,13,12.5],"texture":"#1"},"east":{"uv":[11.5,11.5,11.5,12.5],"texture":"#1"},"south":{"uv":[13,11.5,14.5,12.5],"texture":"#1"},"west":{"uv":[13,11.5,13,12.5],"texture":"#1"},"up":{"uv":[13,11.5,11.5,11.5],"texture":"#1"},"down":{"uv":[14.5,11.5,13,11.5],"texture":"#1"}}},{"name":"helmet","from":[4,8,3],"to":[7,10,4],"rotation":{"angle":0,"axis":"y","origin":[4,8,3]},"faces":{"north":{"uv":[6,9,7.5,10],"texture":"#1"},"east":{"uv":[5.5,9,6,10],"texture":"#1"},"south":{"uv":[8,9,9.5,10],"texture":"#1"},"west":{"uv":[7.5,9,8,10],"texture":"#1"},"up":{"uv":[7.5,9,6,8.5],"texture":"#1"},"down":{"uv":[9,8.5,7.5,9],"texture":"#1"}}},{"name":"helmet","from":[9,8,3],"to":[12,10,4],"rotation":{"angle":0,"axis":"y","origin":[9,8,3]},"faces":{"north":{"uv":[7.5,3,9,4],"texture":"#1"},"east":{"uv":[7,3,7.5,4],"texture":"#1"},"south":{"uv":[9.5,3,11,4],"texture":"#1"},"west":{"uv":[9,3,9.5,4],"texture":"#1"},"up":{"uv":[9,3,7.5,2.5],"texture":"#1"},"down":{"uv":[10.5,2.5,9,3],"texture":"#1"}}},{"name":"helmet","from":[6,10,3],"to":[10,11,4],"rotation":{"angle":0,"axis":"y","origin":[6,10,3]},"faces":{"north":{"uv":[0.5,4.5,2.5,5],"texture":"#1"},"east":{"uv":[0,4.5,0.5,5],"texture":"#1"},"south":{"uv":[3,4.5,5,5],"texture":"#1"},"west":{"uv":[2.5,4.5,3,5],"texture":"#1"},"up":{"uv":[2.5,4.5,0.5,4],"texture":"#1"},"down":{"uv":[4.5,4,2.5,4.5],"texture":"#1"}}},{"name":"helmet","from":[7,5,3],"to":[9,8,3],"rotation":{"angle":0,"axis":"y","origin":[7,5,3]},"faces":{"north":{"uv":[2.5,0,3.5,1.5],"texture":"#1"},"east":{"uv":[2.5,0,2.5,1.5],"texture":"#1"},"south":{"uv":[3.5,0,4.5,1.5],"texture":"#1"},"west":{"uv":[3.5,0,3.5,1.5],"texture":"#1"},"up":{"uv":[3.5,0,2.5,0],"texture":"#1"},"down":{"uv":[4.5,0,3.5,0],"texture":"#1"}}},{"name":"helmet","from":[3,7,4],"to":[4,9,13],"rotation":{"angle":0,"axis":"y","origin":[3,7,4]},"faces":{"north":{"uv":[4.5,13,5,14],"texture":"#1"},"east":{"uv":[0,13,4.5,14],"texture":"#1"},"south":{"uv":[9.5,13,10,14],"texture":"#1"},"west":{"uv":[5,13,9.5,14],"texture":"#1"},"up":{"uv":[5,13,4.5,8.5],"texture":"#1"},"down":{"uv":[5.5,8.5,5,13],"texture":"#1"}}},{"name":"helmet","from":[2.75,9,6],"to":[4,11,8],"rotation":{"angle":0,"axis":"y","origin":[3,9,6]},"faces":{"north":{"uv":[6.5,12,7,13],"texture":"#1"},"east":{"uv":[5.5,12,6.5,13],"texture":"#1"},"south":{"uv":[8,12,8.5,13],"texture":"#1"},"west":{"uv":[7,12,8,13],"texture":"#1"},"up":{"uv":[7,12,6.5,11],"texture":"#1"},"down":{"uv":[7.5,11,7,12],"texture":"#1"}}},{"name":"helmet","from":[12,9,6],"to":[13.25,11,8],"rotation":{"angle":0,"axis":"y","origin":[12,9,6]},"faces":{"north":{"uv":[11,4,11.5,5],"texture":"#1"},"east":{"uv":[10,4,11,5],"texture":"#1"},"south":{"uv":[12.5,4,13,5],"texture":"#1"},"west":{"uv":[11.5,4,12.5,5],"texture":"#1"},"up":{"uv":[11.5,4,11,3],"texture":"#1"},"down":{"uv":[12,3,11.5,4],"texture":"#1"}}},{"name":"helmet","from":[3,6,10],"to":[4,7,13],"rotation":{"angle":0,"axis":"y","origin":[3,6,10]},"faces":{"north":{"uv":[1.5,3.5,2,4],"texture":"#1"},"east":{"uv":[0,3.5,1.5,4],"texture":"#1"},"south":{"uv":[3.5,3.5,4,4],"texture":"#1"},"west":{"uv":[2,3.5,3.5,4],"texture":"#1"},"up":{"uv":[2,3.5,1.5,2],"texture":"#1"},"down":{"uv":[2.5,2,2,3.5],"texture":"#1"}}},{"name":"helmet","from":[12,6,10],"to":[13,7,13],"rotation":{"angle":0,"axis":"y","origin":[12,6,10]},"faces":{"north":{"uv":[1.5,1.5,2,2],"texture":"#1"},"east":{"uv":[0,1.5,1.5,2],"texture":"#1"},"south":{"uv":[3.5,1.5,4,2],"texture":"#1"},"west":{"uv":[2,1.5,3.5,2],"texture":"#1"},"up":{"uv":[2,1.5,1.5,0],"texture":"#1"},"down":{"uv":[2.5,0,2,1.5],"texture":"#1"}}},{"name":"helmet","from":[12,5,11],"to":[13,6,13],"rotation":{"angle":0,"axis":"y","origin":[12,5,11]},"faces":{"north":{"uv":[12,7.5,12.5,8],"texture":"#1"},"east":{"uv":[11,7.5,12,8],"texture":"#1"},"south":{"uv":[13.5,7.5,14,8],"texture":"#1"},"west":{"uv":[12.5,7.5,13.5,8],"texture":"#1"},"up":{"uv":[12.5,7.5,12,6.5],"texture":"#1"},"down":{"uv":[13,6.5,12.5,7.5],"texture":"#1"}}},{"name":"helmet","from":[3,5,11],"to":[4,6,13],"rotation":{"angle":0,"axis":"y","origin":[3,5,11]},"faces":{"north":{"uv":[12,6,12.5,6.5],"texture":"#1"},"east":{"uv":[11,6,12,6.5],"texture":"#1"},"south":{"uv":[13.5,6,14,6.5],"texture":"#1"},"west":{"uv":[12.5,6,13.5,6.5],"texture":"#1"},"up":{"uv":[12.5,6,12,5],"texture":"#1"},"down":{"uv":[13,5,12.5,6],"texture":"#1"}}},{"name":"helmet","from":[10,5,12],"to":[12,6,13],"rotation":{"angle":0,"axis":"y","origin":[10,5,13]},"faces":{"north":{"uv":[11.5,9.5,12.5,10],"texture":"#1"},"east":{"uv":[11,9.5,11.5,10],"texture":"#1"},"south":{"uv":[13,9.5,14,10],"texture":"#1"},"west":{"uv":[12.5,9.5,13,10],"texture":"#1"},"up":{"uv":[12.5,9.5,11.5,9],"texture":"#1"},"down":{"uv":[13.5,9,12.5,9.5],"texture":"#1"}}},{"name":"helmet","from":[4,5,12],"to":[6,6,13],"rotation":{"angle":0,"axis":"y","origin":[4,5,13]},"faces":{"north":{"uv":[11.5,8.5,12.5,9],"texture":"#1"},"east":{"uv":[11,8.5,11.5,9],"texture":"#1"},"south":{"uv":[13,8.5,14,9],"texture":"#1"},"west":{"uv":[12.5,8.5,13,9],"texture":"#1"},"up":{"uv":[12.5,8.5,11.5,8],"texture":"#1"},"down":{"uv":[13.5,8,12.5,8.5],"texture":"#1"}}},{"name":"helmet","from":[12,7,4],"to":[13,9,13],"rotation":{"angle":0,"axis":"y","origin":[12,7,4]},"faces":{"north":{"uv":[10,10,10.5,11],"texture":"#1"},"east":{"uv":[5.5,10,10,11],"texture":"#1"},"south":{"uv":[15,10,15.5,11],"texture":"#1"},"west":{"uv":[10.5,10,15,11],"texture":"#1"},"up":{"uv":[10.5,10,10,5.5],"texture":"#1"},"down":{"uv":[11,5.5,10.5,10],"texture":"#1"}}},{"name":"helmet","from":[4,6,12],"to":[12,10,13],"rotation":{"angle":0,"axis":"y","origin":[12,14,20]},"faces":{"north":{"uv":[7.5,0.5,11.5,2.5],"texture":"#1"},"east":{"uv":[7,0.5,7.5,2.5],"texture":"#1"},"south":{"uv":[12,0.5,16,2.5],"texture":"#1"},"west":{"uv":[11.5,0.5,12,2.5],"texture":"#1"},"up":{"uv":[11.5,0.5,7.5,0],"texture":"#1"},"down":{"uv":[15.5,0,11.5,0.5],"texture":"#1"}}},{"name":"helmet","from":[7,11,3],"to":[9,12,13],"rotation":{"angle":0,"axis":"y","origin":[8,11,3]},"faces":{"north":{"uv":[5,5,6,5.5],"texture":"#1"},"east":{"uv":[0,5,5,5.5],"texture":"#1"},"south":{"uv":[11,5,12,5.5],"texture":"#1"},"west":{"uv":[6,5,11,5.5],"texture":"#1"},"up":{"uv":[6,5,5,0],"texture":"#1"},"down":{"uv":[7,0,6,5],"texture":"#1"}}},{"name":"helmet","from":[7,10,12],"to":[9,11,13],"rotation":{"angle":0,"axis":"y","origin":[8,10,12]},"faces":{"north":{"uv":[7.5,4.5,8.5,5],"texture":"#1"},"east":{"uv":[7,4.5,7.5,5],"texture":"#1"},"south":{"uv":[9,4.5,10,5],"texture":"#1"},"west":{"uv":[8.5,4.5,9,5],"texture":"#1"},"up":{"uv":[8.5,4.5,7.5,4],"texture":"#1"},"down":{"uv":[9.5,4,8.5,4.5],"texture":"#1"}}},{"name":"wing","from":[2.7,11,5],"to":[2.7,14,15],"rotation":{"angle":-22.5,"axis":"x","origin":[3,11,13]},"faces":{"north":{"uv":[5,7,5,8.5],"texture":"#1"},"east":{"uv":[0,7,5,8.5],"texture":"#1"},"south":{"uv":[10,7,10,8.5],"texture":"#1"},"west":{"uv":[5,7,10,8.5],"texture":"#1"},"up":{"uv":[5,7,5,2],"texture":"#1"},"down":{"uv":[5,2,5,7],"texture":"#1"}}},{"name":"wing","from":[13.3,11,5],"to":[13.3,14,15],"rotation":{"angle":-22.5,"axis":"x","origin":[13,11,13]},"faces":{"north":{"uv":[5,5.5,5,7],"texture":"#1"},"east":{"uv":[0,5.5,5,7],"texture":"#1"},"south":{"uv":[10,5.5,10,7],"texture":"#1"},"west":{"uv":[5,5.5,10,7],"texture":"#1"},"up":{"uv":[5,5.5,5,0.5],"texture":"#1"},"down":{"uv":[5,0.5,5,5.5],"texture":"#1"}}},{"name":"gem","from":[7,8,2.75],"to":[9,10,4.25],"rotation":{"angle":0,"axis":"y","origin":[7,8,2.75]},"faces":{"north":{"uv":[9,11.5,10,12.5],"texture":"#1"},"east":{"uv":[8.5,11.5,9,12.5],"texture":"#1"},"south":{"uv":[10.5,11.5,11.5,12.5],"texture":"#1"},"west":{"uv":[10,11.5,10.5,12.5],"texture":"#1"},"up":{"uv":[10,11.5,9,11],"texture":"#1"},"down":{"uv":[11,11,10,11.5],"texture":"#1"}}}],"display":{"thirdperson_righthand":{"rotation":[90,25,0],"translation":[0,1,1],"scale":[0.4,0.4,0.4]},"thirdperson_lefthand":{"rotation":[90,25,0],"translation":[0,1,1],"scale":[0.4,0.4,0.4]},"firstperson_righthand":{"rotation":[0,120,0],"translation":[1,4,1],"scale":[0.4,0.4,0.4]},"firstperson_lefthand":{"rotation":[0,120,0],"translation":[1,4,1],"scale":[0.4,0.4,0.4]},"ground":{"scale":[0.5,0.5,0.5]},"gui":{"rotation":[16,135,0],"scale":[0.9,0.9,0.9]},"head":{"translation":[0,2,0],"scale":[1.5,1.5,1.5]}},"groups":[{"name":"ALL","origin":[10,8,8],"children":[{"name":"helmet","origin":[10,8,8],"children":[0,1,2,3,4,5,6,7,8,9,10,11,12,13,14,15,16,17,18,19,20]},{"name":"wings","origin":[8,8,8],"children":[21,22]},{"name":"gem","origin":[10,8,8],"children":[23]}]}]}