{"credit":"Made with Blockbench","texture_size":[64,64],"textures":{"0":"itemy:czapki/thiefhelmet","particle":"itemy:czapki/thiefhelmet"},"elements":[{"from":[3,9,12],"to":[13,12,17],"rotation":{"angle":22.5,"axis":"x","origin":[8,10.5,14.5]},"faces":{"north":{"uv":[6.25,6.25,8.75,7],"texture":"#0"},"east":{"uv":[5,6.25,6.25,7],"texture":"#0"},"south":{"uv":[10,6.25,12.5,7],"texture":"#0"},"west":{"uv":[8.75,6.25,10,7],"texture":"#0"},"up":{"uv":[8.75,6.25,6.25,5],"texture":"#0"},"down":{"uv":[11.25,5,8.75,6.25],"texture":"#0"}}},{"from":[3,3,3],"to":[13,13,3],"rotation":{"angle":0,"axis":"y","origin":[11,11,11]},"faces":{"north":{"uv":[7.5,0,10,2.5],"texture":"#0"},"east":{"uv":[7.5,0,7.5,2.5],"texture":"#0"},"south":{"uv":[10,0,12.5,2.5],"texture":"#0"},"west":{"uv":[10,0,10,2.5],"texture":"#0"},"up":{"uv":[10,0,7.5,0],"texture":"#0"},"down":{"uv":[12.5,0,10,0],"texture":"#0"}}},{"from":[3,3,13],"to":[13,13,13],"rotation":{"angle":0,"axis":"y","origin":[11,11,21]},"faces":{"north":{"uv":[5,7,7.5,9.5],"texture":"#0"},"east":{"uv":[5,7,5,9.5],"texture":"#0"},"south":{"uv":[7.5,7,10,9.5],"texture":"#0"},"west":{"uv":[7.5,7,7.5,9.5],"texture":"#0"},"up":{"uv":[7.5,7,5,7],"texture":"#0"},"down":{"uv":[10,7,7.5,7],"texture":"#0"}}},{"from":[3,3,3],"to":[3,13,13],"rotation":{"angle":0,"axis":"y","origin":[11,11,11]},"faces":{"north":{"uv":[2.5,7.5,2.5,10],"texture":"#0"},"east":{"uv":[0,7.5,2.5,10],"texture":"#0"},"south":{"uv":[5,7.5,5,10],"texture":"#0"},"west":{"uv":[2.5,7.5,5,10],"texture":"#0"},"up":{"uv":[2.5,7.5,2.5,5],"texture":"#0"},"down":{"uv":[2.5,5,2.5,7.5],"texture":"#0"}}},{"from":[13,3,3],"to":[13,13,13],"rotation":{"angle":0,"axis":"y","origin":[21,11,11]},"faces":{"north":{"uv":[2.5,5,2.5,7.5],"texture":"#0"},"east":{"uv":[0,5,2.5,7.5],"texture":"#0"},"south":{"uv":[5,5,5,7.5],"texture":"#0"},"west":{"uv":[2.5,5,5,7.5],"texture":"#0"},"up":{"uv":[2.5,5,2.5,2.5],"texture":"#0"},"down":{"uv":[2.5,2.5,2.5,5],"texture":"#0"}}},{"from":[3,13,3],"to":[13,13,13],"rotation":{"angle":0,"axis":"y","origin":[11,21,11]},"faces":{"north":{"uv":[2.5,5,5,5],"texture":"#0"},"east":{"uv":[0,5,2.5,5],"texture":"#0"},"south":{"uv":[7.5,5,10,5],"texture":"#0"},"west":{"uv":[5,5,7.5,5],"texture":"#0"},"up":{"uv":[5,5,2.5,2.5],"texture":"#0"},"down":{"uv":[7.5,2.5,5,5],"texture":"#0"}}},{"from":[3,3,3],"to":[13,3,13],"rotation":{"angle":0,"axis":"y","origin":[11,11,11]},"faces":{"north":{"uv":[2.5,2.5,5,2.5],"texture":"#0"},"east":{"uv":[0,2.5,2.5,2.5],"texture":"#0"},"south":{"uv":[7.5,2.5,10,2.5],"texture":"#0"},"west":{"uv":[5,2.5,7.5,2.5],"texture":"#0"},"up":{"uv":[5,2.5,2.5,0],"texture":"#0"},"down":{"uv":[7.5,0,5,2.5],"texture":"#0"}}}],"display":{"thirdperson_righthand":{"rotation":[90,25,0],"translation":[0,1,1],"scale":[0.4,0.4,0.4]},"thirdperson_lefthand":{"rotation":[90,25,0],"translation":[0,1,1],"scale":[0.4,0.4,0.4]},"firstperson_righthand":{"rotation":[0,120,0],"translation":[1,4,1],"scale":[0.4,0.4,0.4]},"firstperson_lefthand":{"rotation":[0,120,0],"translation":[1,4,1],"scale":[0.4,0.4,0.4]},"ground":{"translation":[0,0.5,0],"scale":[0.5,0.5,0.5]},"gui":{"rotation":[16,135,0],"scale":[0.9,0.9,0.9]},"head":{"translation":[0,0.5,0],"scale":[1.5,1.5,1.5]}},"groups":[{"name":"all","origin":[8,10.5,14.5],"children":[0,1,2,3,4,5,6]}]}