{
	"parent": "item/handheld",
	"textures": {
		"layer0": "item/iron_hoe"
	},
	"overrides": [
		{ "predicate": {"damaged": 0, "damage": 0}, "model": "item/iron_hoe"},
		
		{ "_cmd_": "give @p minecraft:iron_hoe 1 1 {Unbreakable:1}",   "predicate": {"damaged": 0, "damage": 0.0039840637450}, "model": "item/nubx/red_gps_arrow"},
		{ "_cmd_": "give @p minecraft:iron_hoe 1 2 {Unbreakable:1}",   "predicate": {"damaged": 0, "damage": 0.0079681274900}, "model": "item/nubx/white_gps_arrow"},
		{ "_cmd_": "give @p minecraft:iron_hoe 1 3 {Unbreakable:1}",   "predicate": {"damaged": 0, "damage": 0.0119521912350}, "model": "item/nubx/green_gps_arrow"},
		{ "_cmd_": "give @p minecraft:iron_hoe 1 4 {Unbreakable:1}",   "predicate": {"damaged": 0, "damage": 0.0159362549800}, "model": "item/iron_hoe"},
		{ "_cmd_": "give @p minecraft:iron_hoe 1 5 {Unbreakable:1}",   "predicate": {"damaged": 0, "damage": 0.0199203187250}, "model": "item/iron_hoe"},
		{ "_cmd_": "give @p minecraft:iron_hoe 1 6 {Unbreakable:1}",   "predicate": {"damaged": 0, "damage": 0.0239043824701}, "model": "item/iron_hoe"},
		{ "_cmd_": "give @p minecraft:iron_hoe 1 7 {Unbreakable:1}",   "predicate": {"damaged": 0, "damage": 0.0278884462151}, "model": "item/iron_hoe"},
		{ "_cmd_": "give @p minecraft:iron_hoe 1 8 {Unbreakable:1}",   "predicate": {"damaged": 0, "damage": 0.0318725099601}, "model": "item/iron_hoe"},
		{ "_cmd_": "give @p minecraft:iron_hoe 1 9 {Unbreakable:1}",   "predicate": {"damaged": 0, "damage": 0.0358565737051}, "model": "item/iron_hoe"},
		{ "_cmd_": "give @p minecraft:iron_hoe 1 10 {Unbreakable:1}",  "predicate": {"damaged": 0, "damage": 0.0398406374501}, "model": "item/iron_hoe"},
		{ "_cmd_": "give @p minecraft:iron_hoe 1 11 {Unbreakable:1}",  "predicate": {"damaged": 0, "damage": 0.0438247011952}, "model": "item/iron_hoe"},
		{ "_cmd_": "give @p minecraft:iron_hoe 1 12 {Unbreakable:1}",  "predicate": {"damaged": 0, "damage": 0.0478087649402}, "model": "item/iron_hoe"},
		{ "_cmd_": "give @p minecraft:iron_hoe 1 13 {Unbreakable:1}",  "predicate": {"damaged": 0, "damage": 0.0517928286852}, "model": "item/iron_hoe"},
		{ "_cmd_": "give @p minecraft:iron_hoe 1 14 {Unbreakable:1}",  "predicate": {"damaged": 0, "damage": 0.0557768924302}, "model": "item/iron_hoe"},
		{ "_cmd_": "give @p minecraft:iron_hoe 1 15 {Unbreakable:1}",  "predicate": {"damaged": 0, "damage": 0.0597609561752}, "model": "item/iron_hoe"},
		{ "_cmd_": "give @p minecraft:iron_hoe 1 16 {Unbreakable:1}",  "predicate": {"damaged": 0, "damage": 0.0637450199203}, "model": "item/iron_hoe"},
		{ "_cmd_": "give @p minecraft:iron_hoe 1 17 {Unbreakable:1}",  "predicate": {"damaged": 0, "damage": 0.0677290836653}, "model": "item/iron_hoe"},
		{ "_cmd_": "give @p minecraft:iron_hoe 1 18 {Unbreakable:1}",  "predicate": {"damaged": 0, "damage": 0.0717131474103}, "model": "item/iron_hoe"},
		{ "_cmd_": "give @p minecraft:iron_hoe 1 19 {Unbreakable:1}",  "predicate": {"damaged": 0, "damage": 0.0756972111553}, "model": "item/iron_hoe"},
		{ "_cmd_": "give @p minecraft:iron_hoe 1 20 {Unbreakable:1}",  "predicate": {"damaged": 0, "damage": 0.0796812749003}, "model": "item/iron_hoe"},
		{ "_cmd_": "give @p minecraft:iron_hoe 1 21 {Unbreakable:1}",  "predicate": {"damaged": 0, "damage": 0.0836653386454}, "model": "item/iron_hoe"},
		{ "_cmd_": "give @p minecraft:iron_hoe 1 22 {Unbreakable:1}",  "predicate": {"damaged": 0, "damage": 0.0876494023904}, "model": "item/iron_hoe"},
		{ "_cmd_": "give @p minecraft:iron_hoe 1 23 {Unbreakable:1}",  "predicate": {"damaged": 0, "damage": 0.0916334661354}, "model": "item/iron_hoe"},
		{ "_cmd_": "give @p minecraft:iron_hoe 1 24 {Unbreakable:1}",  "predicate": {"damaged": 0, "damage": 0.0956175298804}, "model": "item/iron_hoe"},
		{ "_cmd_": "give @p minecraft:iron_hoe 1 25 {Unbreakable:1}",  "predicate": {"damaged": 0, "damage": 0.0996015936254}, "model": "item/iron_hoe"},
		{ "_cmd_": "give @p minecraft:iron_hoe 1 26 {Unbreakable:1}",  "predicate": {"damaged": 0, "damage": 0.1035856573705}, "model": "item/iron_hoe"},
		{ "_cmd_": "give @p minecraft:iron_hoe 1 27 {Unbreakable:1}",  "predicate": {"damaged": 0, "damage": 0.1075697211155}, "model": "item/iron_hoe"},
		{ "_cmd_": "give @p minecraft:iron_hoe 1 28 {Unbreakable:1}",  "predicate": {"damaged": 0, "damage": 0.1115537848605}, "model": "item/iron_hoe"},
		{ "_cmd_": "give @p minecraft:iron_hoe 1 29 {Unbreakable:1}",  "predicate": {"damaged": 0, "damage": 0.1155378486055}, "model": "item/iron_hoe"},
		{ "_cmd_": "give @p minecraft:iron_hoe 1 30 {Unbreakable:1}",  "predicate": {"damaged": 0, "damage": 0.1195219123505}, "model": "item/iron_hoe"},
		{ "_cmd_": "give @p minecraft:iron_hoe 1 31 {Unbreakable:1}",  "predicate": {"damaged": 0, "damage": 0.1235059760956}, "model": "item/iron_hoe"},
		{ "_cmd_": "give @p minecraft:iron_hoe 1 32 {Unbreakable:1}",  "predicate": {"damaged": 0, "damage": 0.1274900398406}, "model": "item/iron_hoe"},
		{ "_cmd_": "give @p minecraft:iron_hoe 1 33 {Unbreakable:1}",  "predicate": {"damaged": 0, "damage": 0.1314741035856}, "model": "item/iron_hoe"},
		{ "_cmd_": "give @p minecraft:iron_hoe 1 34 {Unbreakable:1}",  "predicate": {"damaged": 0, "damage": 0.1354581673306}, "model": "item/iron_hoe"},
		{ "_cmd_": "give @p minecraft:iron_hoe 1 35 {Unbreakable:1}",  "predicate": {"damaged": 0, "damage": 0.1394422310756}, "model": "item/iron_hoe"},
		{ "_cmd_": "give @p minecraft:iron_hoe 1 36 {Unbreakable:1}",  "predicate": {"damaged": 0, "damage": 0.1434262948207}, "model": "item/iron_hoe"},
		{ "_cmd_": "give @p minecraft:iron_hoe 1 37 {Unbreakable:1}",  "predicate": {"damaged": 0, "damage": 0.1474103585657}, "model": "item/iron_hoe"},
		{ "_cmd_": "give @p minecraft:iron_hoe 1 38 {Unbreakable:1}",  "predicate": {"damaged": 0, "damage": 0.1513944223107}, "model": "item/iron_hoe"},
		{ "_cmd_": "give @p minecraft:iron_hoe 1 39 {Unbreakable:1}",  "predicate": {"damaged": 0, "damage": 0.1553784860557}, "model": "item/iron_hoe"},
		{ "_cmd_": "give @p minecraft:iron_hoe 1 40 {Unbreakable:1}",  "predicate": {"damaged": 0, "damage": 0.1593625498007}, "model": "item/iron_hoe"},
		{ "_cmd_": "give @p minecraft:iron_hoe 1 41 {Unbreakable:1}",  "predicate": {"damaged": 0, "damage": 0.1633466135458}, "model": "item/iron_hoe"},
		{ "_cmd_": "give @p minecraft:iron_hoe 1 42 {Unbreakable:1}",  "predicate": {"damaged": 0, "damage": 0.1673306772908}, "model": "item/iron_hoe"},
		{ "_cmd_": "give @p minecraft:iron_hoe 1 43 {Unbreakable:1}",  "predicate": {"damaged": 0, "damage": 0.1713147410358}, "model": "item/iron_hoe"},
		{ "_cmd_": "give @p minecraft:iron_hoe 1 44 {Unbreakable:1}",  "predicate": {"damaged": 0, "damage": 0.1752988047808}, "model": "item/iron_hoe"},
		{ "_cmd_": "give @p minecraft:iron_hoe 1 45 {Unbreakable:1}",  "predicate": {"damaged": 0, "damage": 0.1792828685258}, "model": "item/iron_hoe"},
		{ "_cmd_": "give @p minecraft:iron_hoe 1 46 {Unbreakable:1}",  "predicate": {"damaged": 0, "damage": 0.1832669322709}, "model": "item/iron_hoe"},
		{ "_cmd_": "give @p minecraft:iron_hoe 1 47 {Unbreakable:1}",  "predicate": {"damaged": 0, "damage": 0.1872509960159}, "model": "item/iron_hoe"},
		{ "_cmd_": "give @p minecraft:iron_hoe 1 48 {Unbreakable:1}",  "predicate": {"damaged": 0, "damage": 0.1912350597609}, "model": "item/iron_hoe"},
		{ "_cmd_": "give @p minecraft:iron_hoe 1 49 {Unbreakable:1}",  "predicate": {"damaged": 0, "damage": 0.1952191235059}, "model": "item/iron_hoe"},
		{ "_cmd_": "give @p minecraft:iron_hoe 1 50 {Unbreakable:1}",  "predicate": {"damaged": 0, "damage": 0.1992031872509}, "model": "item/iron_hoe"},
		{ "_cmd_": "give @p minecraft:iron_hoe 1 51 {Unbreakable:1}",  "predicate": {"damaged": 0, "damage": 0.2031872509960}, "model": "item/iron_hoe"},
		{ "_cmd_": "give @p minecraft:iron_hoe 1 52 {Unbreakable:1}",  "predicate": {"damaged": 0, "damage": 0.2071713147410}, "model": "item/iron_hoe"},
		{ "_cmd_": "give @p minecraft:iron_hoe 1 53 {Unbreakable:1}",  "predicate": {"damaged": 0, "damage": 0.2111553784860}, "model": "item/iron_hoe"},
		{ "_cmd_": "give @p minecraft:iron_hoe 1 54 {Unbreakable:1}",  "predicate": {"damaged": 0, "damage": 0.2151394422310}, "model": "item/iron_hoe"},
		{ "_cmd_": "give @p minecraft:iron_hoe 1 55 {Unbreakable:1}",  "predicate": {"damaged": 0, "damage": 0.2191235059760}, "model": "item/iron_hoe"},
		{ "_cmd_": "give @p minecraft:iron_hoe 1 56 {Unbreakable:1}",  "predicate": {"damaged": 0, "damage": 0.2231075697211}, "model": "item/iron_hoe"},
		{ "_cmd_": "give @p minecraft:iron_hoe 1 57 {Unbreakable:1}",  "predicate": {"damaged": 0, "damage": 0.2270916334661}, "model": "item/iron_hoe"},
		{ "_cmd_": "give @p minecraft:iron_hoe 1 58 {Unbreakable:1}",  "predicate": {"damaged": 0, "damage": 0.2310756972111}, "model": "item/iron_hoe"},
		{ "_cmd_": "give @p minecraft:iron_hoe 1 59 {Unbreakable:1}",  "predicate": {"damaged": 0, "damage": 0.2350597609561}, "model": "item/iron_hoe"},
		{ "_cmd_": "give @p minecraft:iron_hoe 1 60 {Unbreakable:1}",  "predicate": {"damaged": 0, "damage": 0.2390438247011}, "model": "item/iron_hoe"},
		{ "_cmd_": "give @p minecraft:iron_hoe 1 61 {Unbreakable:1}",  "predicate": {"damaged": 0, "damage": 0.2430278884462}, "model": "item/iron_hoe"},
		{ "_cmd_": "give @p minecraft:iron_hoe 1 62 {Unbreakable:1}",  "predicate": {"damaged": 0, "damage": 0.2470119521912}, "model": "item/iron_hoe"},
		{ "_cmd_": "give @p minecraft:iron_hoe 1 63 {Unbreakable:1}",  "predicate": {"damaged": 0, "damage": 0.2509960159362}, "model": "item/iron_hoe"},
		{ "_cmd_": "give @p minecraft:iron_hoe 1 64 {Unbreakable:1}",  "predicate": {"damaged": 0, "damage": 0.2549800796812}, "model": "item/iron_hoe"},
		{ "_cmd_": "give @p minecraft:iron_hoe 1 65 {Unbreakable:1}",  "predicate": {"damaged": 0, "damage": 0.2589641434262}, "model": "item/iron_hoe"},
		{ "_cmd_": "give @p minecraft:iron_hoe 1 66 {Unbreakable:1}",  "predicate": {"damaged": 0, "damage": 0.2629482071713}, "model": "item/iron_hoe"},
		{ "_cmd_": "give @p minecraft:iron_hoe 1 68 {Unbreakable:1}",  "predicate": {"damaged": 0, "damage": 0.2669322709163}, "model": "item/iron_hoe"},
		{ "_cmd_": "give @p minecraft:iron_hoe 1 69 {Unbreakable:1}",  "predicate": {"damaged": 0, "damage": 0.2709163346613}, "model": "item/iron_hoe"},
		{ "_cmd_": "give @p minecraft:iron_hoe 1 70 {Unbreakable:1}",  "predicate": {"damaged": 0, "damage": 0.2749003984063}, "model": "item/iron_hoe"},
		{ "_cmd_": "give @p minecraft:iron_hoe 1 71 {Unbreakable:1}",  "predicate": {"damaged": 0, "damage": 0.2788844621513}, "model": "item/iron_hoe"},
		{ "_cmd_": "give @p minecraft:iron_hoe 1 72 {Unbreakable:1}",  "predicate": {"damaged": 0, "damage": 0.2828685258964}, "model": "item/iron_hoe"},
		{ "_cmd_": "give @p minecraft:iron_hoe 1 73 {Unbreakable:1}",  "predicate": {"damaged": 0, "damage": 0.2868525896414}, "model": "item/iron_hoe"},
		{ "_cmd_": "give @p minecraft:iron_hoe 1 74 {Unbreakable:1}",  "predicate": {"damaged": 0, "damage": 0.2908366533864}, "model": "item/iron_hoe"},
		{ "_cmd_": "give @p minecraft:iron_hoe 1 75 {Unbreakable:1}",  "predicate": {"damaged": 0, "damage": 0.2948207171314}, "model": "item/iron_hoe"},
		{ "_cmd_": "give @p minecraft:iron_hoe 1 76 {Unbreakable:1}",  "predicate": {"damaged": 0, "damage": 0.2988047808764}, "model": "item/iron_hoe"},
		{ "_cmd_": "give @p minecraft:iron_hoe 1 77 {Unbreakable:1}",  "predicate": {"damaged": 0, "damage": 0.3027888446215}, "model": "item/iron_hoe"},
		{ "_cmd_": "give @p minecraft:iron_hoe 1 78 {Unbreakable:1}",  "predicate": {"damaged": 0, "damage": 0.3067729083665}, "model": "item/iron_hoe"},
		{ "_cmd_": "give @p minecraft:iron_hoe 1 79 {Unbreakable:1}",  "predicate": {"damaged": 0, "damage": 0.3107569721115}, "model": "item/iron_hoe"},
		{ "_cmd_": "give @p minecraft:iron_hoe 1 80 {Unbreakable:1}",  "predicate": {"damaged": 0, "damage": 0.3147410358565}, "model": "item/iron_hoe"},
		{ "_cmd_": "give @p minecraft:iron_hoe 1 81 {Unbreakable:1}",  "predicate": {"damaged": 0, "damage": 0.3187250996015}, "model": "item/iron_hoe"},
		{ "_cmd_": "give @p minecraft:iron_hoe 1 82 {Unbreakable:1}",  "predicate": {"damaged": 0, "damage": 0.3227091633466}, "model": "item/iron_hoe"},
		{ "_cmd_": "give @p minecraft:iron_hoe 1 83 {Unbreakable:1}",  "predicate": {"damaged": 0, "damage": 0.3266932270916}, "model": "item/iron_hoe"},
		{ "_cmd_": "give @p minecraft:iron_hoe 1 84 {Unbreakable:1}",  "predicate": {"damaged": 0, "damage": 0.3306772908366}, "model": "item/iron_hoe"},
		{ "_cmd_": "give @p minecraft:iron_hoe 1 85 {Unbreakable:1}",  "predicate": {"damaged": 0, "damage": 0.3346613545816}, "model": "item/iron_hoe"},
		{ "_cmd_": "give @p minecraft:iron_hoe 1 86 {Unbreakable:1}",  "predicate": {"damaged": 0, "damage": 0.3386454183266}, "model": "item/iron_hoe"},
		{ "_cmd_": "give @p minecraft:iron_hoe 1 87 {Unbreakable:1}",  "predicate": {"damaged": 0, "damage": 0.3426294820717}, "model": "item/iron_hoe"},
		{ "_cmd_": "give @p minecraft:iron_hoe 1 88 {Unbreakable:1}",  "predicate": {"damaged": 0, "damage": 0.3466135458167}, "model": "item/iron_hoe"},
		{ "_cmd_": "give @p minecraft:iron_hoe 1 89 {Unbreakable:1}",  "predicate": {"damaged": 0, "damage": 0.3505976095617}, "model": "item/iron_hoe"},
		{ "_cmd_": "give @p minecraft:iron_hoe 1 90 {Unbreakable:1}",  "predicate": {"damaged": 0, "damage": 0.3545816733067}, "model": "item/iron_hoe"},
		{ "_cmd_": "give @p minecraft:iron_hoe 1 91 {Unbreakable:1}",  "predicate": {"damaged": 0, "damage": 0.3585657370517}, "model": "item/iron_hoe"},
		{ "_cmd_": "give @p minecraft:iron_hoe 1 92 {Unbreakable:1}",  "predicate": {"damaged": 0, "damage": 0.3625498007968}, "model": "item/iron_hoe"},
		{ "_cmd_": "give @p minecraft:iron_hoe 1 93 {Unbreakable:1}",  "predicate": {"damaged": 0, "damage": 0.3665338645418}, "model": "item/iron_hoe"},
		{ "_cmd_": "give @p minecraft:iron_hoe 1 94 {Unbreakable:1}",  "predicate": {"damaged": 0, "damage": 0.3705179282868}, "model": "item/iron_hoe"},
		{ "_cmd_": "give @p minecraft:iron_hoe 1 95 {Unbreakable:1}",  "predicate": {"damaged": 0, "damage": 0.3745019920318}, "model": "item/iron_hoe"},
		{ "_cmd_": "give @p minecraft:iron_hoe 1 96 {Unbreakable:1}",  "predicate": {"damaged": 0, "damage": 0.3784860557768}, "model": "item/iron_hoe"},
		{ "_cmd_": "give @p minecraft:iron_hoe 1 97 {Unbreakable:1}",  "predicate": {"damaged": 0, "damage": 0.3824701195219}, "model": "item/iron_hoe"},
		{ "_cmd_": "give @p minecraft:iron_hoe 1 98 {Unbreakable:1}",  "predicate": {"damaged": 0, "damage": 0.3864541832669}, "model": "item/iron_hoe"},
		{ "_cmd_": "give @p minecraft:iron_hoe 1 99 {Unbreakable:1}",  "predicate": {"damaged": 0, "damage": 0.3904382470119}, "model": "item/iron_hoe"},
		{ "_cmd_": "give @p minecraft:iron_hoe 1 100 {Unbreakable:1}", "predicate": {"damaged": 0, "damage": 0.3944223107569}, "model": "item/iron_hoe"},
		{ "_cmd_": "give @p minecraft:iron_hoe 1 101 {Unbreakable:1}", "predicate": {"damaged": 0, "damage": 0.3984063745019}, "model": "item/iron_hoe"},
		{ "_cmd_": "give @p minecraft:iron_hoe 1 102 {Unbreakable:1}", "predicate": {"damaged": 0, "damage": 0.4023904382470}, "model": "item/iron_hoe"},
		{ "_cmd_": "give @p minecraft:iron_hoe 1 103 {Unbreakable:1}", "predicate": {"damaged": 0, "damage": 0.4063745019920}, "model": "item/iron_hoe"},
		{ "_cmd_": "give @p minecraft:iron_hoe 1 104 {Unbreakable:1}", "predicate": {"damaged": 0, "damage": 0.4103585657370}, "model": "item/iron_hoe"},
		{ "_cmd_": "give @p minecraft:iron_hoe 1 105 {Unbreakable:1}", "predicate": {"damaged": 0, "damage": 0.4143426294820}, "model": "item/iron_hoe"},
		{ "_cmd_": "give @p minecraft:iron_hoe 1 106 {Unbreakable:1}", "predicate": {"damaged": 0, "damage": 0.4183266932270}, "model": "item/iron_hoe"},
		{ "_cmd_": "give @p minecraft:iron_hoe 1 107 {Unbreakable:1}", "predicate": {"damaged": 0, "damage": 0.4223107569721}, "model": "item/iron_hoe"},
		{ "_cmd_": "give @p minecraft:iron_hoe 1 108 {Unbreakable:1}", "predicate": {"damaged": 0, "damage": 0.4262948207171}, "model": "item/iron_hoe"},
		{ "_cmd_": "give @p minecraft:iron_hoe 1 109 {Unbreakable:1}", "predicate": {"damaged": 0, "damage": 0.4302788844621}, "model": "item/iron_hoe"},
		{ "_cmd_": "give @p minecraft:iron_hoe 1 110 {Unbreakable:1}", "predicate": {"damaged": 0, "damage": 0.4342629482071}, "model": "item/iron_hoe"},
		{ "_cmd_": "give @p minecraft:iron_hoe 1 111 {Unbreakable:1}", "predicate": {"damaged": 0, "damage": 0.4382470119521}, "model": "item/iron_hoe"},
		{ "_cmd_": "give @p minecraft:iron_hoe 1 112 {Unbreakable:1}", "predicate": {"damaged": 0, "damage": 0.4422310756972}, "model": "item/iron_hoe"},
		{ "_cmd_": "give @p minecraft:iron_hoe 1 113 {Unbreakable:1}", "predicate": {"damaged": 0, "damage": 0.4462151394422}, "model": "item/iron_hoe"},
		{ "_cmd_": "give @p minecraft:iron_hoe 1 114 {Unbreakable:1}", "predicate": {"damaged": 0, "damage": 0.4501992031872}, "model": "item/iron_hoe"},
		{ "_cmd_": "give @p minecraft:iron_hoe 1 115 {Unbreakable:1}", "predicate": {"damaged": 0, "damage": 0.4541832669322}, "model": "item/iron_hoe"},
		{ "_cmd_": "give @p minecraft:iron_hoe 1 116 {Unbreakable:1}", "predicate": {"damaged": 0, "damage": 0.4581673306772}, "model": "item/iron_hoe"},
		{ "_cmd_": "give @p minecraft:iron_hoe 1 117 {Unbreakable:1}", "predicate": {"damaged": 0, "damage": 0.4621513944223}, "model": "item/iron_hoe"},
		{ "_cmd_": "give @p minecraft:iron_hoe 1 118 {Unbreakable:1}", "predicate": {"damaged": 0, "damage": 0.4661354581673}, "model": "item/iron_hoe"},
		{ "_cmd_": "give @p minecraft:iron_hoe 1 119 {Unbreakable:1}", "predicate": {"damaged": 0, "damage": 0.4701195219123}, "model": "item/iron_hoe"},
		{ "_cmd_": "give @p minecraft:iron_hoe 1 120 {Unbreakable:1}", "predicate": {"damaged": 0, "damage": 0.4741035856573}, "model": "item/iron_hoe"},
		{ "_cmd_": "give @p minecraft:iron_hoe 1 121 {Unbreakable:1}", "predicate": {"damaged": 0, "damage": 0.4780876494023}, "model": "item/iron_hoe"},
		{ "_cmd_": "give @p minecraft:iron_hoe 1 122 {Unbreakable:1}", "predicate": {"damaged": 0, "damage": 0.4820717131474}, "model": "item/iron_hoe"},
		{ "_cmd_": "give @p minecraft:iron_hoe 1 123 {Unbreakable:1}", "predicate": {"damaged": 0, "damage": 0.4860557768924}, "model": "item/iron_hoe"},
		{ "_cmd_": "give @p minecraft:iron_hoe 1 124 {Unbreakable:1}", "predicate": {"damaged": 0, "damage": 0.4900398406374}, "model": "item/iron_hoe"},
		{ "_cmd_": "give @p minecraft:iron_hoe 1 125 {Unbreakable:1}", "predicate": {"damaged": 0, "damage": 0.4940239043824}, "model": "item/iron_hoe"},
		{ "_cmd_": "give @p minecraft:iron_hoe 1 126 {Unbreakable:1}", "predicate": {"damaged": 0, "damage": 0.4980079681274}, "model": "item/iron_hoe"},
		{ "_cmd_": "give @p minecraft:iron_hoe 1 127 {Unbreakable:1}", "predicate": {"damaged": 0, "damage": 0.5019920318725}, "model": "item/iron_hoe"},
		{ "_cmd_": "give @p minecraft:iron_hoe 1 128 {Unbreakable:1}", "predicate": {"damaged": 0, "damage": 0.5059760956175}, "model": "item/iron_hoe"},
		{ "_cmd_": "give @p minecraft:iron_hoe 1 129 {Unbreakable:1}", "predicate": {"damaged": 0, "damage": 0.5099601593625}, "model": "item/iron_hoe"},
		{ "_cmd_": "give @p minecraft:iron_hoe 1 130 {Unbreakable:1}", "predicate": {"damaged": 0, "damage": 0.5139442231075}, "model": "item/iron_hoe"},
		{ "_cmd_": "give @p minecraft:iron_hoe 1 131 {Unbreakable:1}", "predicate": {"damaged": 0, "damage": 0.5179282868525}, "model": "item/iron_hoe"},
		{ "_cmd_": "give @p minecraft:iron_hoe 1 132 {Unbreakable:1}", "predicate": {"damaged": 0, "damage": 0.5219123505976}, "model": "item/iron_hoe"},
		{ "_cmd_": "give @p minecraft:iron_hoe 1 133 {Unbreakable:1}", "predicate": {"damaged": 0, "damage": 0.5258964143426}, "model": "item/iron_hoe"},
		{ "_cmd_": "give @p minecraft:iron_hoe 1 134 {Unbreakable:1}", "predicate": {"damaged": 0, "damage": 0.5298804780876}, "model": "item/iron_hoe"},
		{ "_cmd_": "give @p minecraft:iron_hoe 1 135 {Unbreakable:1}", "predicate": {"damaged": 0, "damage": 0.5338645418326}, "model": "item/iron_hoe"},
		{ "_cmd_": "give @p minecraft:iron_hoe 1 136 {Unbreakable:1}", "predicate": {"damaged": 0, "damage": 0.5378486055776}, "model": "item/iron_hoe"},
		{ "_cmd_": "give @p minecraft:iron_hoe 1 137 {Unbreakable:1}", "predicate": {"damaged": 0, "damage": 0.5418326693227}, "model": "item/iron_hoe"},
		{ "_cmd_": "give @p minecraft:iron_hoe 1 138 {Unbreakable:1}", "predicate": {"damaged": 0, "damage": 0.5458167330677}, "model": "item/iron_hoe"},
		{ "_cmd_": "give @p minecraft:iron_hoe 1 139 {Unbreakable:1}", "predicate": {"damaged": 0, "damage": 0.5498007968127}, "model": "item/iron_hoe"},
		{ "_cmd_": "give @p minecraft:iron_hoe 1 140 {Unbreakable:1}", "predicate": {"damaged": 0, "damage": 0.5537848605577}, "model": "item/iron_hoe"},
		{ "_cmd_": "give @p minecraft:iron_hoe 1 141 {Unbreakable:1}", "predicate": {"damaged": 0, "damage": 0.5577689243027}, "model": "item/iron_hoe"},
		{ "_cmd_": "give @p minecraft:iron_hoe 1 142 {Unbreakable:1}", "predicate": {"damaged": 0, "damage": 0.5617529880478}, "model": "item/iron_hoe"},
		{ "_cmd_": "give @p minecraft:iron_hoe 1 143 {Unbreakable:1}", "predicate": {"damaged": 0, "damage": 0.5657370517928}, "model": "item/iron_hoe"},
		{ "_cmd_": "give @p minecraft:iron_hoe 1 144 {Unbreakable:1}", "predicate": {"damaged": 0, "damage": 0.5697211155378}, "model": "item/iron_hoe"},
		{ "_cmd_": "give @p minecraft:iron_hoe 1 145 {Unbreakable:1}", "predicate": {"damaged": 0, "damage": 0.5737051792828}, "model": "item/iron_hoe"},
		{ "_cmd_": "give @p minecraft:iron_hoe 1 146 {Unbreakable:1}", "predicate": {"damaged": 0, "damage": 0.5776892430278}, "model": "item/iron_hoe"},
		{ "_cmd_": "give @p minecraft:iron_hoe 1 147 {Unbreakable:1}", "predicate": {"damaged": 0, "damage": 0.5816733067729}, "model": "item/iron_hoe"},
		{ "_cmd_": "give @p minecraft:iron_hoe 1 148 {Unbreakable:1}", "predicate": {"damaged": 0, "damage": 0.5856573705179}, "model": "item/iron_hoe"},
		{ "_cmd_": "give @p minecraft:iron_hoe 1 149 {Unbreakable:1}", "predicate": {"damaged": 0, "damage": 0.5896414342629}, "model": "item/iron_hoe"},
		{ "_cmd_": "give @p minecraft:iron_hoe 1 150 {Unbreakable:1}", "predicate": {"damaged": 0, "damage": 0.5936254980079}, "model": "item/iron_hoe"},
		{ "_cmd_": "give @p minecraft:iron_hoe 1 151 {Unbreakable:1}", "predicate": {"damaged": 0, "damage": 0.5976095617529}, "model": "item/iron_hoe"},
		{ "_cmd_": "give @p minecraft:iron_hoe 1 152 {Unbreakable:1}", "predicate": {"damaged": 0, "damage": 0.6015936254980}, "model": "item/iron_hoe"},
		{ "_cmd_": "give @p minecraft:iron_hoe 1 153 {Unbreakable:1}", "predicate": {"damaged": 0, "damage": 0.6055776892430}, "model": "item/iron_hoe"},
		{ "_cmd_": "give @p minecraft:iron_hoe 1 154 {Unbreakable:1}", "predicate": {"damaged": 0, "damage": 0.6095617529880}, "model": "item/iron_hoe"},
		{ "_cmd_": "give @p minecraft:iron_hoe 1 155 {Unbreakable:1}", "predicate": {"damaged": 0, "damage": 0.6135458167330}, "model": "item/iron_hoe"},
		{ "_cmd_": "give @p minecraft:iron_hoe 1 156 {Unbreakable:1}", "predicate": {"damaged": 0, "damage": 0.6175298804780}, "model": "item/iron_hoe"},
		{ "_cmd_": "give @p minecraft:iron_hoe 1 157 {Unbreakable:1}", "predicate": {"damaged": 0, "damage": 0.6215139442231}, "model": "item/iron_hoe"},
		{ "_cmd_": "give @p minecraft:iron_hoe 1 158 {Unbreakable:1}", "predicate": {"damaged": 0, "damage": 0.6254980079681}, "model": "item/iron_hoe"},
		{ "_cmd_": "give @p minecraft:iron_hoe 1 159 {Unbreakable:1}", "predicate": {"damaged": 0, "damage": 0.6294820717131}, "model": "item/iron_hoe"},
		{ "_cmd_": "give @p minecraft:iron_hoe 1 160 {Unbreakable:1}", "predicate": {"damaged": 0, "damage": 0.6334661354581}, "model": "item/iron_hoe"},
		{ "_cmd_": "give @p minecraft:iron_hoe 1 161 {Unbreakable:1}", "predicate": {"damaged": 0, "damage": 0.6374501992031}, "model": "item/iron_hoe"},
		{ "_cmd_": "give @p minecraft:iron_hoe 1 162 {Unbreakable:1}", "predicate": {"damaged": 0, "damage": 0.6414342629482}, "model": "item/iron_hoe"},
		{ "_cmd_": "give @p minecraft:iron_hoe 1 163 {Unbreakable:1}", "predicate": {"damaged": 0, "damage": 0.6454183266932}, "model": "item/iron_hoe"},
		{ "_cmd_": "give @p minecraft:iron_hoe 1 164 {Unbreakable:1}", "predicate": {"damaged": 0, "damage": 0.6494023904382}, "model": "item/iron_hoe"},
		{ "_cmd_": "give @p minecraft:iron_hoe 1 165 {Unbreakable:1}", "predicate": {"damaged": 0, "damage": 0.6533864541832}, "model": "item/iron_hoe"},
		{ "_cmd_": "give @p minecraft:iron_hoe 1 166 {Unbreakable:1}", "predicate": {"damaged": 0, "damage": 0.6573705179282}, "model": "item/iron_hoe"},
		{ "_cmd_": "give @p minecraft:iron_hoe 1 167 {Unbreakable:1}", "predicate": {"damaged": 0, "damage": 0.6613545816733}, "model": "item/iron_hoe"},
		{ "_cmd_": "give @p minecraft:iron_hoe 1 168 {Unbreakable:1}", "predicate": {"damaged": 0, "damage": 0.6653386454183}, "model": "item/iron_hoe"},
		{ "_cmd_": "give @p minecraft:iron_hoe 1 169 {Unbreakable:1}", "predicate": {"damaged": 0, "damage": 0.6693227091633}, "model": "item/iron_hoe"},
		{ "_cmd_": "give @p minecraft:iron_hoe 1 170 {Unbreakable:1}", "predicate": {"damaged": 0, "damage": 0.6733067729083}, "model": "item/iron_hoe"},
		{ "_cmd_": "give @p minecraft:iron_hoe 1 171 {Unbreakable:1}", "predicate": {"damaged": 0, "damage": 0.6772908366533}, "model": "item/iron_hoe"},
		{ "_cmd_": "give @p minecraft:iron_hoe 1 172 {Unbreakable:1}", "predicate": {"damaged": 0, "damage": 0.6812749003984}, "model": "item/iron_hoe"},
		{ "_cmd_": "give @p minecraft:iron_hoe 1 173 {Unbreakable:1}", "predicate": {"damaged": 0, "damage": 0.6852589641434}, "model": "item/iron_hoe"},
		{ "_cmd_": "give @p minecraft:iron_hoe 1 174 {Unbreakable:1}", "predicate": {"damaged": 0, "damage": 0.6892430278884}, "model": "item/iron_hoe"},
		{ "_cmd_": "give @p minecraft:iron_hoe 1 175 {Unbreakable:1}", "predicate": {"damaged": 0, "damage": 0.6932270916334}, "model": "item/iron_hoe"},
		{ "_cmd_": "give @p minecraft:iron_hoe 1 176 {Unbreakable:1}", "predicate": {"damaged": 0, "damage": 0.6972111553784}, "model": "item/iron_hoe"},
		{ "_cmd_": "give @p minecraft:iron_hoe 1 177 {Unbreakable:1}", "predicate": {"damaged": 0, "damage": 0.7011952191235}, "model": "item/iron_hoe"},
		{ "_cmd_": "give @p minecraft:iron_hoe 1 178 {Unbreakable:1}", "predicate": {"damaged": 0, "damage": 0.7051792828685}, "model": "item/iron_hoe"},
		{ "_cmd_": "give @p minecraft:iron_hoe 1 179 {Unbreakable:1}", "predicate": {"damaged": 0, "damage": 0.7091633466135}, "model": "item/iron_hoe"},
		{ "_cmd_": "give @p minecraft:iron_hoe 1 180 {Unbreakable:1}", "predicate": {"damaged": 0, "damage": 0.7131474103585}, "model": "item/iron_hoe"},
		{ "_cmd_": "give @p minecraft:iron_hoe 1 181 {Unbreakable:1}", "predicate": {"damaged": 0, "damage": 0.7171314741035}, "model": "item/iron_hoe"},
		{ "_cmd_": "give @p minecraft:iron_hoe 1 182 {Unbreakable:1}", "predicate": {"damaged": 0, "damage": 0.7211155378486}, "model": "item/iron_hoe"},
		{ "_cmd_": "give @p minecraft:iron_hoe 1 183 {Unbreakable:1}", "predicate": {"damaged": 0, "damage": 0.7250996015936}, "model": "item/iron_hoe"},
		{ "_cmd_": "give @p minecraft:iron_hoe 1 184 {Unbreakable:1}", "predicate": {"damaged": 0, "damage": 0.7290836653386}, "model": "item/iron_hoe"},
		{ "_cmd_": "give @p minecraft:iron_hoe 1 185 {Unbreakable:1}", "predicate": {"damaged": 0, "damage": 0.7330677290836}, "model": "item/iron_hoe"},
		{ "_cmd_": "give @p minecraft:iron_hoe 1 186 {Unbreakable:1}", "predicate": {"damaged": 0, "damage": 0.7370517928286}, "model": "item/iron_hoe"},
		{ "_cmd_": "give @p minecraft:iron_hoe 1 187 {Unbreakable:1}", "predicate": {"damaged": 0, "damage": 0.7410358565737}, "model": "item/iron_hoe"},
		{ "_cmd_": "give @p minecraft:iron_hoe 1 188 {Unbreakable:1}", "predicate": {"damaged": 0, "damage": 0.7450199203187}, "model": "item/iron_hoe"},
		{ "_cmd_": "give @p minecraft:iron_hoe 1 189 {Unbreakable:1}", "predicate": {"damaged": 0, "damage": 0.7490039840637}, "model": "item/iron_hoe"},
		{ "_cmd_": "give @p minecraft:iron_hoe 1 190 {Unbreakable:1}", "predicate": {"damaged": 0, "damage": 0.7529880478087}, "model": "item/iron_hoe"},
		{ "_cmd_": "give @p minecraft:iron_hoe 1 191 {Unbreakable:1}", "predicate": {"damaged": 0, "damage": 0.7569721115537}, "model": "item/iron_hoe"},
		{ "_cmd_": "give @p minecraft:iron_hoe 1 192 {Unbreakable:1}", "predicate": {"damaged": 0, "damage": 0.7609561752988}, "model": "item/iron_hoe"},
		{ "_cmd_": "give @p minecraft:iron_hoe 1 193 {Unbreakable:1}", "predicate": {"damaged": 0, "damage": 0.7649402390438}, "model": "item/iron_hoe"},
		{ "_cmd_": "give @p minecraft:iron_hoe 1 194 {Unbreakable:1}", "predicate": {"damaged": 0, "damage": 0.7689243027888}, "model": "item/iron_hoe"},
		{ "_cmd_": "give @p minecraft:iron_hoe 1 195 {Unbreakable:1}", "predicate": {"damaged": 0, "damage": 0.7729083665338}, "model": "item/iron_hoe"},
		{ "_cmd_": "give @p minecraft:iron_hoe 1 196 {Unbreakable:1}", "predicate": {"damaged": 0, "damage": 0.7768924302788}, "model": "item/iron_hoe"},
		{ "_cmd_": "give @p minecraft:iron_hoe 1 197 {Unbreakable:1}", "predicate": {"damaged": 0, "damage": 0.7808764940239}, "model": "item/iron_hoe"},
		{ "_cmd_": "give @p minecraft:iron_hoe 1 198 {Unbreakable:1}", "predicate": {"damaged": 0, "damage": 0.7848605577689}, "model": "item/iron_hoe"},
		{ "_cmd_": "give @p minecraft:iron_hoe 1 199 {Unbreakable:1}", "predicate": {"damaged": 0, "damage": 0.7888446215139}, "model": "item/iron_hoe"},
		{ "_cmd_": "give @p minecraft:iron_hoe 1 200 {Unbreakable:1}", "predicate": {"damaged": 0, "damage": 0.7928286852589}, "model": "item/iron_hoe"},
		{ "_cmd_": "give @p minecraft:iron_hoe 1 201 {Unbreakable:1}", "predicate": {"damaged": 0, "damage": 0.7968127490039}, "model": "item/iron_hoe"},
		{ "_cmd_": "give @p minecraft:iron_hoe 1 202 {Unbreakable:1}", "predicate": {"damaged": 0, "damage": 0.8007968127490}, "model": "item/iron_hoe"},
		{ "_cmd_": "give @p minecraft:iron_hoe 1 203 {Unbreakable:1}", "predicate": {"damaged": 0, "damage": 0.8047808764940}, "model": "item/iron_hoe"},
		{ "_cmd_": "give @p minecraft:iron_hoe 1 204 {Unbreakable:1}", "predicate": {"damaged": 0, "damage": 0.8087649402390}, "model": "item/iron_hoe"},
		{ "_cmd_": "give @p minecraft:iron_hoe 1 205 {Unbreakable:1}", "predicate": {"damaged": 0, "damage": 0.8127490039840}, "model": "item/iron_hoe"},
		{ "_cmd_": "give @p minecraft:iron_hoe 1 206 {Unbreakable:1}", "predicate": {"damaged": 0, "damage": 0.8167330677290}, "model": "item/iron_hoe"},
		{ "_cmd_": "give @p minecraft:iron_hoe 1 207 {Unbreakable:1}", "predicate": {"damaged": 0, "damage": 0.8207171314741}, "model": "item/iron_hoe"},
		{ "_cmd_": "give @p minecraft:iron_hoe 1 208 {Unbreakable:1}", "predicate": {"damaged": 0, "damage": 0.8247011952191}, "model": "item/iron_hoe"},
		{ "_cmd_": "give @p minecraft:iron_hoe 1 209 {Unbreakable:1}", "predicate": {"damaged": 0, "damage": 0.8286852589641}, "model": "item/iron_hoe"},
		{ "_cmd_": "give @p minecraft:iron_hoe 1 210 {Unbreakable:1}", "predicate": {"damaged": 0, "damage": 0.8326693227091}, "model": "item/iron_hoe"},
		{ "_cmd_": "give @p minecraft:iron_hoe 1 211 {Unbreakable:1}", "predicate": {"damaged": 0, "damage": 0.8366533864541}, "model": "item/iron_hoe"},
		{ "_cmd_": "give @p minecraft:iron_hoe 1 212 {Unbreakable:1}", "predicate": {"damaged": 0, "damage": 0.8406374501992}, "model": "item/iron_hoe"},
		{ "_cmd_": "give @p minecraft:iron_hoe 1 213 {Unbreakable:1}", "predicate": {"damaged": 0, "damage": 0.8446215139442}, "model": "item/iron_hoe"},
		{ "_cmd_": "give @p minecraft:iron_hoe 1 214 {Unbreakable:1}", "predicate": {"damaged": 0, "damage": 0.8486055776892}, "model": "item/iron_hoe"},
		{ "_cmd_": "give @p minecraft:iron_hoe 1 215 {Unbreakable:1}", "predicate": {"damaged": 0, "damage": 0.8525896414342}, "model": "item/iron_hoe"},
		{ "_cmd_": "give @p minecraft:iron_hoe 1 216 {Unbreakable:1}", "predicate": {"damaged": 0, "damage": 0.8565737051792}, "model": "item/iron_hoe"},
		{ "_cmd_": "give @p minecraft:iron_hoe 1 217 {Unbreakable:1}", "predicate": {"damaged": 0, "damage": 0.8605577689243}, "model": "item/iron_hoe"},
		{ "_cmd_": "give @p minecraft:iron_hoe 1 218 {Unbreakable:1}", "predicate": {"damaged": 0, "damage": 0.8645418326693}, "model": "item/iron_hoe"},
		{ "_cmd_": "give @p minecraft:iron_hoe 1 219 {Unbreakable:1}", "predicate": {"damaged": 0, "damage": 0.8685258964143}, "model": "item/iron_hoe"},
		{ "_cmd_": "give @p minecraft:iron_hoe 1 220 {Unbreakable:1}", "predicate": {"damaged": 0, "damage": 0.8725099601593}, "model": "item/iron_hoe"},
		{ "_cmd_": "give @p minecraft:iron_hoe 1 221 {Unbreakable:1}", "predicate": {"damaged": 0, "damage": 0.8764940239043}, "model": "item/iron_hoe"},
		{ "_cmd_": "give @p minecraft:iron_hoe 1 222 {Unbreakable:1}", "predicate": {"damaged": 0, "damage": 0.8804780876494}, "model": "item/iron_hoe"},
		{ "_cmd_": "give @p minecraft:iron_hoe 1 223 {Unbreakable:1}", "predicate": {"damaged": 0, "damage": 0.8844621513944}, "model": "item/iron_hoe"},
		{ "_cmd_": "give @p minecraft:iron_hoe 1 224 {Unbreakable:1}", "predicate": {"damaged": 0, "damage": 0.8884462151394}, "model": "item/iron_hoe"},
		{ "_cmd_": "give @p minecraft:iron_hoe 1 225 {Unbreakable:1}", "predicate": {"damaged": 0, "damage": 0.8924302788844}, "model": "item/iron_hoe"},
		{ "_cmd_": "give @p minecraft:iron_hoe 1 226 {Unbreakable:1}", "predicate": {"damaged": 0, "damage": 0.8964143426294}, "model": "item/iron_hoe"},
		{ "_cmd_": "give @p minecraft:iron_hoe 1 227 {Unbreakable:1}", "predicate": {"damaged": 0, "damage": 0.9003984063745}, "model": "item/iron_hoe"},
		{ "_cmd_": "give @p minecraft:iron_hoe 1 228 {Unbreakable:1}", "predicate": {"damaged": 0, "damage": 0.9043824701195}, "model": "item/iron_hoe"},
		{ "_cmd_": "give @p minecraft:iron_hoe 1 229 {Unbreakable:1}", "predicate": {"damaged": 0, "damage": 0.9083665338645}, "model": "item/iron_hoe"},
		{ "_cmd_": "give @p minecraft:iron_hoe 1 230 {Unbreakable:1}", "predicate": {"damaged": 0, "damage": 0.9123505976095}, "model": "item/iron_hoe"},
		{ "_cmd_": "give @p minecraft:iron_hoe 1 231 {Unbreakable:1}", "predicate": {"damaged": 0, "damage": 0.9163346613545}, "model": "item/iron_hoe"},
		{ "_cmd_": "give @p minecraft:iron_hoe 1 232 {Unbreakable:1}", "predicate": {"damaged": 0, "damage": 0.9203187250996}, "model": "item/iron_hoe"},
		{ "_cmd_": "give @p minecraft:iron_hoe 1 233 {Unbreakable:1}", "predicate": {"damaged": 0, "damage": 0.9243027888446}, "model": "item/iron_hoe"},
		{ "_cmd_": "give @p minecraft:iron_hoe 1 234 {Unbreakable:1}", "predicate": {"damaged": 0, "damage": 0.9282868525896}, "model": "item/iron_hoe"},
		{ "_cmd_": "give @p minecraft:iron_hoe 1 235 {Unbreakable:1}", "predicate": {"damaged": 0, "damage": 0.9322709163346}, "model": "item/iron_hoe"},
		{ "_cmd_": "give @p minecraft:iron_hoe 1 236 {Unbreakable:1}", "predicate": {"damaged": 0, "damage": 0.9362549800796}, "model": "item/iron_hoe"},
		{ "_cmd_": "give @p minecraft:iron_hoe 1 237 {Unbreakable:1}", "predicate": {"damaged": 0, "damage": 0.9402390438247}, "model": "item/iron_hoe"},
		{ "_cmd_": "give @p minecraft:iron_hoe 1 238 {Unbreakable:1}", "predicate": {"damaged": 0, "damage": 0.9442231075697}, "model": "item/iron_hoe"},
		{ "_cmd_": "give @p minecraft:iron_hoe 1 239 {Unbreakable:1}", "predicate": {"damaged": 0, "damage": 0.9482071713147}, "model": "item/iron_hoe"},
		{ "_cmd_": "give @p minecraft:iron_hoe 1 240 {Unbreakable:1}", "predicate": {"damaged": 0, "damage": 0.9521912350597}, "model": "item/iron_hoe"},
		{ "_cmd_": "give @p minecraft:iron_hoe 1 241 {Unbreakable:1}", "predicate": {"damaged": 0, "damage": 0.9561752988047}, "model": "item/iron_hoe"},
		{ "_cmd_": "give @p minecraft:iron_hoe 1 242 {Unbreakable:1}", "predicate": {"damaged": 0, "damage": 0.9601593625498}, "model": "item/iron_hoe"},
		{ "_cmd_": "give @p minecraft:iron_hoe 1 243 {Unbreakable:1}", "predicate": {"damaged": 0, "damage": 0.9641434262948}, "model": "item/iron_hoe"},
		{ "_cmd_": "give @p minecraft:iron_hoe 1 244 {Unbreakable:1}", "predicate": {"damaged": 0, "damage": 0.9681274900398}, "model": "item/iron_hoe"},
		{ "_cmd_": "give @p minecraft:iron_hoe 1 245 {Unbreakable:1}", "predicate": {"damaged": 0, "damage": 0.9721115537848}, "model": "item/iron_hoe"},
		{ "_cmd_": "give @p minecraft:iron_hoe 1 246 {Unbreakable:1}", "predicate": {"damaged": 0, "damage": 0.9760956175298}, "model": "item/iron_hoe"},
		{ "_cmd_": "give @p minecraft:iron_hoe 1 247 {Unbreakable:1}", "predicate": {"damaged": 0, "damage": 0.9800796812749}, "model": "item/iron_hoe"},
		{ "_cmd_": "give @p minecraft:iron_hoe 1 248 {Unbreakable:1}", "predicate": {"damaged": 0, "damage": 0.9840637450199}, "model": "item/iron_hoe"},
		{ "_cmd_": "give @p minecraft:iron_hoe 1 249 {Unbreakable:1}", "predicate": {"damaged": 0, "damage": 0.9880478087649}, "model": "item/iron_hoe"},
		{ "_cmd_": "give @p minecraft:iron_hoe 1 250 {Unbreakable:1}", "predicate": {"damaged": 0, "damage": 0.9920318725099}, "model": "item/iron_hoe"},
		{ "_cmd_": "give @p minecraft:iron_hoe 1 251 {Unbreakable:1}", "predicate": {"damaged": 0, "damage": 0.9960159362549}, "model": "item/iron_hoe"},
		
		{ "predicate": {"damaged": 1, "damage": 0}, "model": "item/iron_hoe"}
	]
}