{
    "ambientocclusion": false,
    "textures": {
        "particle": "biomesoplenty:blocks/clover",
        "texture": "biomesoplenty:blocks/clover"
    },
    "elements": [
        {   "from": [ 0, 0.015625, 0 ],
            "to": [ 16, 0.015625, 16 ],
            "faces": {
                "down":  { "uv": [ 16, 16, 0,  0 ], "texture": "#texture", "tintindex": 0 },
                "up":    { "uv": [ 16,  0, 0, 16 ], "texture": "#texture", "tintindex": 0 }
            }
        }
    ]
}
