{
	"ambientocclusion": false,
    "textures": {
		"particle": "biomesoplenty:items/cloverpatch",
        "0": "biomesoplenty:blocks/cloverpatch_1",
        "1": "biomesoplenty:blocks/cloverpatch_2",
		"2": "biomesoplenty:blocks/cloverpatch_3",
		"3": "biomesoplenty:blocks/cloverpatch_4",
		"4": "biomesoplenty:blocks/cloverstem"
    },
    "elements": [
        {
            "name": "Top 1",
            "from": [ 0.0, 5.0, 0.0 ], 
            "to": [ 16.0, 5.0, 16.0 ], 
            "faces": {
                "up": { "texture": "#0", "uv": [ 0.0, 0.0, 16.0, 16.0 ], "tintindex": 0 },
				"down": { "texture": "#0", "uv": [ 0.0, 16.0, 16.0, 0.0 ], "tintindex": 0 }
            }
        },
        {
            "name": "Top 2",
            "from": [ 0.0, 4.0, 0.0 ], 
            "to": [ 16.0, 4.0, 16.0 ], 
            "faces": {
                "up": { "texture": "#1", "uv": [ 0.0, 0.0, 16.0, 16.0 ], "tintindex": 0 },
				"down": { "texture": "#1", "uv": [ 0.0, 16.0, 16.0, 0.0 ], "tintindex": 0 }
            }
        },
        {
            "name": "Top 3",
            "from": [ 0.0, 3.0, 0.0 ], 
            "to": [ 16.0, 3.0, 16.0 ], 
            "faces": {
                "up": { "texture": "#2", "uv": [ 0.0, 0.0, 16.0, 16.0 ], "tintindex": 0 },
				"down": { "texture": "#2", "uv": [ 0.0, 16.0, 16.0, 0.0 ], "tintindex": 0 }
            }
        },
        {
            "name": "Top 4",
            "from": [ 0.0, 2.0, 0.0 ], 
            "to": [ 16.0, 2.0, 16.0 ], 
            "faces": {
                "up": { "texture": "#3", "uv": [ 0.0, 0.0, 16.0, 16.0 ], "tintindex": 0 },
				"down": { "texture": "#3", "uv": [ 0.0, 16.0, 16.0, 0.0 ], "tintindex": 0 }
            }
        },
        {
            "name": "Stem 1",
            "from": [ 4.0, 0.0, 4.0 ], 
            "to": [ 5.0, 5.0, 5.0 ], 
			"shade": false,
            "faces": {
                "north": { "texture": "#4", "uv": [ 7.0, 11.0, 8.0, 16.0 ], "tintindex": 0 },
                "east": { "texture": "#4", "uv": [ 7.0, 11.0, 8.0, 16.0 ], "tintindex": 0 },
                "south": { "texture": "#4", "uv": [ 7.0, 11.0, 8.0, 16.0 ], "tintindex": 0 },
                "west": { "texture": "#4", "uv": [ 7.0, 11.0, 8.0, 16.0 ], "tintindex": 0 }
            }
        },
        {
            "name": "Stem 2",
            "from": [ 12.0, 0.0, 3.0 ], 
            "to": [ 13.0, 4.0, 4.0 ], 
			"shade": false,
            "faces": {
                "north": { "texture": "#4", "uv": [ 7.0, 12.0, 8.0, 16.0 ], "tintindex": 0 },
                "east": { "texture": "#4", "uv": [ 7.0, 12.0, 8.0, 16.0 ], "tintindex": 0 },
                "south": { "texture": "#4", "uv": [ 7.0, 12.0, 8.0, 16.0 ], "tintindex": 0 },
                "west": { "texture": "#4", "uv": [ 7.0, 12.0, 8.0, 16.0 ], "tintindex": 0 }
            }
        },
        {
            "name": "Stem 3",
            "from": [ 3.0, 0.0, 12.0 ], 
            "to": [ 4.0, 3.0, 13.0 ], 
			"shade": false,
            "faces": {
                "north": { "texture": "#4", "uv": [ 7.0, 13.0, 8.0, 16.0 ], "tintindex": 0 },
                "east": { "texture": "#4", "uv": [ 7.0, 13.0, 8.0, 16.0 ], "tintindex": 0 },
                "south": { "texture": "#4", "uv": [ 7.0, 13.0, 8.0, 16.0 ], "tintindex": 0 },
                "west": { "texture": "#4", "uv": [ 7.0, 13.0, 8.0, 16.0 ], "tintindex": 0 }
            }
        },
        {
            "name": "Stem 4",
            "from": [ 11.0, 0.0, 11.0 ], 
            "to": [ 12.0, 2.0, 12.0 ], 
			"shade": false,
            "faces": {
                "north": { "texture": "#4", "uv": [ 7.0, 14.0, 8.0, 16.0 ], "tintindex": 0 },
                "east": { "texture": "#4", "uv": [ 7.0, 14.0, 8.0, 16.0 ], "tintindex": 0 },
                "south": { "texture": "#4", "uv": [ 7.0, 14.0, 8.0, 16.0 ], "tintindex": 0 },
                "west": { "texture": "#4", "uv": [ 7.0, 14.0, 8.0, 16.0 ], "tintindex": 0 }
            }
        }
    ]
}