{
    "parent": "block/block",
    "textures": {
        "particle": "#under"
    },
    "elements": [
        {   "from": [ 0, 0, 0 ],
            "to": [ 16, 16, 16 ],
            "faces": {
                "down":  { "uv": [ 0, 0, 16, 16 ], "texture": "#under", "tintindex": 0 },
                "up":    { "uv": [ 0, 0, 16, 16 ], "texture": "#under", "tintindex": 0 },
                "north": { "uv": [ 0, 0, 16, 16 ], "texture": "#under", "tintindex": 0 },
                "south": { "uv": [ 0, 0, 16, 16 ], "texture": "#under", "tintindex": 0 },
                "west":  { "uv": [ 0, 0, 16, 16 ], "texture": "#under", "tintindex": 0 },
                "east":  { "uv": [ 0, 0, 16, 16 ], "texture": "#under", "tintindex": 0 }
            }
        },
        {   "from": [ 0, 0, 0 ],
            "to": [ 16, 16, 16 ],
            "faces": {
                "down":  { "uv": [ 0, 0, 16, 16 ], "texture": "#over", "cullface": "down", "tintindex": 1 },
                "up":    { "uv": [ 0, 0, 16, 16 ], "texture": "#over", "cullface": "up", "tintindex": 1 },
                "north": { "uv": [ 0, 0, 16, 16 ], "texture": "#over", "cullface": "north", "tintindex": 1 },
                "south": { "uv": [ 0, 0, 16, 16 ], "texture": "#over", "cullface": "south", "tintindex": 1 },
                "west":  { "uv": [ 0, 0, 16, 16 ], "texture": "#over", "cullface": "west", "tintindex": 1 },
                "east":  { "uv": [ 0, 0, 16, 16 ], "texture": "#over", "cullface": "east", "tintindex": 1 }
            }
        }
    ]
}
