{
    "ambientocclusion": false,
    "textures": {
        "particle": "biomesoplenty:items/lily_flower",
        "lilypad": "minecraft:blocks/waterlily",
		"flower": "biomesoplenty:blocks/waterlily"
    },
    "elements": [
        {   "from": [ 0, 0.25, 0 ],
            "to": [ 16, 0.25, 16 ],
            "faces": {
                "down":  { "uv": [ 16, 16, 0,  0 ], "texture": "#lilypad", "tintindex": 0 },
                "up":    { "uv": [ 16,  0, 0, 16 ], "texture": "#lilypad", "tintindex": 0 }
            }
        },
		{   "from": [ 0.8, 0.25, 8 ],
            "to": [ 15.2, 16.25, 8 ],
            "rotation": { "origin": [ 8, 8, 8 ], "axis": "y", "angle": 45, "rescale": true },
            "shade": false,
            "faces": {
                "north": { "uv": [ 16, 0, 0, 16 ], "texture": "#flower", "tintindex": 1 },
                "south": { "uv": [ 0, 0, 16, 16 ], "texture": "#flower", "tintindex": 1 }
            }
        },
        {   "from": [ 8, 0.25, 0.8 ],
            "to": [ 8, 16.25, 15.2 ],
            "rotation": { "origin": [ 8, 8, 8 ], "axis": "y", "angle": 45, "rescale": true },
            "shade": false,
            "faces": {
                "west": { "uv": [ 0, 0, 16, 16 ], "texture": "#flower", "tintindex": 1 },
                "east": { "uv": [ 16, 0, 0, 16 ], "texture": "#flower", "tintindex": 1 }
            }
        }
    ]
}
