{
    "__comment": "Model generated using MrCrayfish's Model Creator (http://mrcrayfish.com/modelcreator/)",
	"ambientocclusion": false,
    "textures": {
		"particle": "biomesoplenty:blocks/rafflesia",
        "0": "biomesoplenty:blocks/rafflesia",
        "1": "biomesoplenty:blocks/rafflesia_side",
        "2": "biomesoplenty:blocks/rafflesia_inside"
    },
    "elements": [
        {
            "name": "Top",
            "from": [ 0.0, 3.0, 0.0 ], 
            "to": [ 16.0, 3.0, 16.0 ], 
            "faces": {
                "up": { "texture": "#0", "uv": [ 0.0, 0.0, 16.0, 16.0 ] },
                "down": { "texture": "#0", "uv": [ 0.0, 0.0, 16.0, 16.0 ], "rotation": 180 }
            }
        },
        {
            "name": "North",
            "from": [ 0.0, 0.0, 6.0 ], 
            "to": [ 16.0, 16.0, 6.0 ], 
            "faces": {
                "north": { "texture": "#1", "uv": [ 0.0, 0.0, 16.0, 16.0 ] },
                "south": { "texture": "#1", "uv": [ 0.0, 0.0, 16.0, 16.0 ] }
            }
        },
        {
            "name": "South",
            "from": [ 0.0, 0.0, 10.0 ], 
            "to": [ 16.0, 16.0, 10.0 ], 
            "faces": {
                "north": { "texture": "#1", "uv": [ 0.0, 0.0, 16.0, 16.0 ] },
                "south": { "texture": "#1", "uv": [ 0.0, 0.0, 16.0, 16.0 ] }
            }
        },
        {
            "name": "East",
            "from": [ 10.0, 0.0, 0.0 ], 
            "to": [ 10.0, 16.0, 16.0 ], 
            "faces": {
                "east": { "texture": "#1", "uv": [ 0.0, 0.0, 16.0, 16.0 ] },
                "west": { "texture": "#1", "uv": [ 0.0, 0.0, 16.0, 16.0 ] }
            }
        },
        {
            "name": "West",
            "from": [ 6.0, 0.0, 0.0 ], 
            "to": [ 6.0, 16.0, 16.0 ], 
            "faces": {
                "east": { "texture": "#1", "uv": [ 0.0, 0.0, 16.0, 16.0 ] },
                "west": { "texture": "#1", "uv": [ 0.0, 0.0, 16.0, 16.0 ] }
            }
        },
        {
            "name": "Inside",
            "from": [ 0.0, 2.0, 0.0 ], 
            "to": [ 16.0, 2.0, 16.0 ], 
            "faces": {
                "up": { "texture": "#2", "uv": [ 0.0, 0.0, 16.0, 16.0 ] },
                "down": { "texture": "#2", "uv": [ 0.0, 0.0, 16.0, 16.0 ] }
            }
        }
    ]
}