{
	"credit": "Made with Blockbench",
	"textures": {
		"0": "biomesoplenty:blocks/chair",
		"1": "biomesoplenty:blocks/chairs",
		"2": "blocks/stone_slab_top",
		"particle": "biomesoplenty:blocks/chair"
	},
	"elements": [
		{
			"from": [7, 0, 7],
			"to": [9, 7, 9],
			"faces": {
				"north": {"uv": [0, 0, 2, 7], "texture": "#1"},
				"east": {"uv": [0, 0, 2, 7], "texture": "#1"},
				"south": {"uv": [0, 0, 2, 7], "texture": "#1"},
				"west": {"uv": [0, 0, 2, 7], "texture": "#0"},
				"up": {"uv": [0, 0, 2, 2], "texture": "#1"},
				"down": {"uv": [0, 0, 2, 2], "texture": "#1"}
			}
		},
		{
			"from": [7, 0, 3],
			"to": [9, 1, 13],
			"faces": {
				"north": {"uv": [0, 0, 2, 1], "texture": "#1"},
				"east": {"uv": [0, 0, 2, 1], "texture": "#1"},
				"south": {"uv": [0, 0, 2, 1], "texture": "#1"},
				"west": {"uv": [0, 0, 2, 1], "texture": "#1"},
				"up": {"uv": [0, 0, 2, 10], "texture": "#1"},
				"down": {"uv": [0, 0, 2, 10], "texture": "#1"}
			}
		},
		{
			"from": [3, 0, 7],
			"to": [13, 1, 9],
			"faces": {
				"north": {"uv": [0, 0, 2, 1], "texture": "#1"},
				"east": {"uv": [0, 0, 2, 1], "texture": "#1"},
				"south": {"uv": [0, 0, 2, 1], "texture": "#1"},
				"west": {"uv": [0, 0, 2, 1], "texture": "#0"},
				"up": {"uv": [0, 0, 2, 2], "texture": "#1"},
				"down": {"uv": [0, 0, 2, 2], "texture": "#1"}
			}
		},
		{
			"from": [1, 7, 2],
			"to": [13, 8, 14],
			"faces": {
				"north": {"uv": [2, 0, 14, 1], "texture": "#1"},
				"east": {"uv": [2, 0, 14, 1], "texture": "#1"},
				"south": {"uv": [2, 0, 14, 1], "texture": "#1"},
				"west": {"uv": [0, 0, 12, 1], "texture": "#0"},
				"up": {"uv": [0, 0, 12, 12], "rotation": 90, "texture": "#0"},
				"down": {"uv": [2, 0, 14, 12], "rotation": 270, "texture": "#1"}
			}
		},
		{
			"from": [13, 8, 2],
			"to": [14, 16, 14],
			"faces": {
				"north": {"uv": [2, 0, 3, 8], "texture": "#1"},
				"east": {"uv": [2, 0, 14, 8], "texture": "#1"},
				"south": {"uv": [2, 0, 3, 8], "texture": "#1"},
				"west": {"uv": [0, 0, 12, 8], "texture": "#0"},
				"up": {"uv": [0, 0, 12, 1], "rotation": 90, "texture": "#0"},
				"down": {"uv": [2, 0, 14, 1], "rotation": 270, "texture": "#0"}
			}
		},
		{
			"from": [6, 12, 1],
			"to": [14, 13, 2],
			"faces": {
				"north": {"uv": [0, 0, 2, 1], "texture": "#1"},
				"east": {"uv": [0, 0, 1, 1], "texture": "#1"},
				"south": {"uv": [0, 0, 2, 1], "texture": "#1"},
				"west": {"uv": [0, 0, 1, 1], "texture": "#1"},
				"up": {"uv": [0, 0, 1, 9], "rotation": 90, "texture": "#1"},
				"down": {"uv": [0, 0, 1, 9], "rotation": 270, "texture": "#1"}
			}
		},
		{
			"from": [6, 12, 14],
			"to": [14, 13, 15],
			"faces": {
				"north": {"uv": [0, 0, 2, 1], "texture": "#1"},
				"east": {"uv": [0, 0, 1, 1], "texture": "#1"},
				"south": {"uv": [0, 0, 2, 1], "texture": "#1"},
				"west": {"uv": [0, 0, 1, 1], "texture": "#1"},
				"up": {"uv": [0, 0, 1, 9], "rotation": 90, "texture": "#1"},
				"down": {"uv": [0, 0, 1, 9], "rotation": 270, "texture": "#0"}
			}
		},
		{
			"from": [5, 7, 1],
			"to": [6, 12, 2],
			"faces": {
				"north": {"uv": [0, 0, 1, 5], "texture": "#1"},
				"east": {"uv": [0, 0, 1, 5], "texture": "#1"},
				"south": {"uv": [0, 0, 1, 5], "texture": "#1"},
				"west": {"uv": [0, 0, 1, 5], "texture": "#1"},
				"up": {"uv": [0, 0, 1, 1], "rotation": 90, "texture": "#1"},
				"down": {"uv": [0, 0, 1, 1], "rotation": 270, "texture": "#1"}
			}
		},
		{
			"from": [5, 7, 14],
			"to": [6, 12, 15],
			"faces": {
				"north": {"uv": [0, 0, 1, 5], "texture": "#1"},
				"east": {"uv": [0, 0, 1, 5], "texture": "#1"},
				"south": {"uv": [0, 0, 1, 5], "texture": "#1"},
				"west": {"uv": [0, 0, 1, 5], "texture": "#1"},
				"up": {"uv": [0, 0, 1, 1], "rotation": 90, "texture": "#1"},
				"down": {"uv": [0, 0, 1, 1], "rotation": 270, "texture": "#1"}
			}
		},
		{
			"from": [0, 0, 0],
			"to": [16, 0, 16],
			"faces": {
				"north": {"uv": [0, 0, 16, 0], "texture": "#missing"},
				"east": {"uv": [0, 0, 16, 0], "texture": "#missing"},
				"south": {"uv": [0, 0, 16, 0], "texture": "#missing"},
				"west": {"uv": [0, 0, 16, 0], "texture": "#missing"},
				"up": {"uv": [0, 0, 16, 16], "texture": "#2"},
				"down": {"uv": [0, 0, 16, 16], "texture": "#2"}
			}
		}
	]
}