{
	"credit": "Made with Blockbench",
	"textures": {
		"0": "biomesoplenty:blocks/chair",
		"particle": "biomesoplenty:blocks/chair"
	},
	"elements": [
		{
			"from": [7, 0, 3],
			"to": [9, 1, 13],
			"faces": {
				"north": {"uv": [10, 15, 12, 16], "texture": "#0"},
				"east": {"uv": [0, 15, 10, 16], "texture": "#0"},
				"south": {"uv": [22, 15, 24, 16], "texture": "#0"},
				"west": {"uv": [12, 15, 22, 16], "texture": "#0"},
				"up": {"uv": [12, 15, 10, 5], "texture": "#0"},
				"down": {"uv": [14, 5, 12, 15], "texture": "#0"}
			}
		},
		{
			"from": [3, 0, 7],
			"to": [13, 1, 9],
			"faces": {
				"north": {"uv": [2, 2, 12, 3], "texture": "#0"},
				"east": {"uv": [0, 2, 2, 3], "texture": "#0"},
				"south": {"uv": [14, 2, 24, 3], "texture": "#0"},
				"west": {"uv": [12, 2, 14, 3], "texture": "#0"},
				"up": {"uv": [12, 2, 2, 0], "texture": "#0"},
				"down": {"uv": [22, 0, 12, 2], "texture": "#0"}
			}
		},
		{
			"from": [7, 0, 7],
			"to": [9, 7, 9],
			"faces": {
				"north": {"uv": [2, 2, 4, 9], "texture": "#0"},
				"east": {"uv": [0, 2, 2, 9], "texture": "#0"},
				"south": {"uv": [6, 2, 8, 9], "texture": "#0"},
				"west": {"uv": [4, 2, 6, 9], "texture": "#0"},
				"up": {"uv": [4, 2, 2, 0], "texture": "#0"},
				"down": {"uv": [6, 0, 4, 2], "texture": "#0"}
			}
		},
		{
			"from": [2, 7, 2],
			"to": [14, 8, 14],
			"faces": {
				"north": {"uv": [12, 12, 24, 13], "texture": "#0"},
				"east": {"uv": [0, 12, 12, 13], "texture": "#0"},
				"south": {"uv": [36, 12, 48, 13], "texture": "#0"},
				"west": {"uv": [24, 12, 36, 13], "texture": "#0"},
				"up": {"uv": [24, 12, 12, 0], "texture": "#0"},
				"down": {"uv": [36, 0, 24, 12], "texture": "#0"}
			}
		},
		{
			"from": [2, 8, 14],
			"to": [14, 16, 15],
			"faces": {
				"north": {"uv": [1, 1, 13, 9], "texture": "#0"},
				"east": {"uv": [0, 1, 1, 9], "texture": "#0"},
				"south": {"uv": [14, 1, 26, 9], "texture": "#0"},
				"west": {"uv": [13, 1, 14, 9], "texture": "#0"},
				"up": {"uv": [13, 1, 1, 0], "texture": "#0"},
				"down": {"uv": [25, 0, 13, 1], "texture": "#0"}
			}
		},
		{
			"from": [1, 12, 7],
			"to": [2, 13, 15],
			"faces": {
				"north": {"uv": [8, 8, 9, 9], "texture": "#0"},
				"east": {"uv": [0, 8, 8, 9], "texture": "#0"},
				"south": {"uv": [17, 8, 18, 9], "texture": "#0"},
				"west": {"uv": [9, 8, 17, 9], "texture": "#0"},
				"up": {"uv": [9, 8, 8, 0], "texture": "#0"},
				"down": {"uv": [10, 0, 9, 8], "texture": "#0"}
			}
		},
		{
			"from": [14, 12, 7],
			"to": [15, 13, 15],
			"faces": {
				"north": {"uv": [8, 8, 9, 9], "texture": "#0"},
				"east": {"uv": [0, 8, 8, 9], "texture": "#0"},
				"south": {"uv": [17, 8, 18, 9], "texture": "#0"},
				"west": {"uv": [9, 8, 17, 9], "texture": "#0"},
				"up": {"uv": [9, 8, 8, 0], "texture": "#0"},
				"down": {"uv": [10, 0, 9, 8], "texture": "#0"}
			}
		},
		{
			"from": [14, 7, 6],
			"to": [15, 12, 7],
			"faces": {
				"north": {"uv": [1, 1, 2, 6], "texture": "#0"},
				"east": {"uv": [0, 1, 1, 6], "texture": "#0"},
				"south": {"uv": [3, 1, 4, 6], "texture": "#0"},
				"west": {"uv": [2, 1, 3, 6], "texture": "#0"},
				"up": {"uv": [2, 1, 1, 0], "texture": "#0"},
				"down": {"uv": [3, 0, 2, 1], "texture": "#0"}
			}
		},
		{
			"from": [1, 7, 6],
			"to": [2, 12, 7],
			"faces": {
				"north": {"uv": [1, 1, 2, 6], "texture": "#0"},
				"east": {"uv": [0, 1, 1, 6], "texture": "#0"},
				"south": {"uv": [3, 1, 4, 6], "texture": "#0"},
				"west": {"uv": [2, 1, 3, 6], "texture": "#0"},
				"up": {"uv": [2, 1, 1, 0], "texture": "#0"},
				"down": {"uv": [3, 0, 2, 1], "texture": "#0"}
			}
		}
	]
}