{"credit":"Made with Blockbench","parent":"paper","texture_size":[128,128],"textures":{"4":"customshop:item/blackstone_portal","10":"customshop:item/vending_machine/blackstone_vending_machine"},"elements":[{"name":"bottom","from":[0,0,0],"to":[16,1,16],"rotation":{"angle":0,"axis":"y","origin":[9.05,15.0375,8.44375]},"faces":{"north":{"uv":[9.75,3.375,11.75,3.5],"texture":"#10"},"east":{"uv":[10.5,0.25,12.5,0.375],"texture":"#10"},"south":{"uv":[10.5,0.375,12.5,0.5],"texture":"#10"},"west":{"uv":[10.5,0.5,12.5,0.625],"texture":"#10"},"up":{"uv":[2,2,0,0],"texture":"#10"},"down":{"uv":[2,2,0,4],"texture":"#10"}}},{"name":"top","from":[0,31,0],"to":[16,32,16],"rotation":{"angle":0,"axis":"y","origin":[9.05,15.0375,8.44375]},"faces":{"north":{"uv":[10.5,0.625,12.5,0.75],"texture":"#10"},"east":{"uv":[10.5,0.75,12.5,0.875],"texture":"#10"},"south":{"uv":[10.5,0.875,12.5,1],"texture":"#10"},"west":{"uv":[10.5,1,12.5,1.125],"texture":"#10"},"up":{"uv":[4,2,2,0],"texture":"#10"},"down":{"uv":[4,2,2,4],"texture":"#10"}}},{"from":[15,15,0],"to":[16,31,16],"rotation":{"angle":0,"axis":"y","origin":[9.05,15.0375,8.44375]},"faces":{"north":{"uv":[1.75,9.375,1.875,11.375],"texture":"#10"},"east":{"uv":[0,4,2,6],"texture":"#10"},"south":{"uv":[1.875,9.375,2,11.375],"texture":"#10"},"west":{"uv":[4,0,6,2],"texture":"#10"},"up":{"uv":[2.125,11.375,2,9.375],"texture":"#10"},"down":{"uv":[2.25,9.375,2.125,11.375],"texture":"#10"}}},{"from":[15,1,0],"to":[16,15,16],"rotation":{"angle":0,"axis":"y","origin":[9.05,15.0375,8.44375]},"faces":{"north":{"uv":[1,10.375,1.125,12.125],"texture":"#10"},"east":{"uv":[4,4,6,5.75],"texture":"#10"},"south":{"uv":[1.125,10.375,1.25,12.125],"texture":"#10"},"west":{"uv":[4,5.75,6,7.5],"texture":"#10"},"up":{"uv":[2.375,11.375,2.25,9.375],"texture":"#10"},"down":{"uv":[2.5,9.375,2.375,11.375],"texture":"#10"}}},{"from":[0,15,0],"to":[1,31,16],"rotation":{"angle":0,"axis":"y","origin":[9.05,15.0375,8.44375]},"faces":{"north":{"uv":[2.5,9.375,2.625,11.375],"texture":"#10"},"east":{"uv":[2,4,4,6],"texture":"#10"},"south":{"uv":[2.625,9.375,2.75,11.375],"texture":"#10"},"west":{"uv":[4,2,6,4],"texture":"#10"},"up":{"uv":[2.875,11.375,2.75,9.375],"texture":"#10"},"down":{"uv":[3,9.375,2.875,11.375],"texture":"#10"}}},{"from":[0,1,0],"to":[1,15,16],"rotation":{"angle":0,"axis":"y","origin":[9.05,15.0375,8.44375]},"faces":{"north":{"uv":[8.125,10.375,8.25,12.125],"texture":"#10"},"east":{"uv":[0,6,2,7.75],"texture":"#10"},"south":{"uv":[8.25,10.375,8.375,12.125],"texture":"#10"},"west":{"uv":[6,0,8,1.75],"texture":"#10"},"up":{"uv":[0.125,12.375,0,10.375],"texture":"#10"},"down":{"uv":[0.25,10.375,0.125,12.375],"texture":"#10"}}},{"name":"back","from":[1,15,15],"to":[15,31,16],"rotation":{"angle":0,"axis":"y","origin":[9.05,15.0375,8.44375]},"faces":{"north":{"uv":[6,1.75,7.75,3.75],"texture":"#10"},"east":{"uv":[0.25,10.375,0.375,12.375],"texture":"#10"},"south":{"uv":[2,6,3.75,8],"texture":"#10"},"west":{"uv":[0.375,10.375,0.5,12.375],"texture":"#10"},"up":{"uv":[12.25,1.25,10.5,1.125],"texture":"#10"},"down":{"uv":[12.25,1.25,10.5,1.375],"texture":"#10"}}},{"name":"back","from":[1,1,15],"to":[15,15,16],"rotation":{"angle":0,"axis":"y","origin":[9.05,15.0375,8.44375]},"faces":{"north":{"uv":[3.75,7.5,5.5,9.25],"texture":"#10"},"east":{"uv":[8.375,10.375,8.5,12.125],"texture":"#10"},"south":{"uv":[7.625,3.75,9.375,5.5],"texture":"#10"},"west":{"uv":[8.5,10.375,8.625,12.125],"texture":"#10"},"up":{"uv":[12.25,3.625,10.5,3.5],"texture":"#10"},"down":{"uv":[12.25,3.625,10.5,3.75],"texture":"#10"}}},{"name":"partition","from":[4,1,2],"to":[5,15,15],"rotation":{"angle":0,"axis":"y","origin":[9.05,15.0375,8.44375]},"faces":{"north":{"uv":[8.625,10.375,8.75,12.125],"texture":"#10"},"east":{"uv":[7.625,5.5,9.25,7.25],"texture":"#10"},"south":{"uv":[8.75,10.375,8.875,12.125],"texture":"#10"},"west":{"uv":[7.625,7.25,9.25,9],"texture":"#10"},"up":{"uv":[5.625,12.125,5.5,10.5],"texture":"#10"},"down":{"uv":[5.75,10.5,5.625,12.125],"texture":"#10"}}},{"name":"partition","from":[4,15,2],"to":[5,31,15],"rotation":{"angle":0,"axis":"y","origin":[9.05,15.0375,8.44375]},"faces":{"north":{"uv":[0.5,10.375,0.625,12.375],"texture":"#10"},"east":{"uv":[6,3.75,7.625,5.75],"texture":"#10"},"south":{"uv":[0.625,10.375,0.75,12.375],"texture":"#10"},"west":{"uv":[6,5.75,7.625,7.75],"texture":"#10"},"up":{"uv":[5.875,12.125,5.75,10.5],"texture":"#10"},"down":{"uv":[6,10.5,5.875,12.125],"texture":"#10"}}},{"from":[5,27,4],"to":[15,28,15],"rotation":{"angle":0,"axis":"y","origin":[9.05,15.0375,8.44375]},"faces":{"north":{"uv":[10.75,1.375,12,1.5],"texture":"#10"},"east":{"uv":[8,1.625,9.375,1.75],"texture":"#10"},"south":{"uv":[10.75,1.5,12,1.625],"texture":"#10"},"west":{"uv":[6,10.625,7.375,10.75],"texture":"#10"},"up":{"uv":[6.75,9.125,5.5,7.75],"texture":"#10"},"down":{"uv":[9.25,0,8,1.375],"texture":"#10"}}},{"from":[5,23,4],"to":[15,24,15],"rotation":{"angle":0,"axis":"y","origin":[9.05,15.0375,8.44375]},"faces":{"north":{"uv":[10.75,5.125,12,5.25],"texture":"#10"},"east":{"uv":[10.625,7.5,12,7.625],"texture":"#10"},"south":{"uv":[10.75,5.25,12,5.375],"texture":"#10"},"west":{"uv":[10.625,7.625,12,7.75],"texture":"#10"},"up":{"uv":[3,9.375,1.75,8],"texture":"#10"},"down":{"uv":[1.25,9,0,10.375],"texture":"#10"}}},{"from":[5,19,4],"to":[15,20,15],"rotation":{"angle":0,"axis":"y","origin":[9.05,15.0375,8.44375]},"faces":{"north":{"uv":[10.75,5.375,12,5.5],"texture":"#10"},"east":{"uv":[10.625,7.75,12,7.875],"texture":"#10"},"south":{"uv":[6,10.75,7.25,10.875],"texture":"#10"},"west":{"uv":[10.625,7.875,12,8],"texture":"#10"},"up":{"uv":[8,10.375,6.75,9],"texture":"#10"},"down":{"uv":[9.25,9,8,10.375],"texture":"#10"}}},{"from":[5,15,4],"to":[15,16,15],"rotation":{"angle":0,"axis":"y","origin":[9.05,15.0375,8.44375]},"faces":{"north":{"uv":[10.75,8.5,12,8.625],"texture":"#10"},"east":{"uv":[10.625,8,12,8.125],"texture":"#10"},"south":{"uv":[10.75,8.625,12,8.75],"texture":"#10"},"west":{"uv":[10.625,8.125,12,8.25],"texture":"#10"},"up":{"uv":[6.75,10.5,5.5,9.125],"texture":"#10"},"down":{"uv":[10.5,0,9.25,1.375],"texture":"#10"}}},{"from":[5,11,4],"to":[15,12,15],"rotation":{"angle":0,"axis":"y","origin":[9.05,15.0375,8.44375]},"faces":{"north":{"uv":[10.75,8.75,12,8.875],"texture":"#10"},"east":{"uv":[10.625,8.25,12,8.375],"texture":"#10"},"south":{"uv":[10.75,8.875,12,9],"texture":"#10"},"west":{"uv":[10.625,8.375,12,8.5],"texture":"#10"},"up":{"uv":[4.25,10.625,3,9.25],"texture":"#10"},"down":{"uv":[5.5,9.25,4.25,10.625],"texture":"#10"}}},{"from":[10.75,28,4],"to":[11.25,30,15],"rotation":{"angle":0,"axis":"y","origin":[9.05,15.0375,8.44375]},"faces":{"north":{"uv":[1.75,7.75,1.875,8],"texture":"#10"},"east":{"uv":[7.75,3.5,9.125,3.75],"texture":"#10"},"south":{"uv":[1.875,7.75,2,8],"texture":"#10"},"west":{"uv":[8,1.375,9.375,1.625],"texture":"#10"},"up":{"uv":[3.875,7.375,3.75,6],"texture":"#10"},"down":{"uv":[4,6,3.875,7.375],"texture":"#10"}}},{"from":[6.75,28,4],"to":[7.25,30,15],"rotation":{"angle":0,"axis":"y","origin":[9.05,15.0375,8.44375]},"faces":{"north":{"uv":[6.875,8.25,7,8.5],"texture":"#10"},"east":{"uv":[9.125,3.5,10.5,3.75],"texture":"#10"},"south":{"uv":[7,8.25,7.125,8.5],"texture":"#10"},"west":{"uv":[9.25,7.5,10.625,7.75],"texture":"#10"},"up":{"uv":[4.875,12,4.75,10.625],"texture":"#10"},"down":{"uv":[5,10.625,4.875,12],"texture":"#10"}}},{"from":[8.75,28,4],"to":[9.25,30,15],"rotation":{"angle":0,"axis":"y","origin":[9.05,15.0375,8.44375]},"faces":{"north":{"uv":[7.125,8.25,7.25,8.5],"texture":"#10"},"east":{"uv":[9.25,7.75,10.625,8],"texture":"#10"},"south":{"uv":[7.5,8.25,7.625,8.5],"texture":"#10"},"west":{"uv":[9.25,8,10.625,8.25],"texture":"#10"},"up":{"uv":[5.125,12,5,10.625],"texture":"#10"},"down":{"uv":[5.25,10.625,5.125,12],"texture":"#10"}}},{"from":[12.75,28,4],"to":[13.25,30,15],"rotation":{"angle":0,"axis":"y","origin":[9.05,15.0375,8.44375]},"faces":{"north":{"uv":[3.5,8.5,3.625,8.75],"texture":"#10"},"east":{"uv":[9.25,8.25,10.625,8.5],"texture":"#10"},"south":{"uv":[3.625,8.5,3.75,8.75],"texture":"#10"},"west":{"uv":[9.25,8.5,10.625,8.75],"texture":"#10"},"up":{"uv":[5.375,12,5.25,10.625],"texture":"#10"},"down":{"uv":[5.5,10.625,5.375,12],"texture":"#10"}}},{"from":[10.75,24,4],"to":[11.25,26,15],"rotation":{"angle":0,"axis":"y","origin":[9.05,15.0375,8.44375]},"faces":{"north":{"uv":[6.875,8.5,7,8.75],"texture":"#10"},"east":{"uv":[9.25,8.75,10.625,9],"texture":"#10"},"south":{"uv":[7,8.5,7.125,8.75],"texture":"#10"},"west":{"uv":[9.25,9,10.625,9.25],"texture":"#10"},"up":{"uv":[7.5,12,7.375,10.625],"texture":"#10"},"down":{"uv":[7.625,10.625,7.5,12],"texture":"#10"}}},{"from":[6.75,24,4],"to":[7.25,26,15],"rotation":{"angle":0,"axis":"y","origin":[9.05,15.0375,8.44375]},"faces":{"north":{"uv":[7.125,8.5,7.25,8.75],"texture":"#10"},"east":{"uv":[9.25,9.25,10.625,9.5],"texture":"#10"},"south":{"uv":[7.5,8.5,7.625,8.75],"texture":"#10"},"west":{"uv":[9.375,1.375,10.75,1.625],"texture":"#10"},"up":{"uv":[7.75,12,7.625,10.625],"texture":"#10"},"down":{"uv":[7.875,10.625,7.75,12],"texture":"#10"}}},{"from":[8.75,24,4],"to":[9.25,26,15],"rotation":{"angle":0,"axis":"y","origin":[9.05,15.0375,8.44375]},"faces":{"north":{"uv":[3,8.75,3.125,9],"texture":"#10"},"east":{"uv":[9.375,3.75,10.75,4],"texture":"#10"},"south":{"uv":[3.125,8.75,3.25,9],"texture":"#10"},"west":{"uv":[9.375,4,10.75,4.25],"texture":"#10"},"up":{"uv":[8,12,7.875,10.625],"texture":"#10"},"down":{"uv":[8.125,10.625,8,12],"texture":"#10"}}},{"from":[12.75,24,4],"to":[13.25,26,15],"rotation":{"angle":0,"axis":"y","origin":[9.05,15.0375,8.44375]},"faces":{"north":{"uv":[3.25,8.75,3.375,9],"texture":"#10"},"east":{"uv":[9.375,4.25,10.75,4.5],"texture":"#10"},"south":{"uv":[3.375,8.75,3.5,9],"texture":"#10"},"west":{"uv":[9.375,4.5,10.75,4.75],"texture":"#10"},"up":{"uv":[10.75,9.875,10.625,8.5],"texture":"#10"},"down":{"uv":[9,10.625,8.875,12],"texture":"#10"}}},{"from":[10.75,20,4],"to":[11.25,22,15],"rotation":{"angle":0,"axis":"y","origin":[9.05,15.0375,8.44375]},"faces":{"north":{"uv":[3.5,8.75,3.625,9],"texture":"#10"},"east":{"uv":[9.375,4.75,10.75,5],"texture":"#10"},"south":{"uv":[3.625,8.75,3.75,9],"texture":"#10"},"west":{"uv":[9.375,5,10.75,5.25],"texture":"#10"},"up":{"uv":[9.125,12,9,10.625],"texture":"#10"},"down":{"uv":[9.25,10.625,9.125,12],"texture":"#10"}}},{"from":[6.75,20,4],"to":[7.25,22,15],"rotation":{"angle":0,"axis":"y","origin":[9.05,15.0375,8.44375]},"faces":{"north":{"uv":[6.75,8.75,6.875,9],"texture":"#10"},"east":{"uv":[9.375,5.25,10.75,5.5],"texture":"#10"},"south":{"uv":[6.875,8.75,7,9],"texture":"#10"},"west":{"uv":[9.5,1.625,10.875,1.875],"texture":"#10"},"up":{"uv":[9.375,12,9.25,10.625],"texture":"#10"},"down":{"uv":[9.5,10.625,9.375,12],"texture":"#10"}}},{"from":[8.75,20,4],"to":[9.25,22,15],"rotation":{"angle":0,"axis":"y","origin":[9.05,15.0375,8.44375]},"faces":{"north":{"uv":[7,8.75,7.125,9],"texture":"#10"},"east":{"uv":[9.5,1.875,10.875,2.125],"texture":"#10"},"south":{"uv":[7.125,8.75,7.25,9],"texture":"#10"},"west":{"uv":[9.5,2.125,10.875,2.375],"texture":"#10"},"up":{"uv":[9.625,12,9.5,10.625],"texture":"#10"},"down":{"uv":[9.75,10.625,9.625,12],"texture":"#10"}}},{"from":[12.75,20,4],"to":[13.25,22,15],"rotation":{"angle":0,"axis":"y","origin":[9.05,15.0375,8.44375]},"faces":{"north":{"uv":[7.5,8.75,7.625,9],"texture":"#10"},"east":{"uv":[9.5,2.375,10.875,2.625],"texture":"#10"},"south":{"uv":[3,9,3.125,9.25],"texture":"#10"},"west":{"uv":[9.5,2.625,10.875,2.875],"texture":"#10"},"up":{"uv":[9.875,12,9.75,10.625],"texture":"#10"},"down":{"uv":[10,10.625,9.875,12],"texture":"#10"}}},{"from":[10.75,16,4],"to":[11.25,18,15],"rotation":{"angle":0,"axis":"y","origin":[9.05,15.0375,8.44375]},"faces":{"north":{"uv":[3.125,9,3.25,9.25],"texture":"#10"},"east":{"uv":[9.25,9.5,10.625,9.75],"texture":"#10"},"south":{"uv":[3.25,9,3.375,9.25],"texture":"#10"},"west":{"uv":[9.75,2.875,11.125,3.125],"texture":"#10"},"up":{"uv":[10.75,11.25,10.625,9.875],"texture":"#10"},"down":{"uv":[10.125,10.625,10,12],"texture":"#10"}}},{"from":[6.75,16,4],"to":[7.25,18,15],"rotation":{"angle":0,"axis":"y","origin":[9.05,15.0375,8.44375]},"faces":{"north":{"uv":[3.375,9,3.5,9.25],"texture":"#10"},"east":{"uv":[9.75,3.125,11.125,3.375],"texture":"#10"},"south":{"uv":[3.5,9,3.625,9.25],"texture":"#10"},"west":{"uv":[9.75,5.5,11.125,5.75],"texture":"#10"},"up":{"uv":[10.25,12,10.125,10.625],"texture":"#10"},"down":{"uv":[10.375,10.625,10.25,12],"texture":"#10"}}},{"from":[8.75,16,4],"to":[9.25,18,15],"rotation":{"angle":0,"axis":"y","origin":[9.05,15.0375,8.44375]},"faces":{"north":{"uv":[3.625,9,3.75,9.25],"texture":"#10"},"east":{"uv":[9.75,5.75,11.125,6],"texture":"#10"},"south":{"uv":[4.125,10.75,4.25,11],"texture":"#10"},"west":{"uv":[9.75,6,11.125,6.25],"texture":"#10"},"up":{"uv":[10.5,12,10.375,10.625],"texture":"#10"},"down":{"uv":[10.625,10.625,10.5,12],"texture":"#10"}}},{"from":[12.75,16,4],"to":[13.25,18,15],"rotation":{"angle":0,"axis":"y","origin":[9.05,15.0375,8.44375]},"faces":{"north":{"uv":[4.25,10.75,4.375,11],"texture":"#10"},"east":{"uv":[9.75,6.25,11.125,6.5],"texture":"#10"},"south":{"uv":[4.375,10.75,4.5,11],"texture":"#10"},"west":{"uv":[9.75,6.5,11.125,6.75],"texture":"#10"},"up":{"uv":[3.125,12.125,3,10.75],"texture":"#10"},"down":{"uv":[3.25,10.75,3.125,12.125],"texture":"#10"}}},{"from":[10.75,12,4],"to":[11.25,14,15],"rotation":{"angle":0,"axis":"y","origin":[9.05,15.0375,8.44375]},"faces":{"north":{"uv":[4.5,10.75,4.625,11],"texture":"#10"},"east":{"uv":[9.75,6.75,11.125,7],"texture":"#10"},"south":{"uv":[4.625,10.75,4.75,11],"texture":"#10"},"west":{"uv":[9.75,7,11.125,7.25],"texture":"#10"},"up":{"uv":[3.375,12.125,3.25,10.75],"texture":"#10"},"down":{"uv":[3.5,10.75,3.375,12.125],"texture":"#10"}}},{"from":[6.75,12,4],"to":[7.25,14,15],"rotation":{"angle":0,"axis":"y","origin":[9.05,15.0375,8.44375]},"faces":{"north":{"uv":[7.25,10.75,7.375,11],"texture":"#10"},"east":{"uv":[9.75,7.25,11.125,7.5],"texture":"#10"},"south":{"uv":[10.75,9.25,10.875,9.5],"texture":"#10"},"west":{"uv":[9.25,9.75,10.625,10],"texture":"#10"},"up":{"uv":[3.625,12.125,3.5,10.75],"texture":"#10"},"down":{"uv":[3.75,10.75,3.625,12.125],"texture":"#10"}}},{"from":[8.75,12,4],"to":[9.25,14,15],"rotation":{"angle":0,"axis":"y","origin":[9.05,15.0375,8.44375]},"faces":{"north":{"uv":[10.75,9.5,10.875,9.75],"texture":"#10"},"east":{"uv":[9.25,10,10.625,10.25],"texture":"#10"},"south":{"uv":[10.75,9.75,10.875,10],"texture":"#10"},"west":{"uv":[9.25,10.25,10.625,10.5],"texture":"#10"},"up":{"uv":[3.875,12.125,3.75,10.75],"texture":"#10"},"down":{"uv":[10.875,3.75,10.75,5.125],"texture":"#10"}}},{"from":[12.75,12,4],"to":[13.25,14,15],"rotation":{"angle":0,"axis":"y","origin":[9.05,15.0375,8.44375]},"faces":{"north":{"uv":[10.75,10,10.875,10.25],"texture":"#10"},"east":{"uv":[6.75,10.375,8.125,10.625],"texture":"#10"},"south":{"uv":[10.75,10.25,10.875,10.5],"texture":"#10"},"west":{"uv":[10.5,0,11.875,0.25],"texture":"#10"},"up":{"uv":[4,12.125,3.875,10.75],"texture":"#10"},"down":{"uv":[4.125,10.75,4,12.125],"texture":"#10"}}},{"name":"collection","from":[4,4,0],"to":[12,8,0.5],"rotation":{"angle":0,"axis":"y","origin":[9.05,15.0375,8.44375]},"faces":{"north":{"uv":[7.75,3,8.75,3.5],"texture":"#10"},"east":{"uv":[7.5,7.75,7.625,8.25],"texture":"#10"},"south":{"uv":[8.75,3,9.75,3.5],"texture":"#10"},"west":{"uv":[3.5,8,3.625,8.5],"texture":"#10"},"up":{"uv":[11.75,9.125,10.75,9],"texture":"#10"},"down":{"uv":[11.75,9.125,10.75,9.25],"texture":"#10"}}},{"name":"UI","from":[1,1,0.5],"to":[15,11,1.5],"rotation":{"angle":0,"axis":"y","origin":[9.05,15.0375,8.44375]},"faces":{"north":{"uv":[0,7.75,1.75,9],"texture":"#10"},"east":{"uv":[7.25,7.75,7.375,9],"texture":"#10"},"south":{"uv":[7.75,1.75,9.5,3],"texture":"#10"},"west":{"uv":[7.375,7.75,7.5,9],"texture":"#10"},"up":{"uv":[10.625,10.625,8.875,10.5],"texture":"#10"},"down":{"uv":[4.75,10.625,3,10.75],"texture":"#10"}}},{"name":"UI","from":[1,15,0.5],"to":[5,31,1.5],"rotation":{"angle":0,"axis":"y","origin":[9.05,15.0375,8.44375]},"faces":{"north":{"uv":[1.25,9,1.75,11],"texture":"#10"},"east":{"uv":[0.75,10.375,0.875,12.375],"texture":"#10"},"south":{"uv":[9.25,5.5,9.75,7.5],"texture":"#10"},"west":{"uv":[0.875,10.375,1,12.375],"texture":"#10"},"up":{"uv":[6,7.625,5.5,7.5],"texture":"#10"},"down":{"uv":[6,7.625,5.5,7.75],"texture":"#10"}}},{"name":"UI","from":[1,11,0.5],"to":[5,15,1.5],"rotation":{"angle":0,"axis":"y","origin":[9.05,15.0375,8.44375]},"faces":{"north":{"uv":[6.75,7.75,7.25,8.25],"texture":"#10"},"east":{"uv":[3.625,8,3.75,8.5],"texture":"#10"},"south":{"uv":[3,8,3.5,8.5],"texture":"#10"},"west":{"uv":[6.75,8.25,6.875,8.75],"texture":"#10"},"up":{"uv":[3.5,8.625,3,8.5],"texture":"#10"},"down":{"uv":[3.5,8.625,3,8.75],"texture":"#10"}}},{"name":"window","from":[10,15,1],"to":[15,31,1.5],"rotation":{"angle":0,"axis":"y","origin":[9.05,15.0375,8.44375]},"faces":{"north":{"uv":[3,0,8,16],"texture":"#4"}}},{"name":"window","from":[5,11,1],"to":[10,15,1.5],"rotation":{"angle":0,"axis":"y","origin":[9.05,15.0375,8.44375]},"faces":{"north":{"uv":[8,0,13,4],"texture":"#4"}}},{"name":"window","from":[10,11,1],"to":[15,15,1.5],"rotation":{"angle":0,"axis":"y","origin":[9.05,15.0375,8.44375]},"faces":{"north":{"uv":[3,0,8,4],"texture":"#4"}}},{"name":"window","from":[5,15,1],"to":[10,31,1.5],"rotation":{"angle":0,"axis":"y","origin":[9.05,15.0375,8.44375]},"faces":{"north":{"uv":[8,0,13,16],"texture":"#4"}}}],"display":{"thirdperson_righthand":{"scale":[0.25,0.25,0.25]},"thirdperson_lefthand":{"scale":[0.25,0.25,0.25]},"firstperson_righthand":{"scale":[0.25,0.25,0.25]},"firstperson_lefthand":{"scale":[0.25,0.25,0.25]},"ground":{"scale":[0.32,0.32,0.32]},"gui":{"rotation":[21,152,0],"translation":[0,-3,0],"scale":[0.41,0.41,0.41]},"head":{"translation":[0,-30.5,0],"scale":[1.6,1.6,1.6]},"fixed":{"translation":[0,-3,-0.25],"scale":[0.55,0.55,0.55]}},"groups":[{"name":"frame","origin":[0,0,0],"children":[0,1,2,3,4,5,6,7,8,9]},{"name":"rows","origin":[0,0,0],"children":[{"name":"bases","origin":[0,0,0],"children":[10,11,12,13,14]},{"name":"partitions","origin":[0,0,0],"children":[{"name":"1","origin":[0,0,0],"children":[15,16,17,18]},{"name":"2","origin":[0,0,0],"children":[19,20,21,22]},{"name":"3","origin":[0,0,0],"children":[23,24,25,26]},{"name":"4","origin":[0,0,0],"children":[27,28,29,30]},{"name":"5","origin":[0,0,0],"children":[31,32,33,34]}]}]},{"name":"front","origin":[9.05,15.0375,8.44375],"children":[35,36,37,38,{"name":"window","origin":[9.05,15.0375,8.44375],"children":[39,40,41,42]}]}]}