{"multipart":[{"when":{"down":false,"east":false,"north":false,"south":false,"up":false,"west":false},"apply":{"model":"block/original/mushroom_stem_survival_false"}},{"when":{"down":false,"east":true,"north":true,"south":true,"up":false,"west":true},"apply":{"model":"block/original/mushroom_stem_survival"}},{"when":{"down":true,"east":true,"north":true,"south":true,"up":true,"west":true},"apply":{"model":"block/original/mushroom_stem_survival_true"}},{"when":{"down":false,"east":false,"north":false,"south":false,"up":false,"west":true},"apply":{"model":"new_block/100"}},{"when":{"down":false,"east":false,"north":false,"south":false,"up":true,"west":false},"apply":{"model":"new_block/101"}},{"when":{"down":false,"east":false,"north":false,"south":false,"up":true,"west":true},"apply":{"model":"new_block/102"}},{"when":{"down":false,"east":false,"north":false,"south":true,"up":false,"west":false},"apply":{"model":"new_block/103"}},{"when":{"down":false,"east":false,"north":false,"south":true,"up":false,"west":true},"apply":{"model":"new_block/104"}},{"when":{"down":false,"east":false,"north":false,"south":true,"up":true,"west":false},"apply":{"model":"new_block/105"}},{"when":{"down":false,"east":false,"north":false,"south":true,"up":true,"west":true},"apply":{"model":"new_block/106"}},{"when":{"down":false,"east":false,"north":true,"south":false,"up":false,"west":false},"apply":{"model":"new_block/107"}},{"when":{"down":false,"east":false,"north":true,"south":false,"up":false,"west":true},"apply":{"model":"new_block/108"}},{"when":{"down":false,"east":false,"north":true,"south":false,"up":true,"west":false},"apply":{"model":"new_block/109"}},{"when":{"down":false,"east":false,"north":true,"south":false,"up":true,"west":true},"apply":{"model":"new_block/110"}},{"when":{"down":false,"east":false,"north":true,"south":true,"up":false,"west":false},"apply":{"model":"new_block/111"}},{"when":{"down":false,"east":false,"north":true,"south":true,"up":false,"west":true},"apply":{"model":"new_block/112"}},{"when":{"down":false,"east":false,"north":true,"south":true,"up":true,"west":false},"apply":{"model":"new_block/113"}},{"when":{"down":false,"east":false,"north":true,"south":true,"up":true,"west":true},"apply":{"model":"new_block/114"}},{"when":{"down":false,"east":true,"north":false,"south":false,"up":false,"west":false},"apply":{"model":"new_block/115"}},{"when":{"down":false,"east":true,"north":false,"south":false,"up":false,"west":true},"apply":{"model":"new_block/116"}},{"when":{"down":false,"east":true,"north":false,"south":false,"up":true,"west":false},"apply":{"model":"new_block/117"}},{"when":{"down":false,"east":true,"north":false,"south":false,"up":true,"west":true},"apply":{"model":"new_block/118"}},{"when":{"down":false,"east":true,"north":false,"south":true,"up":false,"west":false},"apply":{"model":"new_block/119"}},{"when":{"down":false,"east":true,"north":false,"south":true,"up":false,"west":true},"apply":{"model":"new_block/120"}},{"when":{"down":false,"east":true,"north":false,"south":true,"up":true,"west":false},"apply":{"model":"new_block/121"}},{"when":{"down":false,"east":true,"north":false,"south":true,"up":true,"west":true},"apply":{"model":"new_block/122"}},{"when":{"down":false,"east":true,"north":true,"south":false,"up":false,"west":false},"apply":{"model":"new_block/123"}},{"when":{"down":false,"east":true,"north":true,"south":false,"up":false,"west":true},"apply":{"model":"new_block/124"}},{"when":{"down":false,"east":true,"north":true,"south":false,"up":true,"west":false},"apply":{"model":"new_block/125"}},{"when":{"down":false,"east":true,"north":true,"south":false,"up":true,"west":true},"apply":{"model":"new_block/126"}},{"when":{"down":false,"east":true,"north":true,"south":true,"up":false,"west":false},"apply":{"model":"new_block/127"}},{"when":{"down":false,"east":true,"north":true,"south":true,"up":true,"west":false},"apply":{"model":"new_block/128"}},{"when":{"down":false,"east":true,"north":true,"south":true,"up":true,"west":true},"apply":{"model":"new_block/129"}},{"when":{"down":true,"east":false,"north":false,"south":false,"up":false,"west":false},"apply":{"model":"new_block/130"}},{"when":{"down":true,"east":false,"north":false,"south":false,"up":false,"west":true},"apply":{"model":"new_block/131"}},{"when":{"down":true,"east":false,"north":false,"south":false,"up":true,"west":false},"apply":{"model":"new_block/132"}},{"when":{"down":true,"east":false,"north":false,"south":false,"up":true,"west":true},"apply":{"model":"new_block/133"}},{"when":{"down":true,"east":false,"north":false,"south":true,"up":false,"west":false},"apply":{"model":"new_block/134"}},{"when":{"down":true,"east":false,"north":false,"south":true,"up":false,"west":true},"apply":{"model":"new_block/135"}},{"when":{"down":true,"east":false,"north":false,"south":true,"up":true,"west":false},"apply":{"model":"new_block/136"}},{"when":{"down":true,"east":false,"north":false,"south":true,"up":true,"west":true},"apply":{"model":"new_block/137"}},{"when":{"down":true,"east":false,"north":true,"south":false,"up":false,"west":false},"apply":{"model":"new_block/138"}},{"when":{"down":true,"east":false,"north":true,"south":false,"up":false,"west":true},"apply":{"model":"new_block/139"}},{"when":{"down":true,"east":false,"north":true,"south":false,"up":true,"west":false},"apply":{"model":"new_block/140"}},{"when":{"down":true,"east":false,"north":true,"south":false,"up":true,"west":true},"apply":{"model":"new_block/141"}},{"when":{"down":true,"east":false,"north":true,"south":true,"up":false,"west":false},"apply":{"model":"new_block/142"}},{"when":{"down":true,"east":false,"north":true,"south":true,"up":false,"west":true},"apply":{"model":"new_block/143"}},{"when":{"down":true,"east":false,"north":true,"south":true,"up":true,"west":false},"apply":{"model":"new_block/144"}},{"when":{"down":true,"east":false,"north":true,"south":true,"up":true,"west":true},"apply":{"model":"new_block/145"}},{"when":{"down":true,"east":true,"north":false,"south":false,"up":false,"west":false},"apply":{"model":"new_block/146"}},{"when":{"down":true,"east":true,"north":false,"south":false,"up":false,"west":true},"apply":{"model":"new_block/147"}},{"when":{"down":true,"east":true,"north":false,"south":false,"up":true,"west":false},"apply":{"model":"new_block/148"}},{"when":{"down":true,"east":true,"north":false,"south":false,"up":true,"west":true},"apply":{"model":"new_block/149"}},{"when":{"down":true,"east":true,"north":false,"south":true,"up":false,"west":false},"apply":{"model":"new_block/150"}},{"when":{"down":true,"east":true,"north":false,"south":true,"up":false,"west":true},"apply":{"model":"new_block/151"}},{"when":{"down":true,"east":true,"north":false,"south":true,"up":true,"west":false},"apply":{"model":"new_block/152"}},{"when":{"down":true,"east":true,"north":false,"south":true,"up":true,"west":true},"apply":{"model":"new_block/153"}},{"when":{"down":true,"east":true,"north":true,"south":false,"up":false,"west":false},"apply":{"model":"new_block/154"}},{"when":{"down":true,"east":true,"north":true,"south":false,"up":false,"west":true},"apply":{"model":"new_block/155"}},{"when":{"down":true,"east":true,"north":true,"south":false,"up":true,"west":false},"apply":{"model":"new_block/156"}},{"when":{"down":true,"east":true,"north":true,"south":false,"up":true,"west":true},"apply":{"model":"new_block/157"}},{"when":{"down":true,"east":true,"north":true,"south":true,"up":false,"west":false},"apply":{"model":"new_block/158"}},{"when":{"down":true,"east":true,"north":true,"south":true,"up":false,"west":true},"apply":{"model":"new_block/159"}},{"when":{"down":true,"east":true,"north":true,"south":true,"up":true,"west":false},"apply":{"model":"new_block/160"}}]}