{"credit":"Made with Blockbench","textures":{"texture":"3dfantasyweaponscit:item/nongfu/ruthlesswaraxe"},"elements":[{"name":"zRuthlesswaraxe x128","from":[5.125,8.5,7.9375],"to":[8.75,9.5,8.0625],"faces":{"north":{"uv":[8.75,6.5,5.125,7.5],"texture":"#texture"},"east":{"uv":[8.75,6.5,8.625,7.5],"texture":"#texture"},"south":{"uv":[5.125,6.5,8.75,7.5],"texture":"#texture"},"west":{"uv":[5.125,6.5,5.25,7.5],"texture":"#texture"},"up":{"uv":[5.125,6.625,8.75,6.5],"texture":"#texture"},"down":{"uv":[5.125,7.375,8.75,7.5],"texture":"#texture"}}},{"name":"zRuthlesswaraxe x128","from":[5.25,9.875,7.9375],"to":[6,10.125,8.0625],"faces":{"north":{"uv":[6,5.875,5.25,6.125],"texture":"#texture"},"east":{"uv":[6,5.875,5.875,6.125],"texture":"#texture"},"south":{"uv":[5.25,5.875,6,6.125],"texture":"#texture"},"west":{"uv":[5.25,5.875,5.375,6.125],"texture":"#texture"},"up":{"uv":[5.25,6,6,5.875],"texture":"#texture"},"down":{"uv":[5.25,6,6,6.125],"texture":"#texture"}}},{"name":"zRuthlesswaraxe x128","from":[5.25,9.5,7.9375],"to":[8.625,9.75,8.0625],"faces":{"north":{"uv":[8.625,6.25,5.25,6.5],"texture":"#texture"},"east":{"uv":[8.625,6.25,8.5,6.5],"texture":"#texture"},"south":{"uv":[5.25,6.25,8.625,6.5],"texture":"#texture"},"west":{"uv":[5.25,6.25,5.375,6.5],"texture":"#texture"},"up":{"uv":[5.25,6.375,8.625,6.25],"texture":"#texture"}}},{"name":"zRuthlesswaraxe x128","from":[5.25,8,7.9375],"to":[8.625,8.5,8.0625],"faces":{"north":{"uv":[8.625,7.5,5.25,8],"texture":"#texture"},"east":{"uv":[8.625,7.5,8.5,8],"texture":"#texture"},"south":{"uv":[5.25,7.5,8.625,8],"texture":"#texture"},"west":{"uv":[5.25,7.5,5.375,8],"texture":"#texture"},"down":{"uv":[5.25,7.875,8.625,8],"texture":"#texture"}}},{"name":"zRuthlesswaraxe x128","from":[5.375,10.125,7.9375],"to":[6,10.25,8.0625],"faces":{"north":{"uv":[6,5.75,5.375,5.875],"texture":"#texture"},"east":{"uv":[6,5.75,5.875,5.875],"texture":"#texture"},"south":{"uv":[5.375,5.75,6,5.875],"texture":"#texture"},"west":{"uv":[5.375,5.75,5.5,5.875],"texture":"#texture"},"up":{"uv":[5.375,5.875,6,5.75],"texture":"#texture"}}},{"name":"zRuthlesswaraxe x128","from":[5.375,7.875,7.9375],"to":[5.625,8,8.0625],"faces":{"north":{"uv":[5.625,8,5.375,8.125],"texture":"#texture"},"east":{"uv":[5.625,8,5.5,8.125],"texture":"#texture"},"south":{"uv":[5.375,8,5.625,8.125],"texture":"#texture"},"west":{"uv":[5.375,8,5.5,8.125],"texture":"#texture"},"down":{"uv":[5.375,8,5.625,8.125],"texture":"#texture"}}},{"name":"zRuthlesswaraxe x128","from":[5.5,10.25,7.9375],"to":[5.875,10.5,8.0625],"faces":{"north":{"uv":[5.875,5.5,5.5,5.75],"texture":"#texture"},"east":{"uv":[5.875,5.5,5.75,5.75],"texture":"#texture"},"south":{"uv":[5.5,5.5,5.875,5.75],"texture":"#texture"},"west":{"uv":[5.5,5.5,5.625,5.75],"texture":"#texture"},"up":{"uv":[5.5,5.625,5.875,5.5],"texture":"#texture"}}},{"name":"zRuthlesswaraxe x128","from":[5.5,9.75,7.9375],"to":[6.25,9.875,8.0625],"faces":{"north":{"uv":[6.25,6.125,5.5,6.25],"texture":"#texture"},"east":{"uv":[6.25,6.125,6.125,6.25],"texture":"#texture"},"south":{"uv":[5.5,6.125,6.25,6.25],"texture":"#texture"},"west":{"uv":[5.5,6.125,5.625,6.25],"texture":"#texture"},"up":{"uv":[5.5,6.25,6.25,6.125],"texture":"#texture"}}},{"name":"zRuthlesswaraxe x128","from":[5.625,10.5,7.9375],"to":[5.875,10.625,8.0625],"faces":{"north":{"uv":[5.875,5.375,5.625,5.5],"texture":"#texture"},"east":{"uv":[5.875,5.375,5.75,5.5],"texture":"#texture"},"south":{"uv":[5.625,5.375,5.875,5.5],"texture":"#texture"},"west":{"uv":[5.625,5.375,5.75,5.5],"texture":"#texture"},"up":{"uv":[5.625,5.5,5.875,5.375],"texture":"#texture"}}},{"name":"zRuthlesswaraxe x128","from":[5.625,7.375,7.9375],"to":[6.25,7.625,8.0625],"faces":{"north":{"uv":[6.25,8.375,5.625,8.625],"texture":"#texture"},"east":{"uv":[6.25,8.375,6.125,8.625],"texture":"#texture"},"south":{"uv":[5.625,8.375,6.25,8.625],"texture":"#texture"},"west":{"uv":[5.625,8.375,5.75,8.625],"texture":"#texture"},"up":{"uv":[5.625,8.5,6.25,8.375],"texture":"#texture"},"down":{"uv":[5.625,8.5,6.25,8.625],"texture":"#texture"}}},{"name":"zRuthlesswaraxe x128","from":[5.75,10.625,7.9375],"to":[5.875,10.75,8.0625],"faces":{"north":{"uv":[5.875,5.25,5.75,5.375],"texture":"#texture"},"east":{"uv":[5.875,5.25,5.75,5.375],"texture":"#texture"},"south":{"uv":[5.75,5.25,5.875,5.375],"texture":"#texture"},"west":{"uv":[5.75,5.25,5.875,5.375],"texture":"#texture"},"up":{"uv":[5.75,5.375,5.875,5.25],"texture":"#texture"}}},{"name":"zRuthlesswaraxe x128","from":[5.75,7.625,7.9375],"to":[6.625,7.75,8.0625],"faces":{"north":{"uv":[6.625,8.25,5.75,8.375],"texture":"#texture"},"east":{"uv":[6.625,8.25,6.5,8.375],"texture":"#texture"},"south":{"uv":[5.75,8.25,6.625,8.375],"texture":"#texture"},"west":{"uv":[5.75,8.25,5.875,8.375],"texture":"#texture"},"up":{"uv":[5.75,8.375,6.625,8.25],"texture":"#texture"},"down":{"uv":[5.75,8.25,6.625,8.375],"texture":"#texture"}}},{"name":"zRuthlesswaraxe x128","from":[5.75,7.125,7.9375],"to":[6.125,7.375,8.0625],"faces":{"north":{"uv":[6.125,8.625,5.75,8.875],"texture":"#texture"},"east":{"uv":[6.125,8.625,6,8.875],"texture":"#texture"},"south":{"uv":[5.75,8.625,6.125,8.875],"texture":"#texture"},"west":{"uv":[5.75,8.625,5.875,8.875],"texture":"#texture"},"down":{"uv":[5.75,8.75,6.125,8.875],"texture":"#texture"}}},{"name":"zRuthlesswaraxe x128","from":[5.875,7.75,7.9375],"to":[6.875,8,8.0625],"faces":{"north":{"uv":[6.875,8,5.875,8.25],"texture":"#texture"},"east":{"uv":[6.875,8,6.75,8.25],"texture":"#texture"},"south":{"uv":[5.875,8,6.875,8.25],"texture":"#texture"},"west":{"uv":[5.875,8,6,8.25],"texture":"#texture"},"down":{"uv":[5.875,8.125,6.875,8.25],"texture":"#texture"}}},{"name":"zRuthlesswaraxe x128","from":[5.875,7,7.9375],"to":[6,7.125,8.0625],"faces":{"north":{"uv":[6,8.875,5.875,9],"texture":"#texture"},"east":{"uv":[6,8.875,5.875,9],"texture":"#texture"},"south":{"uv":[5.875,8.875,6,9],"texture":"#texture"},"west":{"uv":[5.875,8.875,6,9],"texture":"#texture"},"down":{"uv":[5.875,8.875,6,9],"texture":"#texture"}}},{"name":"zRuthlesswaraxe x128","from":[6,9.875,7.9375],"to":[6.125,10,8.0625],"faces":{"north":{"uv":[6.125,6,6,6.125],"texture":"#texture"},"east":{"uv":[6.125,6,6,6.125],"texture":"#texture"},"south":{"uv":[6,6,6.125,6.125],"texture":"#texture"},"up":{"uv":[6,6.125,6.125,6],"texture":"#texture"}}},{"name":"zRuthlesswaraxe x128","from":[6.25,7.5,7.9375],"to":[6.375,7.625,8.0625],"faces":{"north":{"uv":[6.375,8.375,6.25,8.5],"texture":"#texture"},"east":{"uv":[6.375,8.375,6.25,8.5],"texture":"#texture"},"south":{"uv":[6.25,8.375,6.375,8.5],"texture":"#texture"},"down":{"uv":[6.25,8.375,6.375,8.5],"texture":"#texture"}}},{"name":"zRuthlesswaraxe x128","from":[6.875,7.875,7.9375],"to":[8.75,8,8.0625],"faces":{"north":{"uv":[8.75,8,6.875,8.125],"texture":"#texture"},"east":{"uv":[8.75,8,8.625,8.125],"texture":"#texture"},"south":{"uv":[6.875,8,8.75,8.125],"texture":"#texture"},"up":{"uv":[6.875,8.125,8.75,8],"texture":"#texture"},"down":{"uv":[6.875,8,8.75,8.125],"texture":"#texture"}}},{"name":"zRuthlesswaraxe x128","from":[7.125,9.75,7.9375],"to":[8.5,9.875,8.0625],"faces":{"north":{"uv":[8.5,6.125,7.125,6.25],"texture":"#texture"},"east":{"uv":[8.5,6.125,8.375,6.25],"texture":"#texture"},"south":{"uv":[7.125,6.125,8.5,6.25],"texture":"#texture"},"west":{"uv":[7.125,6.125,7.25,6.25],"texture":"#texture"},"up":{"uv":[7.125,6.25,8.5,6.125],"texture":"#texture"}}},{"name":"zRuthlesswaraxe x128","from":[7.25,9.875,7.9375],"to":[7.625,10,8.0625],"faces":{"north":{"uv":[7.625,6,7.25,6.125],"texture":"#texture"},"east":{"uv":[7.625,6,7.5,6.125],"texture":"#texture"},"south":{"uv":[7.25,6,7.625,6.125],"texture":"#texture"},"west":{"uv":[7.25,6,7.375,6.125],"texture":"#texture"},"up":{"uv":[7.25,6.125,7.625,6],"texture":"#texture"}}},{"name":"zRuthlesswaraxe x128","from":[7.25,7.5,7.9375],"to":[8.875,7.875,8.0625],"faces":{"north":{"uv":[8.875,8.125,7.25,8.5],"texture":"#texture"},"east":{"uv":[8.875,8.125,8.75,8.5],"texture":"#texture"},"south":{"uv":[7.25,8.125,8.875,8.5],"texture":"#texture"},"west":{"uv":[7.25,8.125,7.375,8.5],"texture":"#texture"},"up":{"uv":[7.25,8.25,8.875,8.125],"texture":"#texture"},"down":{"uv":[7.25,8.375,8.875,8.5],"texture":"#texture"}}},{"name":"zRuthlesswaraxe x128","from":[7.375,7.375,7.9375],"to":[9.375,7.5,8.0625],"faces":{"north":{"uv":[9.375,8.5,7.375,8.625],"texture":"#texture"},"east":{"uv":[9.375,8.5,9.25,8.625],"texture":"#texture"},"south":{"uv":[7.375,8.5,9.375,8.625],"texture":"#texture"},"west":{"uv":[7.375,8.5,7.5,8.625],"texture":"#texture"},"up":{"uv":[7.375,8.625,9.375,8.5],"texture":"#texture"},"down":{"uv":[7.375,8.5,9.375,8.625],"texture":"#texture"}}},{"name":"zRuthlesswaraxe x128","from":[7.75,7.25,7.9375],"to":[8.25,7.375,8.0625],"faces":{"north":{"uv":[8.25,8.625,7.75,8.75],"texture":"#texture"},"east":{"uv":[8.25,8.625,8.125,8.75],"texture":"#texture"},"south":{"uv":[7.75,8.625,8.25,8.75],"texture":"#texture"},"west":{"uv":[7.75,8.625,7.875,8.75],"texture":"#texture"}}},{"name":"zRuthlesswaraxe x128","from":[7.875,9.875,7.9375],"to":[8.5,10,8.0625],"faces":{"north":{"uv":[8.5,6,7.875,6.125],"texture":"#texture"},"east":{"uv":[8.5,6,8.375,6.125],"texture":"#texture"},"south":{"uv":[7.875,6,8.5,6.125],"texture":"#texture"},"west":{"uv":[7.875,6,8,6.125],"texture":"#texture"},"up":{"uv":[7.875,6.125,8.5,6],"texture":"#texture"}}},{"name":"zRuthlesswaraxe x128","from":[7.875,0.25,7.875],"to":[8.125,0.375,8.125],"faces":{"north":{"uv":[8.125,15.625,7.875,15.75],"texture":"#texture"},"east":{"uv":[8.125,15.625,8,15.75],"texture":"#texture"},"south":{"uv":[7.875,15.625,8.125,15.75],"texture":"#texture"},"west":{"uv":[7.875,15.625,8,15.75],"texture":"#texture"},"down":{"uv":[7.875,15.625,8.125,15.75],"texture":"#texture"}}},{"name":"zRuthlesswaraxe x128","from":[8.125,10,7.9375],"to":[8.375,10.125,8.0625],"faces":{"north":{"uv":[8.375,5.875,8.125,6],"texture":"#texture"},"east":{"uv":[8.375,5.875,8.25,6],"texture":"#texture"},"south":{"uv":[8.125,5.875,8.375,6],"texture":"#texture"},"west":{"uv":[8.125,5.875,8.25,6],"texture":"#texture"},"up":{"uv":[8.125,6,8.375,5.875],"texture":"#texture"}}},{"name":"zRuthlesswaraxe x128","from":[8.5,7.25,7.9375],"to":[9.375,7.375,8.0625],"faces":{"north":{"uv":[9.375,8.625,8.5,8.75],"texture":"#texture"},"east":{"uv":[9.375,8.625,9.25,8.75],"texture":"#texture"},"south":{"uv":[8.5,8.625,9.375,8.75],"texture":"#texture"},"west":{"uv":[8.5,8.625,8.625,8.75],"texture":"#texture"},"down":{"uv":[8.5,8.625,9.375,8.75],"texture":"#texture"}}},{"name":"zRuthlesswaraxe x128","from":[8.625,9.5,7.9375],"to":[8.75,9.625,8.0625],"faces":{"north":{"uv":[8.75,6.375,8.625,6.5],"texture":"#texture"},"east":{"uv":[8.75,6.375,8.625,6.5],"texture":"#texture"},"south":{"uv":[8.625,6.375,8.75,6.5],"texture":"#texture"},"up":{"uv":[8.625,6.5,8.75,6.375],"texture":"#texture"}}},{"name":"zRuthlesswaraxe x128","from":[8.625,8.125,7.9375],"to":[8.75,8.5,8.0625],"faces":{"north":{"uv":[8.75,7.5,8.625,7.875],"texture":"#texture"},"east":{"uv":[8.75,7.5,8.625,7.875],"texture":"#texture"},"south":{"uv":[8.625,7.5,8.75,7.875],"texture":"#texture"},"down":{"uv":[8.625,7.75,8.75,7.875],"texture":"#texture"}}},{"name":"zRuthlesswaraxe x128","from":[8.75,8.75,7.9375],"to":[9,9.5,8.0625],"faces":{"north":{"uv":[9,6.5,8.75,7.25],"texture":"#texture"},"east":{"uv":[9,6.5,8.875,7.25],"texture":"#texture"},"south":{"uv":[8.75,6.5,9,7.25],"texture":"#texture"},"up":{"uv":[8.75,6.625,9,6.5],"texture":"#texture"},"down":{"uv":[8.75,7.125,9,7.25],"texture":"#texture"}}},{"name":"zRuthlesswaraxe x128","from":[8.75,8.25,7.9375],"to":[8.875,8.5,8.0625],"faces":{"north":{"uv":[8.875,7.5,8.75,7.75],"texture":"#texture"},"east":{"uv":[8.875,7.5,8.75,7.75],"texture":"#texture"},"south":{"uv":[8.75,7.5,8.875,7.75],"texture":"#texture"},"up":{"uv":[8.75,7.625,8.875,7.5],"texture":"#texture"},"down":{"uv":[8.75,7.625,8.875,7.75],"texture":"#texture"}}},{"name":"zRuthlesswaraxe x128","from":[8.75,7.125,7.9375],"to":[9.375,7.25,8.0625],"faces":{"north":{"uv":[9.375,8.75,8.75,8.875],"texture":"#texture"},"east":{"uv":[9.375,8.75,9.25,8.875],"texture":"#texture"},"south":{"uv":[8.75,8.75,9.375,8.875],"texture":"#texture"},"west":{"uv":[8.75,8.75,8.875,8.875],"texture":"#texture"},"down":{"uv":[8.75,8.75,9.375,8.875],"texture":"#texture"}}},{"name":"zRuthlesswaraxe x128","from":[8.875,7.5,7.9375],"to":[9,7.75,8.0625],"faces":{"north":{"uv":[9,8.25,8.875,8.5],"texture":"#texture"},"east":{"uv":[9,8.25,8.875,8.5],"texture":"#texture"},"south":{"uv":[8.875,8.25,9,8.5],"texture":"#texture"},"up":{"uv":[8.875,8.375,9,8.25],"texture":"#texture"}}},{"name":"zRuthlesswaraxe x128","from":[8.875,6.875,7.9375],"to":[9.375,7.125,8.0625],"faces":{"north":{"uv":[9.375,8.875,8.875,9.125],"texture":"#texture"},"east":{"uv":[9.375,8.875,9.25,9.125],"texture":"#texture"},"south":{"uv":[8.875,8.875,9.375,9.125],"texture":"#texture"},"west":{"uv":[8.875,8.875,9,9.125],"texture":"#texture"},"down":{"uv":[8.875,9,9.375,9.125],"texture":"#texture"}}},{"name":"zRuthlesswaraxe x128","from":[8.875,5.875,7.9375],"to":[9,6.125,8.0625],"faces":{"north":{"uv":[9,9.875,8.875,10.125],"texture":"#texture"},"east":{"uv":[9,9.875,8.875,10.125],"texture":"#texture"},"south":{"uv":[8.875,9.875,9,10.125],"texture":"#texture"},"west":{"uv":[8.875,9.875,9,10.125],"texture":"#texture"},"up":{"uv":[8.875,10,9,9.875],"texture":"#texture"},"down":{"uv":[8.875,10,9,10.125],"texture":"#texture"}}},{"name":"zRuthlesswaraxe x128","from":[9,8.75,7.9375],"to":[9.25,9.375,8.0625],"faces":{"north":{"uv":[9.25,6.625,9,7.25],"texture":"#texture"},"east":{"uv":[9.25,6.625,9.125,7.25],"texture":"#texture"},"south":{"uv":[9,6.625,9.25,7.25],"texture":"#texture"},"up":{"uv":[9,6.75,9.25,6.625],"texture":"#texture"},"down":{"uv":[9,7.125,9.25,7.25],"texture":"#texture"}}},{"name":"zRuthlesswaraxe x128","from":[9,7.5,7.9375],"to":[9.125,7.625,8.0625],"faces":{"north":{"uv":[9.125,8.375,9,8.5],"texture":"#texture"},"east":{"uv":[9.125,8.375,9,8.5],"texture":"#texture"},"south":{"uv":[9,8.375,9.125,8.5],"texture":"#texture"},"up":{"uv":[9,8.5,9.125,8.375],"texture":"#texture"}}},{"name":"zRuthlesswaraxe x128","from":[9,6,7.9375],"to":[9.25,6.875,8.0625],"faces":{"north":{"uv":[9.25,9.125,9,10],"texture":"#texture"},"east":{"uv":[9.25,9.125,9.125,10],"texture":"#texture"},"south":{"uv":[9,9.125,9.25,10],"texture":"#texture"},"west":{"uv":[9,9.125,9.125,10],"texture":"#texture"},"down":{"uv":[9,9.875,9.25,10],"texture":"#texture"}}},{"name":"zRuthlesswaraxe x128","from":[9.25,8.75,7.9375],"to":[9.5,9.25,8.0625],"faces":{"north":{"uv":[9.5,6.75,9.25,7.25],"texture":"#texture"},"east":{"uv":[9.5,6.75,9.375,7.25],"texture":"#texture"},"south":{"uv":[9.25,6.75,9.5,7.25],"texture":"#texture"},"up":{"uv":[9.25,6.875,9.5,6.75],"texture":"#texture"},"down":{"uv":[9.25,7.125,9.5,7.25],"texture":"#texture"}}},{"name":"zRuthlesswaraxe x128","from":[9.25,6.125,7.9375],"to":[9.375,6.875,8.0625],"faces":{"north":{"uv":[9.375,9.125,9.25,9.875],"texture":"#texture"},"east":{"uv":[9.375,9.125,9.25,9.875],"texture":"#texture"},"south":{"uv":[9.25,9.125,9.375,9.875],"texture":"#texture"},"down":{"uv":[9.25,9.75,9.375,9.875],"texture":"#texture"}}},{"name":"zRuthlesswaraxe x128","from":[9.375,6.375,7.9375],"to":[9.5,7,8.0625],"faces":{"north":{"uv":[9.5,9,9.375,9.625],"texture":"#texture"},"east":{"uv":[9.5,9,9.375,9.625],"texture":"#texture"},"south":{"uv":[9.375,9,9.5,9.625],"texture":"#texture"},"west":{"uv":[9.375,9,9.5,9.625],"texture":"#texture"},"up":{"uv":[9.375,9.125,9.5,9],"texture":"#texture"},"down":{"uv":[9.375,9.5,9.5,9.625],"texture":"#texture"}}},{"name":"zRuthlesswaraxe x128","from":[9.5,8.875,7.9375],"to":[9.75,9.25,8.0625],"faces":{"north":{"uv":[9.75,6.75,9.5,7.125],"texture":"#texture"},"east":{"uv":[9.75,6.75,9.625,7.125],"texture":"#texture"},"south":{"uv":[9.5,6.75,9.75,7.125],"texture":"#texture"},"up":{"uv":[9.5,6.875,9.75,6.75],"texture":"#texture"},"down":{"uv":[9.5,7,9.75,7.125],"texture":"#texture"}}},{"name":"zRuthlesswaraxe x128","from":[9.75,8.875,7.9375],"to":[9.875,9.125,8.0625],"faces":{"north":{"uv":[9.875,6.875,9.75,7.125],"texture":"#texture"},"east":{"uv":[9.875,6.875,9.75,7.125],"texture":"#texture"},"south":{"uv":[9.75,6.875,9.875,7.125],"texture":"#texture"},"up":{"uv":[9.75,7,9.875,6.875],"texture":"#texture"},"down":{"uv":[9.75,7,9.875,7.125],"texture":"#texture"}}},{"name":"zRuthlesswaraxe x128","from":[9.875,9,7.9375],"to":[10.125,9.125,8.0625],"faces":{"north":{"uv":[10.125,6.875,9.875,7],"texture":"#texture"},"east":{"uv":[10.125,6.875,10,7],"texture":"#texture"},"south":{"uv":[9.875,6.875,10.125,7],"texture":"#texture"},"up":{"uv":[9.875,7,10.125,6.875],"texture":"#texture"},"down":{"uv":[9.875,6.875,10.125,7],"texture":"#texture"}}},{"name":"Element","from":[7.75,4.5,7.875],"to":[8.25,7.25,8.125],"faces":{"north":{"uv":[8.25,8.75,7.75,11.5],"texture":"#texture"},"east":{"uv":[8.25,8.75,8.125,11.5],"texture":"#texture"},"south":{"uv":[7.75,8.75,8.25,11.5],"texture":"#texture"},"west":{"uv":[7.75,8.75,7.875,11.5],"texture":"#texture"}}},{"name":"Element","from":[7.875,0.75,7.75],"to":[8.125,4.5,8.25],"faces":{"north":{"uv":[8.125,11.5,7.875,15.25],"texture":"#texture"},"east":{"uv":[8.125,11.5,8,15.25],"texture":"#texture"},"south":{"uv":[7.875,11.5,8.125,15.25],"texture":"#texture"},"west":{"uv":[7.875,11.5,8,15.25],"texture":"#texture"},"up":{"uv":[7.875,11.625,8.125,11.5],"texture":"#texture"},"down":{"uv":[7.875,15.125,8.125,15.25],"texture":"#texture"}}},{"name":"Element","from":[6.25,9.625,7.875],"to":[6.375,9.75,8.125],"faces":{"north":{"uv":[6.375,6.25,6.25,6.375],"texture":"#texture"},"south":{"uv":[6.25,6.25,6.375,6.375],"texture":"#texture"},"west":{"uv":[6.25,6.25,6.375,6.375],"texture":"#texture"},"up":{"uv":[6.25,6.375,6.375,6.25],"texture":"#texture"}}},{"name":"Element","from":[6,9.75,7.875],"to":[6.25,9.875,8.125],"faces":{"north":{"uv":[6.25,6.125,6,6.25],"texture":"#texture"},"east":{"uv":[6.25,6.125,6.125,6.25],"texture":"#texture"},"south":{"uv":[6,6.125,6.25,6.25],"texture":"#texture"},"west":{"uv":[6,6.125,6.125,6.25],"texture":"#texture"},"up":{"uv":[6,6.25,6.25,6.125],"texture":"#texture"},"down":{"uv":[6,6.125,6.25,6.25],"texture":"#texture"}}},{"name":"Element","from":[6,9.875,7.875],"to":[6.125,10,8.125],"faces":{"north":{"uv":[6.125,6,6,6.125],"texture":"#texture"},"east":{"uv":[6.125,6,6,6.125],"texture":"#texture"},"south":{"uv":[6,6,6.125,6.125],"texture":"#texture"},"west":{"uv":[6,6,6.125,6.125],"texture":"#texture"},"up":{"uv":[6,6.125,6.125,6],"texture":"#texture"}}},{"name":"Element","from":[6.25,9.375,7.875],"to":[6.5,9.625,8.125],"faces":{"north":{"uv":[6.5,6.375,6.25,6.625],"texture":"#texture"},"east":{"uv":[6.5,6.375,6.375,6.625],"texture":"#texture"},"south":{"uv":[6.25,6.375,6.5,6.625],"texture":"#texture"},"west":{"uv":[6.25,6.375,6.375,6.625],"texture":"#texture"},"up":{"uv":[6.25,6.5,6.5,6.375],"texture":"#texture"}}},{"name":"Element","from":[6.5,9.375,7.875],"to":[6.625,9.5,8.125],"faces":{"north":{"uv":[6.625,6.5,6.5,6.625],"texture":"#texture"},"south":{"uv":[6.5,6.5,6.625,6.625],"texture":"#texture"}}},{"name":"Element","from":[6,9.5,7.875],"to":[6.125,9.625,8.125],"faces":{"north":{"uv":[6.125,6.375,6,6.5],"texture":"#texture"},"east":{"uv":[6.125,6.375,6,6.5],"texture":"#texture"},"south":{"uv":[6,6.375,6.125,6.5],"texture":"#texture"},"west":{"uv":[6,6.375,6.125,6.5],"texture":"#texture"},"up":{"uv":[6,6.5,6.125,6.375],"texture":"#texture"},"down":{"uv":[6,6.375,6.125,6.5],"texture":"#texture"}}},{"name":"Element","from":[6,9.25,7.875],"to":[6.5,9.375,8.125],"faces":{"north":{"uv":[6.5,6.625,6,6.75],"texture":"#texture"},"south":{"uv":[6,6.625,6.5,6.75],"texture":"#texture"},"west":{"uv":[6,6.625,6.125,6.75],"texture":"#texture"},"up":{"uv":[6,6.75,6.5,6.625],"texture":"#texture"},"down":{"uv":[6,6.625,6.5,6.75],"texture":"#texture"}}},{"name":"Element","from":[6.125,9.125,7.875],"to":[6.625,9.25,8.125],"faces":{"north":{"uv":[6.625,6.75,6.125,6.875],"texture":"#texture"},"south":{"uv":[6.125,6.75,6.625,6.875],"texture":"#texture"},"west":{"uv":[6.125,6.75,6.25,6.875],"texture":"#texture"},"up":{"uv":[6.125,6.875,6.625,6.75],"texture":"#texture"}}},{"name":"Element","from":[5.875,9.125,7.875],"to":[6,9.25,8.125],"faces":{"north":{"uv":[6,6.75,5.875,6.875],"texture":"#texture"},"east":{"uv":[6,6.75,5.875,6.875],"texture":"#texture"},"south":{"uv":[5.875,6.75,6,6.875],"texture":"#texture"},"west":{"uv":[5.875,6.75,6,6.875],"texture":"#texture"},"up":{"uv":[5.875,6.875,6,6.75],"texture":"#texture"}}},{"name":"Element","from":[5.875,9,7.875],"to":[6.75,9.125,8.125],"faces":{"north":{"uv":[6.75,6.875,5.875,7],"texture":"#texture"},"south":{"uv":[5.875,6.875,6.75,7],"texture":"#texture"},"west":{"uv":[5.875,6.875,6,7],"texture":"#texture"},"up":{"uv":[5.875,7,6.75,6.875],"texture":"#texture"},"down":{"uv":[5.875,6.875,6.75,7],"texture":"#texture"}}},{"name":"Element","from":[6,8.875,7.875],"to":[6.875,9,8.125],"faces":{"north":{"uv":[6.875,7,6,7.125],"texture":"#texture"},"south":{"uv":[6,7,6.875,7.125],"texture":"#texture"},"west":{"uv":[6,7,6.125,7.125],"texture":"#texture"},"up":{"uv":[6,7.125,6.875,7],"texture":"#texture"},"down":{"uv":[6,7,6.875,7.125],"texture":"#texture"}}},{"name":"Element","from":[6.125,8.625,7.875],"to":[6.5,8.875,8.125],"faces":{"north":{"uv":[6.5,7.125,6.125,7.375],"texture":"#texture"},"east":{"uv":[6.5,7.125,6.375,7.375],"texture":"#texture"},"south":{"uv":[6.125,7.125,6.5,7.375],"texture":"#texture"},"west":{"uv":[6.125,7.125,6.25,7.375],"texture":"#texture"},"down":{"uv":[6.125,7.25,6.5,7.375],"texture":"#texture"}}},{"name":"Element","from":[6.25,8.5,7.875],"to":[6.625,8.75,8.125],"faces":{"north":{"uv":[6.625,7.25,6.25,7.5],"texture":"#texture"},"south":{"uv":[6.25,7.25,6.625,7.5],"texture":"#texture"},"west":{"uv":[6.25,7.25,6.375,7.5],"texture":"#texture"},"up":{"uv":[6.25,7.375,6.625,7.25],"texture":"#texture"},"down":{"uv":[6.25,7.375,6.625,7.5],"texture":"#texture"}}},{"name":"Element","from":[6,8.5,7.875],"to":[6.125,8.625,8.125],"faces":{"north":{"uv":[6.125,7.375,6,7.5],"texture":"#texture"},"east":{"uv":[6.125,7.375,6,7.5],"texture":"#texture"},"south":{"uv":[6,7.375,6.125,7.5],"texture":"#texture"},"west":{"uv":[6,7.375,6.125,7.5],"texture":"#texture"},"up":{"uv":[6,7.5,6.125,7.375],"texture":"#texture"},"down":{"uv":[6,7.375,6.125,7.5],"texture":"#texture"}}},{"name":"Element","from":[6.125,8.125,7.875],"to":[6.5,8.5,8.125],"faces":{"north":{"uv":[6.5,7.5,6.125,7.875],"texture":"#texture"},"east":{"uv":[6.5,7.5,6.375,7.875],"texture":"#texture"},"south":{"uv":[6.125,7.5,6.5,7.875],"texture":"#texture"},"west":{"uv":[6.125,7.5,6.25,7.875],"texture":"#texture"},"up":{"uv":[6.125,7.625,6.5,7.5],"texture":"#texture"},"down":{"uv":[6.125,7.75,6.5,7.875],"texture":"#texture"}}},{"name":"Element","from":[6,8.125,7.875],"to":[6.125,8.25,8.125],"faces":{"north":{"uv":[6.125,7.75,6,7.875],"texture":"#texture"},"south":{"uv":[6,7.75,6.125,7.875],"texture":"#texture"},"west":{"uv":[6,7.75,6.125,7.875],"texture":"#texture"},"up":{"uv":[6,7.875,6.125,7.75],"texture":"#texture"},"down":{"uv":[6,7.75,6.125,7.875],"texture":"#texture"}}},{"name":"Element","from":[6.25,8,7.875],"to":[6.75,8.125,8.125],"faces":{"north":{"uv":[6.75,7.875,6.25,8],"texture":"#texture"},"south":{"uv":[6.25,7.875,6.75,8],"texture":"#texture"},"west":{"uv":[6.25,7.875,6.375,8],"texture":"#texture"},"up":{"uv":[6.25,8,6.75,7.875],"texture":"#texture"},"down":{"uv":[6.25,7.875,6.75,8],"texture":"#texture"}}},{"name":"Element","from":[6.5,8.125,7.875],"to":[6.75,8.25,8.125],"faces":{"north":{"uv":[6.75,7.75,6.5,7.875],"texture":"#texture"},"south":{"uv":[6.5,7.75,6.75,7.875],"texture":"#texture"},"up":{"uv":[6.5,7.875,6.75,7.75],"texture":"#texture"}}},{"name":"Element","from":[6.5,8.25,7.875],"to":[6.625,8.375,8.125],"faces":{"north":{"uv":[6.625,7.625,6.5,7.75],"texture":"#texture"},"south":{"uv":[6.5,7.625,6.625,7.75],"texture":"#texture"}}},{"name":"Element","from":[6.125,7.875,7.875],"to":[6.625,8,8.125],"faces":{"north":{"uv":[6.625,8,6.125,8.125],"texture":"#texture"},"south":{"uv":[6.125,8,6.625,8.125],"texture":"#texture"},"west":{"uv":[6.125,8,6.25,8.125],"texture":"#texture"},"up":{"uv":[6.125,8.125,6.625,8],"texture":"#texture"},"down":{"uv":[6.125,8,6.625,8.125],"texture":"#texture"}}},{"name":"Element","from":[6,7.75,7.875],"to":[6.125,7.875,8.125],"faces":{"north":{"uv":[6.125,8.125,6,8.25],"texture":"#texture"},"east":{"uv":[6.125,8.125,6,8.25],"texture":"#texture"},"south":{"uv":[6,8.125,6.125,8.25],"texture":"#texture"},"west":{"uv":[6,8.125,6.125,8.25],"texture":"#texture"},"up":{"uv":[6,8.25,6.125,8.125],"texture":"#texture"},"down":{"uv":[6,8.125,6.125,8.25],"texture":"#texture"}}},{"name":"Element","from":[6.375,7.75,7.875],"to":[6.5,7.875,8.125],"faces":{"north":{"uv":[6.5,8.125,6.375,8.25],"texture":"#texture"},"south":{"uv":[6.375,8.125,6.5,8.25],"texture":"#texture"},"west":{"uv":[6.375,8.125,6.5,8.25],"texture":"#texture"}}},{"name":"Element","from":[6.25,7.5,7.875],"to":[6.375,7.75,8.125],"faces":{"north":{"uv":[6.375,8.25,6.25,8.5],"texture":"#texture"},"east":{"uv":[6.375,8.25,6.25,8.5],"texture":"#texture"},"south":{"uv":[6.25,8.25,6.375,8.5],"texture":"#texture"},"west":{"uv":[6.25,8.25,6.375,8.5],"texture":"#texture"},"up":{"uv":[6.25,8.375,6.375,8.25],"texture":"#texture"},"down":{"uv":[6.25,8.375,6.375,8.5],"texture":"#texture"}}},{"name":"Element","from":[6.125,7.375,7.875],"to":[6.25,7.625,8.125],"faces":{"north":{"uv":[6.25,8.375,6.125,8.625],"texture":"#texture"},"east":{"uv":[6.25,8.375,6.125,8.625],"texture":"#texture"},"south":{"uv":[6.125,8.375,6.25,8.625],"texture":"#texture"},"west":{"uv":[6.125,8.375,6.25,8.625],"texture":"#texture"},"up":{"uv":[6.125,8.5,6.25,8.375],"texture":"#texture"},"down":{"uv":[6.125,8.5,6.25,8.625],"texture":"#texture"}}},{"name":"Element","from":[6.375,9.625,7.8125],"to":[7.25,9.75,8.1875],"faces":{"north":{"uv":[7.25,6.25,6.375,6.375],"texture":"#texture"},"south":{"uv":[6.375,6.25,7.25,6.375],"texture":"#texture"},"west":{"uv":[6.375,6.25,6.5,6.375],"texture":"#texture"},"up":{"uv":[6.375,6.375,7.25,6.25],"texture":"#texture"},"down":{"uv":[6.375,6.25,7.25,6.375],"texture":"#texture"}}},{"name":"Element","from":[6.5,9.5,7.8125],"to":[7.25,9.625,8.1875],"faces":{"north":{"uv":[7.25,6.375,6.5,6.5],"texture":"#texture"},"south":{"uv":[6.5,6.375,7.25,6.5],"texture":"#texture"},"west":{"uv":[6.5,6.375,6.625,6.5],"texture":"#texture"},"down":{"uv":[6.5,6.375,7.25,6.5],"texture":"#texture"}}},{"name":"Element","from":[6.625,9.375,7.8125],"to":[7.25,9.5,8.1875],"faces":{"north":{"uv":[7.25,6.5,6.625,6.625],"texture":"#texture"},"south":{"uv":[6.625,6.5,7.25,6.625],"texture":"#texture"},"west":{"uv":[6.625,6.5,6.75,6.625],"texture":"#texture"}}},{"name":"Element","from":[6.5,9.25,7.8125],"to":[7.25,9.375,8.1875],"faces":{"north":{"uv":[7.25,6.625,6.5,6.75],"texture":"#texture"},"south":{"uv":[6.5,6.625,7.25,6.75],"texture":"#texture"},"west":{"uv":[6.5,6.625,6.625,6.75],"texture":"#texture"},"up":{"uv":[6.5,6.75,7.25,6.625],"texture":"#texture"},"down":{"uv":[6.5,6.625,7.25,6.75],"texture":"#texture"}}},{"name":"Element","from":[7.25,9,7.8125],"to":[7.375,9.375,8.1875],"faces":{"north":{"uv":[7.375,6.625,7.25,7],"texture":"#texture"},"south":{"uv":[7.25,6.625,7.375,7],"texture":"#texture"},"west":{"uv":[7.25,6.625,7.375,7],"texture":"#texture"}}},{"name":"Element","from":[6.625,9.125,7.8125],"to":[7.25,9.25,8.1875],"faces":{"north":{"uv":[7.25,6.75,6.625,6.875],"texture":"#texture"},"south":{"uv":[6.625,6.75,7.25,6.875],"texture":"#texture"},"west":{"uv":[6.625,6.75,6.75,6.875],"texture":"#texture"},"down":{"uv":[6.625,6.75,7.25,6.875],"texture":"#texture"}}},{"name":"Element","from":[6.75,9,7.8125],"to":[7.25,9.125,8.1875],"faces":{"north":{"uv":[7.25,6.875,6.75,7],"texture":"#texture"},"south":{"uv":[6.75,6.875,7.25,7],"texture":"#texture"},"west":{"uv":[6.75,6.875,6.875,7],"texture":"#texture"},"down":{"uv":[6.75,6.875,7.25,7],"texture":"#texture"}}},{"name":"Element","from":[6.875,8.875,7.8125],"to":[7.375,9,8.1875],"faces":{"north":{"uv":[7.375,7,6.875,7.125],"texture":"#texture"},"south":{"uv":[6.875,7,7.375,7.125],"texture":"#texture"},"west":{"uv":[6.875,7,7,7.125],"texture":"#texture"},"up":{"uv":[6.875,7.125,7.375,7],"texture":"#texture"}}},{"name":"Element","from":[7.375,8.875,7.8125],"to":[7.5,9,8.1875],"faces":{"north":{"uv":[7.5,7,7.375,7.125],"texture":"#texture"},"south":{"uv":[7.375,7,7.5,7.125],"texture":"#texture"}}},{"name":"Element","from":[6.5,8.75,7.8125],"to":[7.625,8.875,8.1875],"faces":{"north":{"uv":[7.625,7.125,6.5,7.25],"texture":"#texture"},"south":{"uv":[6.5,7.125,7.625,7.25],"texture":"#texture"},"west":{"uv":[6.5,7.125,6.625,7.25],"texture":"#texture"},"up":{"uv":[6.5,7.25,7.625,7.125],"texture":"#texture"},"down":{"uv":[6.5,7.125,7.625,7.25],"texture":"#texture"}}},{"name":"Element","from":[6.625,8.5,7.8125],"to":[7.75,8.75,8.1875],"faces":{"north":{"uv":[7.75,7.25,6.625,7.5],"texture":"#texture"},"south":{"uv":[6.625,7.25,7.75,7.5],"texture":"#texture"},"west":{"uv":[6.625,7.25,6.75,7.5],"texture":"#texture"},"up":{"uv":[6.625,7.375,7.75,7.25],"texture":"#texture"},"down":{"uv":[6.625,7.375,7.75,7.5],"texture":"#texture"}}},{"name":"Element","from":[6.5,8.375,7.8125],"to":[7.625,8.5,8.1875],"faces":{"north":{"uv":[7.625,7.5,6.5,7.625],"texture":"#texture"},"south":{"uv":[6.5,7.5,7.625,7.625],"texture":"#texture"},"west":{"uv":[6.5,7.5,6.625,7.625],"texture":"#texture"},"up":{"uv":[6.5,7.625,7.625,7.5],"texture":"#texture"},"down":{"uv":[6.5,7.5,7.625,7.625],"texture":"#texture"}}},{"name":"Element","from":[6.625,8.25,7.8125],"to":[7.5,8.375,8.1875],"faces":{"north":{"uv":[7.5,7.625,6.625,7.75],"texture":"#texture"},"south":{"uv":[6.625,7.625,7.5,7.75],"texture":"#texture"},"west":{"uv":[6.625,7.625,6.75,7.75],"texture":"#texture"},"down":{"uv":[6.625,7.625,7.5,7.75],"texture":"#texture"}}},{"name":"Element","from":[6.75,7.875,7.8125],"to":[7.5,8.25,8.1875],"faces":{"north":{"uv":[7.5,7.75,6.75,8.125],"texture":"#texture"},"east":{"uv":[7.5,7.75,7.375,8.125],"texture":"#texture"},"south":{"uv":[6.75,7.75,7.5,8.125],"texture":"#texture"},"west":{"uv":[6.75,7.75,6.875,8.125],"texture":"#texture"},"down":{"uv":[6.75,8,7.5,8.125],"texture":"#texture"}}},{"name":"Element","from":[6.625,7.75,7.8125],"to":[6.875,8,8.1875],"faces":{"north":{"uv":[6.875,8,6.625,8.25],"texture":"#texture"},"east":{"uv":[6.875,8,6.75,8.25],"texture":"#texture"},"south":{"uv":[6.625,8,6.875,8.25],"texture":"#texture"},"west":{"uv":[6.625,8,6.75,8.25],"texture":"#texture"},"up":{"uv":[6.625,8.125,6.875,8],"texture":"#texture"},"down":{"uv":[6.625,8.125,6.875,8.25],"texture":"#texture"}}},{"name":"Element","from":[6.375,7.625,7.8125],"to":[6.625,7.75,8.1875],"faces":{"north":{"uv":[6.625,8.25,6.375,8.375],"texture":"#texture"},"east":{"uv":[6.625,8.25,6.5,8.375],"texture":"#texture"},"south":{"uv":[6.375,8.25,6.625,8.375],"texture":"#texture"},"west":{"uv":[6.375,8.25,6.5,8.375],"texture":"#texture"},"up":{"uv":[6.375,8.375,6.625,8.25],"texture":"#texture"},"down":{"uv":[6.375,8.25,6.625,8.375],"texture":"#texture"}}},{"name":"Element","from":[6.5,7.75,7.8125],"to":[6.625,7.875,8.1875],"faces":{"north":{"uv":[6.625,8.125,6.5,8.25],"texture":"#texture"},"south":{"uv":[6.5,8.125,6.625,8.25],"texture":"#texture"},"west":{"uv":[6.5,8.125,6.625,8.25],"texture":"#texture"},"up":{"uv":[6.5,8.25,6.625,8.125],"texture":"#texture"}}},{"name":"Element","from":[7.25,9.875,7.75],"to":[7.625,10,8.25],"faces":{"north":{"uv":[7.625,6,7.25,6.125],"texture":"#texture"},"east":{"uv":[7.625,6,7.5,6.125],"texture":"#texture"},"south":{"uv":[7.25,6,7.625,6.125],"texture":"#texture"},"west":{"uv":[7.25,6,7.375,6.125],"texture":"#texture"},"up":{"uv":[7.25,6.125,7.625,6],"texture":"#texture"}}},{"name":"Element","from":[7.125,9.75,7.75],"to":[7.75,9.875,8.25],"faces":{"north":{"uv":[7.75,6.125,7.125,6.25],"texture":"#texture"},"east":{"uv":[7.75,6.125,7.625,6.25],"texture":"#texture"},"south":{"uv":[7.125,6.125,7.75,6.25],"texture":"#texture"},"west":{"uv":[7.125,6.125,7.25,6.25],"texture":"#texture"},"up":{"uv":[7.125,6.25,7.75,6.125],"texture":"#texture"},"down":{"uv":[7.125,6.125,7.75,6.25],"texture":"#texture"}}},{"name":"Element","from":[7.25,9.375,7.75],"to":[7.875,9.75,8.25],"faces":{"north":{"uv":[7.875,6.25,7.25,6.625],"texture":"#texture"},"east":{"uv":[7.875,6.25,7.75,6.625],"texture":"#texture"},"south":{"uv":[7.25,6.25,7.875,6.625],"texture":"#texture"},"west":{"uv":[7.25,6.25,7.375,6.625],"texture":"#texture"},"up":{"uv":[7.25,6.375,7.875,6.25],"texture":"#texture"},"down":{"uv":[7.25,6.5,7.875,6.625],"texture":"#texture"}}},{"name":"Element","from":[7.375,9,7.75],"to":[7.875,9.5,8.25],"faces":{"north":{"uv":[7.875,6.5,7.375,7],"texture":"#texture"},"south":{"uv":[7.375,6.5,7.875,7],"texture":"#texture"},"west":{"uv":[7.375,6.5,7.5,7],"texture":"#texture"},"up":{"uv":[7.375,6.625,7.875,6.5],"texture":"#texture"},"down":{"uv":[7.375,6.875,7.875,7],"texture":"#texture"}}},{"name":"Element","from":[7.5,8.875,7.75],"to":[8.5,9,8.25],"faces":{"north":{"uv":[8.5,7,7.5,7.125],"texture":"#texture"},"east":{"uv":[8.5,7,8.375,7.125],"texture":"#texture"},"south":{"uv":[7.5,7,8.5,7.125],"texture":"#texture"},"west":{"uv":[7.5,7,7.625,7.125],"texture":"#texture"},"up":{"uv":[7.5,7.125,8.5,7],"texture":"#texture"},"down":{"uv":[7.5,7,8.5,7.125],"texture":"#texture"}}},{"name":"Element","from":[7.875,9,7.75],"to":[8,9.5,8.25],"faces":{"north":{"uv":[8,6.5,7.875,7],"texture":"#texture"},"east":{"uv":[8,6.5,7.875,7],"texture":"#texture"},"south":{"uv":[7.875,6.5,8,7],"texture":"#texture"},"up":{"uv":[7.875,6.625,8,6.5],"texture":"#texture"}}},{"name":"Element","from":[8,9,7.75],"to":[8.125,9.375,8.25],"faces":{"north":{"uv":[8.125,6.625,8,7],"texture":"#texture"},"east":{"uv":[8.125,6.625,8,7],"texture":"#texture"},"south":{"uv":[8,6.625,8.125,7],"texture":"#texture"},"up":{"uv":[8,6.75,8.125,6.625],"texture":"#texture"}}},{"name":"Element","from":[8.125,9,7.75],"to":[8.25,9.25,8.25],"faces":{"north":{"uv":[8.25,6.75,8.125,7],"texture":"#texture"},"east":{"uv":[8.25,6.75,8.125,7],"texture":"#texture"},"south":{"uv":[8.125,6.75,8.25,7],"texture":"#texture"},"up":{"uv":[8.125,6.875,8.25,6.75],"texture":"#texture"}}},{"name":"Element","from":[8.25,9,7.75],"to":[8.375,9.125,8.25],"faces":{"north":{"uv":[8.375,6.875,8.25,7],"texture":"#texture"},"east":{"uv":[8.375,6.875,8.25,7],"texture":"#texture"},"south":{"uv":[8.25,6.875,8.375,7],"texture":"#texture"},"up":{"uv":[8.25,7,8.375,6.875],"texture":"#texture"}}},{"name":"Element","from":[7.625,8.75,7.75],"to":[8.5,8.875,8.25],"faces":{"north":{"uv":[8.5,7.125,7.625,7.25],"texture":"#texture"},"east":{"uv":[8.5,7.125,8.375,7.25],"texture":"#texture"},"south":{"uv":[7.625,7.125,8.5,7.25],"texture":"#texture"},"west":{"uv":[7.625,7.125,7.75,7.25],"texture":"#texture"},"down":{"uv":[7.625,7.125,8.5,7.25],"texture":"#texture"}}},{"name":"Element","from":[7.75,8.5,7.75],"to":[8.75,8.75,8.25],"faces":{"north":{"uv":[8.75,7.25,7.75,7.5],"texture":"#texture"},"east":{"uv":[8.75,7.25,8.625,7.5],"texture":"#texture"},"south":{"uv":[7.75,7.25,8.75,7.5],"texture":"#texture"},"west":{"uv":[7.75,7.25,7.875,7.5],"texture":"#texture"},"up":{"uv":[7.75,7.375,8.75,7.25],"texture":"#texture"}}},{"name":"Element","from":[7.625,8.25,7.75],"to":[8.875,8.5,8.25],"faces":{"north":{"uv":[8.875,7.5,7.625,7.75],"texture":"#texture"},"east":{"uv":[8.875,7.5,8.75,7.75],"texture":"#texture"},"south":{"uv":[7.625,7.5,8.875,7.75],"texture":"#texture"},"west":{"uv":[7.625,7.5,7.75,7.75],"texture":"#texture"},"up":{"uv":[7.625,7.625,8.875,7.5],"texture":"#texture"},"down":{"uv":[7.625,7.625,8.875,7.75],"texture":"#texture"}}},{"name":"Element","from":[7.5,8.25,7.75],"to":[7.625,8.375,8.25],"faces":{"north":{"uv":[7.625,7.625,7.5,7.75],"texture":"#texture"},"south":{"uv":[7.5,7.625,7.625,7.75],"texture":"#texture"},"west":{"uv":[7.5,7.625,7.625,7.75],"texture":"#texture"},"up":{"uv":[7.5,7.75,7.625,7.625],"texture":"#texture"}}},{"name":"Element","from":[7.5,8.125,7.75],"to":[8.75,8.25,8.25],"faces":{"north":{"uv":[8.75,7.75,7.5,7.875],"texture":"#texture"},"east":{"uv":[8.75,7.75,8.625,7.875],"texture":"#texture"},"south":{"uv":[7.5,7.75,8.75,7.875],"texture":"#texture"},"west":{"uv":[7.5,7.75,7.625,7.875],"texture":"#texture"},"up":{"uv":[7.5,7.875,8.75,7.75],"texture":"#texture"},"down":{"uv":[7.5,7.75,8.75,7.875],"texture":"#texture"}}},{"name":"Element","from":[7.5,7.875,7.75],"to":[8.125,8.125,8.25],"faces":{"north":{"uv":[8.125,7.875,7.5,8.125],"texture":"#texture"},"east":{"uv":[8.125,7.875,8,8.125],"texture":"#texture"},"south":{"uv":[7.5,7.875,8.125,8.125],"texture":"#texture"},"west":{"uv":[7.5,7.875,7.625,8.125],"texture":"#texture"},"down":{"uv":[7.5,8,8.125,8.125],"texture":"#texture"}}},{"name":"Element","from":[7.375,7.875,7.75],"to":[7.5,8,8.25],"faces":{"north":{"uv":[7.5,8,7.375,8.125],"texture":"#texture"},"south":{"uv":[7.375,8,7.5,8.125],"texture":"#texture"},"west":{"uv":[7.375,8,7.5,8.125],"texture":"#texture"},"up":{"uv":[7.375,8.125,7.5,8],"texture":"#texture"}}},{"name":"Element","from":[7.25,7.75,7.75],"to":[8,7.875,8.25],"faces":{"north":{"uv":[8,8.125,7.25,8.25],"texture":"#texture"},"east":{"uv":[8,8.125,7.875,8.25],"texture":"#texture"},"south":{"uv":[7.25,8.125,8,8.25],"texture":"#texture"},"west":{"uv":[7.25,8.125,7.375,8.25],"texture":"#texture"},"up":{"uv":[7.25,8.25,8,8.125],"texture":"#texture"},"down":{"uv":[7.25,8.125,8,8.25],"texture":"#texture"}}},{"name":"Element","from":[7.25,7.5,7.75],"to":[7.875,7.75,8.25],"faces":{"north":{"uv":[7.875,8.25,7.25,8.5],"texture":"#texture"},"east":{"uv":[7.875,8.25,7.75,8.5],"texture":"#texture"},"south":{"uv":[7.25,8.25,7.875,8.5],"texture":"#texture"},"west":{"uv":[7.25,8.25,7.375,8.5],"texture":"#texture"},"down":{"uv":[7.25,8.375,7.875,8.5],"texture":"#texture"}}},{"name":"Element","from":[7.375,7.375,7.75],"to":[7.75,7.5,8.25],"faces":{"north":{"uv":[7.75,8.5,7.375,8.625],"texture":"#texture"},"east":{"uv":[7.75,8.5,7.625,8.625],"texture":"#texture"},"south":{"uv":[7.375,8.5,7.75,8.625],"texture":"#texture"},"west":{"uv":[7.375,8.5,7.5,8.625],"texture":"#texture"},"down":{"uv":[7.375,8.5,7.75,8.625],"texture":"#texture"}}},{"name":"Element","from":[7.875,8.875,7.875],"to":[8.375,9.875,8.125],"faces":{"north":{"uv":[8.375,6.125,7.875,7.125],"texture":"#texture"},"east":{"uv":[8.375,6.125,8.25,7.125],"texture":"#texture"},"south":{"uv":[7.875,6.125,8.375,7.125],"texture":"#texture"},"west":{"uv":[7.875,6.125,8,7.125],"texture":"#texture"},"up":{"uv":[7.875,6.25,8.375,6.125],"texture":"#texture"}}},{"name":"Element","from":[7.75,9,7.875],"to":[8.5,9.625,8.125],"faces":{"north":{"uv":[8.5,6.375,7.75,7],"texture":"#texture"},"east":{"uv":[8.5,6.375,8.375,7],"texture":"#texture"},"south":{"uv":[7.75,6.375,8.5,7],"texture":"#texture"},"west":{"uv":[7.75,6.375,7.875,7],"texture":"#texture"},"up":{"uv":[7.75,6.5,8.5,6.375],"texture":"#texture"}}},{"name":"Element","from":[8.5,8.875,7.875],"to":[8.625,9.375,8.125],"faces":{"north":{"uv":[8.625,6.625,8.5,7.125],"texture":"#texture"},"east":{"uv":[8.625,6.625,8.5,7.125],"texture":"#texture"},"south":{"uv":[8.5,6.625,8.625,7.125],"texture":"#texture"},"west":{"uv":[8.5,6.625,8.625,7.125],"texture":"#texture"},"up":{"uv":[8.5,6.75,8.625,6.625],"texture":"#texture"},"down":{"uv":[8.5,7,8.625,7.125],"texture":"#texture"}}},{"name":"Element","from":[8.625,8.875,7.875],"to":[9.25,9.25,8.125],"faces":{"north":{"uv":[9.25,6.75,8.625,7.125],"texture":"#texture"},"east":{"uv":[9.25,6.75,9.125,7.125],"texture":"#texture"},"south":{"uv":[8.625,6.75,9.25,7.125],"texture":"#texture"},"up":{"uv":[8.625,6.875,9.25,6.75],"texture":"#texture"},"down":{"uv":[8.625,7,9.25,7.125],"texture":"#texture"}}},{"name":"Element","from":[9.25,8.875,7.875],"to":[9.5,9.125,8.125],"faces":{"north":{"uv":[9.5,6.875,9.25,7.125],"texture":"#texture"},"east":{"uv":[9.5,6.875,9.375,7.125],"texture":"#texture"},"south":{"uv":[9.25,6.875,9.5,7.125],"texture":"#texture"},"up":{"uv":[9.25,7,9.5,6.875],"texture":"#texture"},"down":{"uv":[9.25,7,9.5,7.125],"texture":"#texture"}}},{"name":"Element","from":[9.5,9,7.875],"to":[9.75,9.125,8.125],"faces":{"north":{"uv":[9.75,6.875,9.5,7],"texture":"#texture"},"east":{"uv":[9.75,6.875,9.625,7],"texture":"#texture"},"south":{"uv":[9.5,6.875,9.75,7],"texture":"#texture"},"up":{"uv":[9.5,7,9.75,6.875],"texture":"#texture"},"down":{"uv":[9.5,6.875,9.75,7],"texture":"#texture"}}},{"name":"Element","from":[7.75,7.25,7.875],"to":[8.25,8.25,8.125],"faces":{"north":{"uv":[8.25,7.75,7.75,8.75],"texture":"#texture"},"east":{"uv":[8.25,7.75,8.125,8.75],"texture":"#texture"},"south":{"uv":[7.75,7.75,8.25,8.75],"texture":"#texture"},"west":{"uv":[7.75,7.75,7.875,8.75],"texture":"#texture"}}},{"name":"Element","from":[8.25,7.5,7.875],"to":[8.5,8.125,8.125],"faces":{"north":{"uv":[8.5,7.875,8.25,8.5],"texture":"#texture"},"east":{"uv":[8.5,7.875,8.375,8.5],"texture":"#texture"},"south":{"uv":[8.25,7.875,8.5,8.5],"texture":"#texture"},"down":{"uv":[8.25,8.375,8.5,8.5],"texture":"#texture"}}},{"name":"Element","from":[8.5,7.375,7.875],"to":[8.625,8,8.125],"faces":{"north":{"uv":[8.625,8,8.5,8.625],"texture":"#texture"},"east":{"uv":[8.625,8,8.5,8.625],"texture":"#texture"},"south":{"uv":[8.5,8,8.625,8.625],"texture":"#texture"},"west":{"uv":[8.5,8,8.625,8.625],"texture":"#texture"},"up":{"uv":[8.5,8.125,8.625,8],"texture":"#texture"},"down":{"uv":[8.5,8.5,8.625,8.625],"texture":"#texture"}}},{"name":"Element","from":[8.625,7.375,7.875],"to":[8.75,7.75,8.125],"faces":{"north":{"uv":[8.75,8.25,8.625,8.625],"texture":"#texture"},"east":{"uv":[8.75,8.25,8.625,8.625],"texture":"#texture"},"south":{"uv":[8.625,8.25,8.75,8.625],"texture":"#texture"},"up":{"uv":[8.625,8.375,8.75,8.25],"texture":"#texture"},"down":{"uv":[8.625,8.5,8.75,8.625],"texture":"#texture"}}},{"name":"Element","from":[8.75,7.375,7.875],"to":[8.875,7.625,8.125],"faces":{"north":{"uv":[8.875,8.375,8.75,8.625],"texture":"#texture"},"east":{"uv":[8.875,8.375,8.75,8.625],"texture":"#texture"},"south":{"uv":[8.75,8.375,8.875,8.625],"texture":"#texture"},"up":{"uv":[8.75,8.5,8.875,8.375],"texture":"#texture"}}},{"name":"Element","from":[8.875,7.375,7.875],"to":[9,7.5,8.125],"faces":{"north":{"uv":[9,8.5,8.875,8.625],"texture":"#texture"},"east":{"uv":[9,8.5,8.875,8.625],"texture":"#texture"},"south":{"uv":[8.875,8.5,9,8.625],"texture":"#texture"},"up":{"uv":[8.875,8.625,9,8.5],"texture":"#texture"},"down":{"uv":[8.875,8.5,9,8.625],"texture":"#texture"}}},{"name":"Element","from":[8.75,7.25,7.875],"to":[8.875,7.375,8.125],"faces":{"north":{"uv":[8.875,8.625,8.75,8.75],"texture":"#texture"},"east":{"uv":[8.875,8.625,8.75,8.75],"texture":"#texture"},"south":{"uv":[8.75,8.625,8.875,8.75],"texture":"#texture"},"west":{"uv":[8.75,8.625,8.875,8.75],"texture":"#texture"},"down":{"uv":[8.75,8.625,8.875,8.75],"texture":"#texture"}}},{"name":"Element","from":[7.875,6.5,7.625],"to":[8.125,7,8.375],"faces":{"north":{"uv":[8.125,9,7.875,9.5],"texture":"#texture"},"east":{"uv":[8.125,9,8,9.5],"texture":"#texture"},"south":{"uv":[7.875,9,8.125,9.5],"texture":"#texture"},"west":{"uv":[7.875,9,8,9.5],"texture":"#texture"},"up":{"uv":[7.875,9.125,8.125,9],"texture":"#texture"},"down":{"uv":[7.875,9.375,8.125,9.5],"texture":"#texture"}}},{"name":"Element","from":[7.75,6.625,7.625],"to":[8.25,6.875,8.375],"faces":{"north":{"uv":[8.25,9.125,7.75,9.375],"texture":"#texture"},"east":{"uv":[8.25,9.125,8.125,9.375],"texture":"#texture"},"south":{"uv":[7.75,9.125,8.25,9.375],"texture":"#texture"},"west":{"uv":[7.75,9.125,7.875,9.375],"texture":"#texture"},"up":{"uv":[7.75,9.25,8.25,9.125],"texture":"#texture"},"down":{"uv":[7.75,9.25,8.25,9.375],"texture":"#texture"}}},{"name":"Element","from":[7.5,6.75,7.875],"to":[7.75,7.25,8.125],"faces":{"north":{"uv":[7.75,8.75,7.5,9.25],"texture":"#texture"},"south":{"uv":[7.5,8.75,7.75,9.25],"texture":"#texture"},"west":{"uv":[7.5,8.75,7.625,9.25],"texture":"#texture"},"up":{"uv":[7.5,8.875,7.75,8.75],"texture":"#texture"},"down":{"uv":[7.5,9.125,7.75,9.25],"texture":"#texture"}}},{"name":"Element","from":[7.375,6.875,7.875],"to":[7.5,7.125,8.125],"faces":{"north":{"uv":[7.5,8.875,7.375,9.125],"texture":"#texture"},"south":{"uv":[7.375,8.875,7.5,9.125],"texture":"#texture"},"west":{"uv":[7.375,8.875,7.5,9.125],"texture":"#texture"},"up":{"uv":[7.375,9,7.5,8.875],"texture":"#texture"},"down":{"uv":[7.375,9,7.5,9.125],"texture":"#texture"}}},{"name":"Element","from":[8.25,6.75,7.875],"to":[8.5,7.25,8.125],"faces":{"north":{"uv":[8.5,8.75,8.25,9.25],"texture":"#texture"},"east":{"uv":[8.5,8.75,8.375,9.25],"texture":"#texture"},"south":{"uv":[8.25,8.75,8.5,9.25],"texture":"#texture"},"up":{"uv":[8.25,8.875,8.5,8.75],"texture":"#texture"},"down":{"uv":[8.25,9.125,8.5,9.25],"texture":"#texture"}}},{"name":"Element","from":[8.5,6.875,7.875],"to":[8.625,7.125,8.125],"faces":{"north":{"uv":[8.625,8.875,8.5,9.125],"texture":"#texture"},"east":{"uv":[8.625,8.875,8.5,9.125],"texture":"#texture"},"south":{"uv":[8.5,8.875,8.625,9.125],"texture":"#texture"},"up":{"uv":[8.5,9,8.625,8.875],"texture":"#texture"},"down":{"uv":[8.5,9,8.625,9.125],"texture":"#texture"}}},{"name":"Element","from":[7.5,6.875,7.75],"to":[7.75,7.125,8.25],"faces":{"north":{"uv":[7.75,8.875,7.5,9.125],"texture":"#texture"},"east":{"uv":[7.75,8.875,7.625,9.125],"texture":"#texture"},"south":{"uv":[7.5,8.875,7.75,9.125],"texture":"#texture"},"west":{"uv":[7.5,8.875,7.625,9.125],"texture":"#texture"},"up":{"uv":[7.5,9,7.75,8.875],"texture":"#texture"},"down":{"uv":[7.5,9,7.75,9.125],"texture":"#texture"}}},{"name":"Element","from":[8.25,6.875,7.75],"to":[8.5,7.125,8.25],"faces":{"north":{"uv":[8.5,8.875,8.25,9.125],"texture":"#texture"},"east":{"uv":[8.5,8.875,8.375,9.125],"texture":"#texture"},"south":{"uv":[8.25,8.875,8.5,9.125],"texture":"#texture"},"west":{"uv":[8.25,8.875,8.375,9.125],"texture":"#texture"},"up":{"uv":[8.25,9,8.5,8.875],"texture":"#texture"},"down":{"uv":[8.25,9,8.5,9.125],"texture":"#texture"}}},{"name":"Element","from":[7.875,6.625,7.5],"to":[8.125,6.875,8.5],"faces":{"north":{"uv":[8.125,9.125,7.875,9.375],"texture":"#texture"},"east":{"uv":[8.125,9.125,8,9.375],"texture":"#texture"},"south":{"uv":[7.875,9.125,8.125,9.375],"texture":"#texture"},"west":{"uv":[7.875,9.125,8,9.375],"texture":"#texture"},"up":{"uv":[7.875,9.25,8.125,9.125],"texture":"#texture"},"down":{"uv":[7.875,9.25,8.125,9.375],"texture":"#texture"}}},{"name":"Element","from":[7.75,0.375,7.875],"to":[8.25,4.5,8.125],"faces":{"north":{"uv":[8.25,11.5,7.75,15.625],"texture":"#texture"},"east":{"uv":[8.25,11.5,8.125,15.625],"texture":"#texture"},"south":{"uv":[7.75,11.5,8.25,15.625],"texture":"#texture"},"west":{"uv":[7.75,11.5,7.875,15.625],"texture":"#texture"},"down":{"uv":[7.75,15.5,8.25,15.625],"texture":"#texture"}}}],"display":{"thirdperson_righthand":{"rotation":[0,-90,0],"translation":[0,9.7391,1],"scale":[2.4,2.4,2.4]},"thirdperson_lefthand":{"rotation":[0,90,0],"translation":[0,9.7391,1],"scale":[2.4,2.4,2.4]},"firstperson_righthand":{"rotation":[17,-90,0],"translation":[2.6,7.7826,-0.008],"scale":[1.6,1.6,1.6]},"firstperson_lefthand":{"rotation":[17,90,0],"translation":[2.6,7.7826,-0.008],"scale":[1.6,1.6,1.6]},"ground":{"rotation":[0,0,-45],"translation":[0,3.3956,0],"scale":[1,1,1.2]},"gui":{"rotation":[0,-180,41],"translation":[1.5,3,0],"scale":[1.7,1.7,1.7]},"head":{"rotation":[0,0,45],"translation":[0,19,0],"scale":[2,2,2]},"fixed":{"rotation":[0,0,41],"translation":[-2,3.5,-0.5],"scale":[2.1,2.1,2]}}}