{
	"__comment": "Designed by Sixfootblue with Cubik Studio - https://cubik.studio",
	"textures": {
		"particle": "./sink_diamond",
		"texture": "./sink_diamond"
	},
	"elements": [
		{
			"__comment": "front",
			"from": [ 2.04, 0, 13.96 ],
			"to": [ 13.96, 16, 16 ],
			"faces": {
				"down": { "uv": [ 0.5, 7.75, 3.5, 8.25 ], "texture": "#texture" },
				"up": { "uv": [ 4.5, 11.25, 7.5, 11.75 ], "texture": "#texture", "cullface": "up" },
				"north": { "uv": [ 8.5, 12, 11.5, 16 ], "texture": "#texture" },
				"south": { "uv": [ 4.5, 12, 7.5, 16 ], "texture": "#texture" },
				"west": { "uv": [ 14, 0, 16, 16 ], "texture": "#texture" },
				"east": { "uv": [ 0, 0, 2, 16 ], "texture": "#texture" }
			}
		},
		{
			"__comment": "ledge",
			"from": [ 0, 15, 16 ],
			"to": [ 16, 16, 17 ],
			"faces": {
				"down": { "uv": [ 4, 12, 8, 12.25 ], "texture": "#texture" },
				"up": { "uv": [ 4, 12, 8, 12.25 ], "texture": "#texture" },
				"north": { "uv": [ 4, 12, 8, 12.25 ], "texture": "#texture" },
				"south": { "uv": [ 4, 12, 8, 12.25 ], "texture": "#texture" },
				"west": { "uv": [ 4, 12, 4.25, 12.25 ], "texture": "#texture" },
				"east": { "uv": [ 7.75, 12, 8, 12.25 ], "texture": "#texture" }
			}
		},
		{
			"__comment": "back",
			"from": [ 2.04, 0, 0 ],
			"to": [ 13.96, 16, 4 ],
			"faces": {
				"down": { "uv": [ 0.5, 10.75, 3.5, 11.75 ], "texture": "#texture" },
				"up": { "uv": [ 4.5, 7.75, 7.5, 8.75 ], "texture": "#texture" },
				"north": { "uv": [ 0.5, 12, 3.5, 16 ], "texture": "#texture" },
				"south": { "uv": [ 8.5, 12, 11.5, 16 ], "texture": "#texture" },
				"west": { "uv": [ 0, 12, 0.5, 16 ], "texture": "#texture" },
				"east": { "uv": [ 3.5, 12, 4, 16 ], "texture": "#texture" }
			}
		},
		{
			"__comment": "lside",
			"from": [ 0, 0, 0 ],
			"to": [ 2.04, 16, 16 ],
			"faces": {
				"down": { "uv": [ 0, 7.75, 0.5, 11.75 ], "texture": "#texture" },
				"up": { "uv": [ 4, 7.75, 4.5, 11.75 ], "texture": "#texture" },
				"north": { "uv": [ 3.5, 12, 4, 16 ], "texture": "#texture" },
				"south": { "uv": [ 4, 12, 4.5, 16 ], "texture": "#texture" },
				"west": { "uv": [ 0, 12, 4, 16 ], "texture": "#texture" },
				"east": { "uv": [ 8, 12, 12, 16 ], "texture": "#texture" }
			}
		},
		{
			"__comment": "rside",
			"from": [ 13.96, 0, 0 ],
			"to": [ 16, 16, 16 ],
			"faces": {
				"down": { "uv": [ 3.5, 7.75, 4, 11.75 ], "texture": "#texture" },
				"up": { "uv": [ 7.5, 7.75, 8, 11.75 ], "texture": "#texture" },
				"north": { "uv": [ 0, 12, 0.5, 16 ], "texture": "#texture" },
				"south": { "uv": [ 7.5, 12, 8, 16 ], "texture": "#texture" },
				"west": { "uv": [ 8, 12, 12, 16 ], "texture": "#texture" },
				"east": { "uv": [ 0, 12, 4, 16 ], "texture": "#texture" }
			}
		},
		{
			"__comment": "faucet1",
			"from": [ 7, 16, 1 ],
			"to": [ 9, 22, 3 ],
			"faces": {
				"down": { "uv": [ 6, 3.25, 6.5, 3.75 ], "texture": "#texture" },
				"up": { "uv": [ 5.25, 2.25, 5.75, 2.75 ], "texture": "#texture" },
				"north": { "uv": [ 7.75, 4, 8.25, 5.5 ], "texture": "#texture" },
				"south": { "uv": [ 5.25, 4, 5.75, 5.5 ], "texture": "#texture" },
				"west": { "uv": [ 3.5, 4, 4, 5.5 ], "texture": "#texture" },
				"east": { "uv": [ 7, 4, 7.5, 5.5 ], "texture": "#texture" }
			}
		},
		{
			"__comment": "faucet2",
			"from": [ 7, 20, 3 ],
			"to": [ 9, 22, 7 ],
			"faces": {
				"down": { "uv": [ 6, 2.25, 6.5, 3.25 ], "texture": "#texture" },
				"up": { "uv": [ 5.25, 2.75, 5.75, 3.75 ], "texture": "#texture" },
				"north": { "uv": [ 7.75, 4, 8.25, 4.5 ], "texture": "#texture" },
				"south": { "uv": [ 5.25, 4, 5.75, 4.5 ], "texture": "#texture" },
				"west": { "uv": [ 4, 4, 5, 4.5 ], "texture": "#texture" },
				"east": { "uv": [ 6, 4, 7, 4.5 ], "texture": "#texture" }
			}
		},
		{
			"__comment": "Box8",
			"from": [ 10, 16, 1 ],
			"to": [ 14, 17, 3 ],
			"faces": {
				"down": { "uv": [ 1.75, 6, 2.75, 6.5 ], "texture": "#texture" },
				"up": { "uv": [ 0.75, 6, 1.75, 6.5 ], "texture": "#texture" },
				"north": { "uv": [ 2.25, 6.5, 3.25, 6.75 ], "texture": "#texture" },
				"south": { "uv": [ 0.75, 6.5, 1.75, 6.75 ], "texture": "#texture" },
				"west": { "uv": [ 0.25, 6.5, 0.75, 6.75 ], "texture": "#texture" },
				"east": { "uv": [ 1.75, 6.5, 2.25, 6.75 ], "texture": "#texture" }
			}
		},
		{
			"__comment": "Box8",
			"from": [ 2, 16, 1 ],
			"to": [ 6, 17, 3 ],
			"faces": {
				"down": { "uv": [ 1.75, 5, 2.75, 5.5 ], "texture": "#texture" },
				"up": { "uv": [ 0.75, 5, 1.75, 5.5 ], "texture": "#texture" },
				"north": { "uv": [ 2.25, 5.5, 3.25, 5.75 ], "texture": "#texture" },
				"south": { "uv": [ 0.75, 5.5, 1.75, 5.75 ], "texture": "#texture" },
				"west": { "uv": [ 0.25, 5.5, 0.75, 5.75 ], "texture": "#texture" },
				"east": { "uv": [ 1.75, 5.5, 2.25, 5.75 ], "texture": "#texture" }
			}
		},
		{
			"__comment": "door",
			"from": [ 1, 2, 16 ],
			"to": [ 15, 14, 17 ],
			"faces": {
				"down": { "uv": [ 4.25, 15.25, 7.75, 15.5 ], "texture": "#texture" },
				"up": { "uv": [ 4.25, 12.5, 7.75, 12.75 ], "texture": "#texture" },
				"north": { "uv": [ 1, 2, 15, 14 ], "texture": "#texture" },
				"south": { "uv": [ 4.25, 12.5, 7.75, 15.5 ], "texture": "#texture" },
				"west": { "uv": [ 4.25, 12.5, 4.5, 15.5 ], "texture": "#texture" },
				"east": { "uv": [ 7.5, 12.5, 7.75, 15.5 ], "texture": "#texture" }
			}
		},
		{
			"__comment": "Bottom",
			"from": [ 2, 0, 4 ],
			"to": [ 14, 6.04, 14 ],
			"faces": {
				"down": { "uv": [ 0.5, 8.25, 3.5, 10.75 ], "texture": "#texture" },
				"up": { "uv": [ 8.5, 9.250001, 11.5, 11.75 ], "texture": "#texture" }
			}
		}
	],
	"display": {
		"thirdperson_righthand": {
			"rotation":  [ 75, 45, 0 ],
			"translation":  [ 0, 2.5, 0 ],
			"scale":  [ 0.375, 0.375, 0.375 ]
		},
		"thirdperson_lefthand": {
			"rotation":  [ 75, 45, 0 ],
			"translation":  [ 0, 2.5, 0 ],
			"scale":  [ 0.375, 0.375, 0.375 ]
		},
		"firstperson_righthand": {
			"rotation":  [ 0, 45, 0 ],
			"scale":  [ 0.4, 0.4, 0.4 ]
		},
		"firstperson_lefthand": {
			"rotation":  [ 0, 45, 0 ],
			"scale":  [ 0.4, 0.4, 0.4 ]
		},
		"gui": {
			"rotation":  [ 30, 45, 0 ],
			"scale":  [ 0.625, 0.625, 0.625 ]
		},
		"head": {
			"rotation":  [ 0, 180, 0 ]
		},
		"ground": {
			"translation":  [ 0, 2, 0 ],
			"scale":  [ 0.5, 0.5, 0.5 ]
		},
		"fixed": {
			"rotation":  [ 0, 180, 0 ],
			"translation":  [ 0, 0, 18 ],
			"scale":  [ 2.01, 2.01, 2.01 ]
		}
	}
}