{"parent":"item/generated","textures":{"layer0":"item/leather_helmet","layer1":"item/leather_helmet_overlay"},"overrides":[{"predicate":{"custom_model_data":1},"model":"minecraft:item/leather_helmet"},{"predicate":{"custom_model_data":2},"model":"minecraft:item/leather_helmet"},{"predicate":{"custom_model_data":3},"model":"minecraft:item/leather_helmet"},{"predicate":{"custom_model_data":4},"model":"minecraft:item/leather_helmet"},{"predicate":{"custom_model_data":5},"model":"minecraft:item/leather_helmet"},{"predicate":{"custom_model_data":6},"model":"minecraft:item/leather_helmet"},{"predicate":{"custom_model_data":7},"model":"minecraft:item/leather_helmet"},{"predicate":{"custom_model_data":8},"model":"minecraft:item/leather_helmet"}]}