{"parent":"minecraft:item/generated","textures":{"layer0":"minecraft:item/milk_bucket"},"overrides":[{"predicate":{"custom_model_data":10000},"model":"itembound:auto_generated/holy_water"},{"predicate":{"custom_model_data":10001},"model":"itembound:auto_generated/hot_chocolate"},{"predicate":{"custom_model_data":10002},"model":"itembound:auto_generated/icecream_chocolate"},{"predicate":{"custom_model_data":10003},"model":"itembound:auto_generated/icecream_neapolitan"},{"predicate":{"custom_model_data":10004},"model":"itembound:auto_generated/icecream_strawberry"},{"predicate":{"custom_model_data":10005},"model":"itembound:auto_generated/icecream_vanilla"},{"predicate":{"custom_model_data":10006},"model":"itembound:auto_generated/milkshake_chocolate"},{"predicate":{"custom_model_data":10007},"model":"itembound:auto_generated/milkshake_strawberry"},{"predicate":{"custom_model_data":10008},"model":"itembound:auto_generated/milkshake_vanilla"},{"predicate":{"custom_model_data":10009},"model":"itembound:auto_generated/milk_almond"},{"predicate":{"custom_model_data":10010},"model":"itembound:auto_generated/milk_chocolate"},{"predicate":{"custom_model_data":10011},"model":"itembound:auto_generated/milk_coconut"},{"predicate":{"custom_model_data":10012},"model":"itembound:auto_generated/milk_pumpkin"},{"predicate":{"custom_model_data":10013},"model":"itembound:auto_generated/milk_soy"},{"predicate":{"custom_model_data":10014},"model":"itembound:auto_generated/nigiri_eel"},{"predicate":{"custom_model_data":10015},"model":"itembound:auto_generated/nigiri_salmon"},{"predicate":{"custom_model_data":10016},"model":"itembound:auto_generated/nigiri_shrimp"},{"predicate":{"custom_model_data":10017},"model":"itembound:auto_generated/nigiri_squid"},{"predicate":{"custom_model_data":10018},"model":"itembound:auto_generated/nigiri_tuna"},{"predicate":{"custom_model_data":10019},"model":"itembound:auto_generated/pudding_butterscotch"},{"predicate":{"custom_model_data":10020},"model":"itembound:auto_generated/pudding_chocolate"},{"predicate":{"custom_model_data":10021},"model":"itembound:auto_generated/pudding_vanilla"},{"predicate":{"custom_model_data":10022},"model":"itembound:auto_generated/roe_salmon"},{"predicate":{"custom_model_data":10023},"model":"itembound:auto_generated/roe_urchin"},{"predicate":{"custom_model_data":10024},"model":"itembound:auto_generated/roll_avocado"},{"predicate":{"custom_model_data":10025},"model":"itembound:auto_generated/roll_kimbap"},{"predicate":{"custom_model_data":10026},"model":"itembound:auto_generated/roll_salmon"},{"predicate":{"custom_model_data":10027},"model":"itembound:auto_generated/roll_tuna"},{"predicate":{"custom_model_data":10028},"model":"itembound:auto_generated/sashimi_salmon"},{"predicate":{"custom_model_data":10029},"model":"itembound:auto_generated/sashimi_surf_clam"},{"predicate":{"custom_model_data":10030},"model":"itembound:auto_generated/sashimi_tuna"},{"predicate":{"custom_model_data":10031},"model":"itembound:auto_generated/sashimi_white_tuna"},{"predicate":{"custom_model_data":10032},"model":"itembound:auto_generated/yogurt"},{"predicate":{"custom_model_data":10033},"model":"minecraft:item/milk_bucket"}]}