{"credit":"Made with Blockbench","textures":{"0":"3dfantasyweaponscit:item/nongfu/azure_sabre","particle":"3dfantasyweaponscit:item/nongfu/azure_sabre"},"elements":[{"name":"azure_sabre_0","from":[8.5,5.75,7.875],"to":[8.625,14,8],"rotation":{"angle":0,"axis":"x","origin":[9.63231,5.43516,7.93255]},"faces":{"north":{"uv":[7.125,10.25,7.25,2],"rotation":180,"texture":"#0"},"east":{"uv":[7.125,2,7.25,10.25],"texture":"#0"},"south":{"uv":[7.125,2,7.25,10.25],"texture":"#0"},"west":{"uv":[7.125,2,7.25,10.25],"texture":"#0"},"up":{"uv":[7.25,2,7.125,2.125],"rotation":180,"texture":"#0"},"down":{"uv":[7.125,10.125,7.25,10.25],"texture":"#0"}}},{"name":"azure_sabre_1","from":[8.375,5.625,7.875],"to":[8.5,13.875,8],"rotation":{"angle":0,"axis":"x","origin":[9.63231,5.43516,7.93255]},"faces":{"north":{"uv":[7,10.375,7.125,2.125],"rotation":180,"texture":"#0"},"east":{"uv":[7,2.125,7.125,10.375],"texture":"#0"},"south":{"uv":[7,2.125,7.125,10.375],"texture":"#0"},"west":{"uv":[7,2.125,7.125,10.375],"texture":"#0"},"up":{"uv":[7.125,2.125,7,2.25],"rotation":180,"texture":"#0"},"down":{"uv":[7,10.25,7.125,10.375],"texture":"#0"}}},{"name":"azure_sabre_2","from":[8.25,5.5,7.875],"to":[8.375,13.75,8],"rotation":{"angle":0,"axis":"x","origin":[9.63231,5.43516,7.93255]},"faces":{"north":{"uv":[6.875,10.5,7,2.25],"rotation":180,"texture":"#0"},"east":{"uv":[6.875,2.25,7,10.5],"texture":"#0"},"south":{"uv":[6.875,2.25,7,10.5],"texture":"#0"},"west":{"uv":[6.875,2.25,7,10.5],"texture":"#0"},"up":{"uv":[7,2.25,6.875,2.375],"rotation":180,"texture":"#0"},"down":{"uv":[6.875,10.375,7,10.5],"texture":"#0"}}},{"name":"azure_sabre_3","from":[8.125,5.375,7.875],"to":[8.25,13.625,8],"rotation":{"angle":0,"axis":"x","origin":[9.63231,5.43516,7.93255]},"faces":{"north":{"uv":[6.75,10.625,6.875,2.375],"rotation":180,"texture":"#0"},"east":{"uv":[6.75,2.375,6.875,10.625],"texture":"#0"},"south":{"uv":[6.75,2.375,6.875,10.625],"texture":"#0"},"west":{"uv":[6.75,2.375,6.875,10.625],"texture":"#0"},"up":{"uv":[6.875,2.375,6.75,2.5],"rotation":180,"texture":"#0"},"down":{"uv":[6.75,10.5,6.875,10.625],"texture":"#0"}}},{"name":"azure_sabre_4","from":[8.625,5.875,7.875],"to":[8.75,9.75,8],"rotation":{"angle":0,"axis":"x","origin":[9.63231,5.43516,7.93255]},"faces":{"north":{"uv":[7.25,10.125,7.375,6.25],"rotation":180,"texture":"#0"},"east":{"uv":[7.25,6.25,7.375,10.125],"texture":"#0"},"south":{"uv":[7.25,6.25,7.375,10.125],"texture":"#0"},"west":{"uv":[7.25,6.25,7.375,10.125],"texture":"#0"},"up":{"uv":[7.375,6.25,7.25,6.375],"rotation":180,"texture":"#0"},"down":{"uv":[7.25,10,7.375,10.125],"texture":"#0"}}},{"name":"azure_sabre_5","from":[8.75,5.25,7.6875],"to":[8.875,6,8.1875],"rotation":{"angle":0,"axis":"x","origin":[8.50731,5.43516,7.93255]},"faces":{"north":{"uv":[8.5,10.75,8.625,10],"rotation":180,"texture":"#0"},"east":{"uv":[8.5,10,8.625,10.75],"texture":"#0"},"south":{"uv":[8.5,10,8.625,10.75],"texture":"#0"},"west":{"uv":[8.5,10,8.625,10.75],"texture":"#0"},"up":{"uv":[8.625,10,8.5,10.125],"rotation":180,"texture":"#0"},"down":{"uv":[8.5,10.625,8.625,10.75],"texture":"#0"}}},{"name":"azure_sabre_6","from":[8.625,5.125,7.6875],"to":[8.75,5.875,8.1875],"rotation":{"angle":0,"axis":"x","origin":[8.50731,5.43516,7.93255]},"faces":{"north":{"uv":[8.375,10.875,8.5,10.125],"rotation":180,"texture":"#0"},"east":{"uv":[8.375,10.125,8.5,10.875],"texture":"#0"},"south":{"uv":[8.375,10.125,8.5,10.875],"texture":"#0"},"west":{"uv":[8.375,10.125,8.5,10.875],"texture":"#0"},"up":{"uv":[8.5,10.125,8.375,10.25],"rotation":180,"texture":"#0"},"down":{"uv":[8.375,10.75,8.5,10.875],"texture":"#0"}}},{"name":"azure_sabre_7","from":[8.5,5,7.6875],"to":[8.625,5.75,8.1875],"rotation":{"angle":0,"axis":"x","origin":[8.50731,5.43516,7.93255]},"faces":{"north":{"uv":[8.25,11,8.375,10.25],"rotation":180,"texture":"#0"},"east":{"uv":[8.25,10.25,8.375,11],"texture":"#0"},"south":{"uv":[8.25,10.25,8.375,11],"texture":"#0"},"west":{"uv":[8.25,10.25,8.375,11],"texture":"#0"},"up":{"uv":[8.375,10.25,8.25,10.375],"rotation":180,"texture":"#0"},"down":{"uv":[8.25,10.875,8.375,11],"texture":"#0"}}},{"name":"azure_sabre_8","from":[8.375,4.875,7.6875],"to":[8.5,5.625,8.1875],"rotation":{"angle":0,"axis":"x","origin":[8.50731,5.43516,7.93255]},"faces":{"north":{"uv":[8.125,11.125,8.25,10.375],"rotation":180,"texture":"#0"},"east":{"uv":[8.125,10.375,8.25,11.125],"texture":"#0"},"south":{"uv":[8.125,10.375,8.25,11.125],"texture":"#0"},"west":{"uv":[8.125,10.375,8.25,11.125],"texture":"#0"},"up":{"uv":[8.25,10.375,8.125,10.5],"rotation":180,"texture":"#0"},"down":{"uv":[8.125,11,8.25,11.125],"texture":"#0"}}},{"name":"azure_sabre_9","from":[8.25,4.75,7.6875],"to":[8.375,5.5,8.1875],"rotation":{"angle":0,"axis":"x","origin":[8.50731,5.43516,7.93255]},"faces":{"north":{"uv":[8,11.25,8.125,10.5],"rotation":180,"texture":"#0"},"east":{"uv":[8,10.5,8.125,11.25],"texture":"#0"},"south":{"uv":[8,10.5,8.125,11.25],"texture":"#0"},"west":{"uv":[8,10.5,8.125,11.25],"texture":"#0"},"up":{"uv":[8.125,10.5,8,10.625],"rotation":180,"texture":"#0"},"down":{"uv":[8,11.125,8.125,11.25],"texture":"#0"}}},{"name":"azure_sabre_10","from":[8.125,4.625,7.6875],"to":[8.25,5.375,8.1875],"rotation":{"angle":0,"axis":"x","origin":[8.50731,5.43516,7.93255]},"faces":{"north":{"uv":[7.875,11.375,8,10.625],"rotation":180,"texture":"#0"},"east":{"uv":[7.875,10.625,8,11.375],"texture":"#0"},"south":{"uv":[7.875,10.625,8,11.375],"texture":"#0"},"west":{"uv":[7.875,10.625,8,11.375],"texture":"#0"},"up":{"uv":[8,10.625,7.875,10.75],"rotation":180,"texture":"#0"},"down":{"uv":[7.875,11.25,8,11.375],"texture":"#0"}}},{"name":"azure_sabre_11","from":[8,4.5,7.6875],"to":[8.125,5.25,8.1875],"rotation":{"angle":0,"axis":"x","origin":[8.50731,5.43516,7.93255]},"faces":{"north":{"uv":[7.75,11.5,7.875,10.75],"rotation":180,"texture":"#0"},"east":{"uv":[7.75,10.75,7.875,11.5],"texture":"#0"},"south":{"uv":[7.75,10.75,7.875,11.5],"texture":"#0"},"west":{"uv":[7.75,10.75,7.875,11.5],"texture":"#0"},"up":{"uv":[7.875,10.75,7.75,10.875],"rotation":180,"texture":"#0"},"down":{"uv":[7.75,11.375,7.875,11.5],"texture":"#0"}}},{"name":"azure_sabre_12","from":[8.875,5,7.75],"to":[9,5.25,8.125],"rotation":{"angle":0,"axis":"x","origin":[8.50731,5.43516,7.93255]},"faces":{"north":{"uv":[8.625,11,8.75,10.75],"rotation":180,"texture":"#0"},"east":{"uv":[8.625,10.75,8.75,11],"texture":"#0"},"south":{"uv":[8.625,10.75,8.75,11],"texture":"#0"},"west":{"uv":[8.625,10.75,8.75,11],"texture":"#0"},"up":{"uv":[8.75,10.75,8.625,10.875],"rotation":180,"texture":"#0"},"down":{"uv":[8.625,10.875,8.75,11],"texture":"#0"}}},{"name":"azure_sabre_13","from":[7.875,3.875,7.6875],"to":[8,5.125,8.1875],"rotation":{"angle":0,"axis":"x","origin":[8.50731,5.43516,7.93255]},"faces":{"north":{"uv":[7.625,12.125,7.75,10.875],"rotation":180,"texture":"#0"},"east":{"uv":[7.625,10.875,7.75,12.125],"texture":"#0"},"south":{"uv":[7.625,10.875,7.75,12.125],"texture":"#0"},"west":{"uv":[7.625,10.875,7.75,12.125],"texture":"#0"},"up":{"uv":[7.75,10.875,7.625,11],"rotation":180,"texture":"#0"},"down":{"uv":[7.625,12,7.75,12.125],"texture":"#0"}}},{"name":"azure_sabre_14","from":[8.75,4.875,7.75],"to":[8.875,5.125,8.125],"rotation":{"angle":0,"axis":"x","origin":[8.50731,5.43516,7.93255]},"faces":{"north":{"uv":[8.5,11.125,8.625,10.875],"rotation":180,"texture":"#0"},"east":{"uv":[8.5,10.875,8.625,11.125],"texture":"#0"},"south":{"uv":[8.5,10.875,8.625,11.125],"texture":"#0"},"west":{"uv":[8.5,10.875,8.625,11.125],"texture":"#0"},"up":{"uv":[8.625,10.875,8.5,11],"rotation":180,"texture":"#0"},"down":{"uv":[8.5,11,8.625,11.125],"texture":"#0"}}},{"name":"azure_sabre_15","from":[7.75,4.25,7.6875],"to":[7.875,5,8.1875],"rotation":{"angle":0,"axis":"x","origin":[8.50731,5.43516,7.93255]},"faces":{"north":{"uv":[7.5,11.75,7.625,11],"rotation":180,"texture":"#0"},"east":{"uv":[7.5,11,7.625,11.75],"texture":"#0"},"south":{"uv":[7.5,11,7.625,11.75],"texture":"#0"},"west":{"uv":[7.5,11,7.625,11.75],"texture":"#0"},"up":{"uv":[7.625,11,7.5,11.125],"rotation":180,"texture":"#0"},"down":{"uv":[7.5,11.625,7.625,11.75],"texture":"#0"}}},{"name":"azure_sabre_16","from":[8.625,4.75,7.75],"to":[8.75,5,8.125],"rotation":{"angle":0,"axis":"x","origin":[8.50731,5.43516,7.93255]},"faces":{"north":{"uv":[8.375,11.25,8.5,11],"rotation":180,"texture":"#0"},"east":{"uv":[8.375,11,8.5,11.25],"texture":"#0"},"south":{"uv":[8.375,11,8.5,11.25],"texture":"#0"},"west":{"uv":[8.375,11,8.5,11.25],"texture":"#0"},"up":{"uv":[8.5,11,8.375,11.125],"rotation":180,"texture":"#0"},"down":{"uv":[8.375,11.125,8.5,11.25],"texture":"#0"}}},{"name":"azure_sabre_17","from":[8.5,4.875,7.8125],"to":[8.625,5,8.0625],"rotation":{"angle":0,"axis":"x","origin":[7.00731,5.43516,7.93255]},"faces":{"north":{"uv":[9.75,11.125,9.875,11],"rotation":180,"texture":"#0"},"east":{"uv":[9.75,11,9.875,11.125],"texture":"#0"},"south":{"uv":[9.75,11,9.875,11.125],"texture":"#0"},"west":{"uv":[9.75,11,9.875,11.125],"texture":"#0"},"up":{"uv":[9.875,11,9.75,11.125],"rotation":180,"texture":"#0"},"down":{"uv":[9.75,11,9.875,11.125],"texture":"#0"}}},{"name":"azure_sabre_18","from":[7.625,4.5,7.6875],"to":[7.75,4.875,8.1875],"rotation":{"angle":0,"axis":"x","origin":[8.50731,5.43516,7.93255]},"faces":{"north":{"uv":[7.375,11.5,7.5,11.125],"rotation":180,"texture":"#0"},"east":{"uv":[7.375,11.125,7.5,11.5],"texture":"#0"},"south":{"uv":[7.375,11.125,7.5,11.5],"texture":"#0"},"west":{"uv":[7.375,11.125,7.5,11.5],"texture":"#0"},"up":{"uv":[7.5,11.125,7.375,11.25],"rotation":180,"texture":"#0"},"down":{"uv":[7.375,11.375,7.5,11.5],"texture":"#0"}}},{"name":"azure_sabre_19","from":[8.5,4.625,7.75],"to":[8.625,4.875,8.125],"rotation":{"angle":0,"axis":"x","origin":[8.50731,5.43516,7.93255]},"faces":{"north":{"uv":[8.25,11.375,8.375,11.125],"rotation":180,"texture":"#0"},"east":{"uv":[8.25,11.125,8.375,11.375],"texture":"#0"},"south":{"uv":[8.25,11.125,8.375,11.375],"texture":"#0"},"west":{"uv":[8.25,11.125,8.375,11.375],"texture":"#0"},"up":{"uv":[8.375,11.125,8.25,11.25],"rotation":180,"texture":"#0"},"down":{"uv":[8.25,11.25,8.375,11.375],"texture":"#0"}}},{"name":"azure_sabre_20","from":[8.375,2.25,7.8125],"to":[8.5,4.875,8.0625],"rotation":{"angle":0,"axis":"x","origin":[7.00731,5.43516,7.93255]},"faces":{"north":{"uv":[9.625,13.75,9.75,11.125],"rotation":180,"texture":"#0"},"east":{"uv":[9.625,11.125,9.75,13.75],"texture":"#0"},"south":{"uv":[9.625,11.125,9.75,13.75],"texture":"#0"},"west":{"uv":[9.625,11.125,9.75,13.75],"texture":"#0"},"up":{"uv":[9.75,11.125,9.625,11.25],"rotation":180,"texture":"#0"},"down":{"uv":[9.625,13.625,9.75,13.75],"texture":"#0"}}},{"name":"azure_sabre_21","from":[7.5,4.5,7.6875],"to":[7.625,4.75,8.1875],"rotation":{"angle":0,"axis":"x","origin":[8.50731,5.43516,7.93255]},"faces":{"north":{"uv":[7.25,11.5,7.375,11.25],"rotation":180,"texture":"#0"},"east":{"uv":[7.25,11.25,7.375,11.5],"texture":"#0"},"south":{"uv":[7.25,11.25,7.375,11.5],"texture":"#0"},"west":{"uv":[7.25,11.25,7.375,11.5],"texture":"#0"},"up":{"uv":[7.375,11.25,7.25,11.375],"rotation":180,"texture":"#0"},"down":{"uv":[7.25,11.375,7.375,11.5],"texture":"#0"}}},{"name":"azure_sabre_22","from":[8.75,4.5,7.75],"to":[8.875,4.75,8.125],"rotation":{"angle":0,"axis":"x","origin":[8.50731,5.43516,7.93255]},"faces":{"north":{"uv":[8.5,11.5,8.625,11.25],"rotation":180,"texture":"#0"},"east":{"uv":[8.5,11.25,8.625,11.5],"texture":"#0"},"south":{"uv":[8.5,11.25,8.625,11.5],"texture":"#0"},"west":{"uv":[8.5,11.25,8.625,11.5],"texture":"#0"},"up":{"uv":[8.625,11.25,8.5,11.375],"rotation":180,"texture":"#0"},"down":{"uv":[8.5,11.375,8.625,11.5],"texture":"#0"}}},{"name":"azure_sabre_23","from":[8.25,4.5,7.8125],"to":[8.375,4.75,8.0625],"rotation":{"angle":0,"axis":"x","origin":[7.00731,5.43516,7.93255]},"faces":{"north":{"uv":[9.5,11.5,9.625,11.25],"rotation":180,"texture":"#0"},"east":{"uv":[9.5,11.25,9.625,11.5],"texture":"#0"},"south":{"uv":[9.5,11.25,9.625,11.5],"texture":"#0"},"west":{"uv":[9.5,11.25,9.625,11.5],"texture":"#0"},"up":{"uv":[9.625,11.25,9.5,11.375],"rotation":180,"texture":"#0"},"down":{"uv":[9.5,11.375,9.625,11.5],"texture":"#0"}}},{"name":"azure_sabre_24","from":[8.625,4.375,7.75],"to":[8.75,4.625,8.125],"rotation":{"angle":0,"axis":"x","origin":[8.50731,5.43516,7.93255]},"faces":{"north":{"uv":[8.375,11.625,8.5,11.375],"rotation":180,"texture":"#0"},"east":{"uv":[8.375,11.375,8.5,11.625],"texture":"#0"},"south":{"uv":[8.375,11.375,8.5,11.625],"texture":"#0"},"west":{"uv":[8.375,11.375,8.5,11.625],"texture":"#0"},"up":{"uv":[8.5,11.375,8.375,11.5],"rotation":180,"texture":"#0"},"down":{"uv":[8.375,11.5,8.5,11.625],"texture":"#0"}}},{"name":"azure_sabre_25","from":[8.5,4.5,7.8125],"to":[8.625,4.625,8.0625],"rotation":{"angle":0,"axis":"x","origin":[7.00731,5.43516,7.93255]},"faces":{"north":{"uv":[9.75,11.5,9.875,11.375],"rotation":180,"texture":"#0"},"east":{"uv":[9.75,11.375,9.875,11.5],"texture":"#0"},"south":{"uv":[9.75,11.375,9.875,11.5],"texture":"#0"},"west":{"uv":[9.75,11.375,9.875,11.5],"texture":"#0"},"up":{"uv":[9.875,11.375,9.75,11.5],"rotation":180,"texture":"#0"},"down":{"uv":[9.75,11.375,9.875,11.5],"texture":"#0"}}},{"name":"azure_sabre_26","from":[8.5,4.25,7.75],"to":[8.625,4.5,8.125],"rotation":{"angle":0,"axis":"x","origin":[8.50731,5.43516,7.93255]},"faces":{"north":{"uv":[8.25,11.75,8.375,11.5],"rotation":180,"texture":"#0"},"east":{"uv":[8.25,11.5,8.375,11.75],"texture":"#0"},"south":{"uv":[8.25,11.5,8.375,11.75],"texture":"#0"},"west":{"uv":[8.25,11.5,8.375,11.75],"texture":"#0"},"up":{"uv":[8.375,11.5,8.25,11.625],"rotation":180,"texture":"#0"},"down":{"uv":[8.25,11.625,8.375,11.75],"texture":"#0"}}},{"name":"azure_sabre_27","from":[8.5,2.375,7.8125],"to":[8.625,4.25,8.0625],"rotation":{"angle":0,"axis":"x","origin":[7.00731,5.43516,7.93255]},"faces":{"north":{"uv":[9.75,13.625,9.875,11.75],"rotation":180,"texture":"#0"},"east":{"uv":[9.75,11.75,9.875,13.625],"texture":"#0"},"south":{"uv":[9.75,11.75,9.875,13.625],"texture":"#0"},"west":{"uv":[9.75,11.75,9.875,13.625],"texture":"#0"},"up":{"uv":[9.875,11.75,9.75,11.875],"rotation":180,"texture":"#0"},"down":{"uv":[9.75,13.5,9.875,13.625],"texture":"#0"}}},{"name":"azure_sabre_28","from":[8,3.875,7.6875],"to":[8.125,4.125,8.1875],"rotation":{"angle":0,"axis":"x","origin":[8.50731,5.43516,7.93255]},"faces":{"north":{"uv":[7.75,12.125,7.875,11.875],"rotation":180,"texture":"#0"},"east":{"uv":[7.75,11.875,7.875,12.125],"texture":"#0"},"south":{"uv":[7.75,11.875,7.875,12.125],"texture":"#0"},"west":{"uv":[7.75,11.875,7.875,12.125],"texture":"#0"},"up":{"uv":[7.875,11.875,7.75,12],"rotation":180,"texture":"#0"},"down":{"uv":[7.75,12,7.875,12.125],"texture":"#0"}}},{"name":"azure_sabre_29","from":[8.25,2.125,7.8125],"to":[8.375,3.125,8.0625],"rotation":{"angle":0,"axis":"x","origin":[7.00731,5.43516,7.93255]},"faces":{"north":{"uv":[9.5,13.875,9.625,12.875],"rotation":180,"texture":"#0"},"east":{"uv":[9.5,12.875,9.625,13.875],"texture":"#0"},"south":{"uv":[9.5,12.875,9.625,13.875],"texture":"#0"},"west":{"uv":[9.5,12.875,9.625,13.875],"texture":"#0"},"up":{"uv":[9.625,12.875,9.5,13],"rotation":180,"texture":"#0"},"down":{"uv":[9.5,13.75,9.625,13.875],"texture":"#0"}}}],"display":{"thirdperson_righthand":{"rotation":[0,-90,0],"translation":[0,8.5,-0.5],"scale":[2.4,2.4,2.4]},"thirdperson_lefthand":{"rotation":[0,90,0],"translation":[0,8.5,-0.5],"scale":[2.4,2.4,2.4]},"firstperson_righthand":{"rotation":[10,-90,1],"translation":[1.25,5.75,1.5],"scale":[1.4,1.4,1.4]},"firstperson_lefthand":{"rotation":[10,90,1],"translation":[1.25,5.75,1.5],"scale":[1.4,1.4,1.4]},"ground":{"rotation":[0,0,45],"translation":[0,7,0]},"gui":{"rotation":[0,-180,45],"translation":[0,-1,0],"scale":[1.7,1.7,1.7]},"head":{"rotation":[0,0,45],"translation":[0,19,0],"scale":[2,2,2]},"fixed":{"rotation":[0,0,45],"translation":[0,-1.5,0],"scale":[2,2,2]}},"groups":[{"name":"azure_sabre","origin":[8,8,8],"children":[0,1,2,3,4,5,6,7,8,9,10,11,12,13,14,15,16,17,18,19,20,21,22,23,24,25,26,27,28,29]}]}