{"credit":"Made by spike5032","textures":{"0":"block/pumpkin_side","1":"block/oak_log","2":"block/pumpkin_top","3":"block/anvil","particle":"block/pumpkin_side"},"elements":[{"name":"octagon","from":[-0.46392,9.3002,13.68],"to":[0.46392,11.3002,15.92],"rotation":{"angle":22.5,"axis":"y","origin":[0,10.8,14.8]},"faces":{"north":{"uv":[0,0,16,16],"texture":"#0"},"east":{"uv":[0,0,1,1],"texture":"#missing"},"south":{"uv":[0,0,16,16],"texture":"#0"},"west":{"uv":[0,1.902,1,3.984],"texture":"#0"},"up":{"uv":[0,0,16,16],"rotation":270,"texture":"#2"},"down":{"uv":[0,0,16,16],"rotation":270,"texture":"#2"}}},{"name":"octagon","from":[-0.46392,9.3001,13.68],"to":[0.46392,11.3001,15.92],"rotation":{"angle":-22.5,"axis":"y","origin":[0,10.8,14.8]},"faces":{"north":{"uv":[0,0,16,16],"texture":"#0"},"east":{"uv":[0,0,1,1],"texture":"#missing"},"south":{"uv":[0,0,16,16],"texture":"#0"},"west":{"uv":[0,0,1,1],"texture":"#missing"},"up":{"uv":[0,0,16,16],"rotation":270,"texture":"#2"},"down":{"uv":[0,0,16,16],"rotation":270,"texture":"#2"}}},{"name":"octagon","from":[-1.12,9.3004,14.33608],"to":[1.12,11.3004,15.26392],"rotation":{"angle":22.5,"axis":"y","origin":[0,10.8,14.8]},"faces":{"north":{"uv":[0,0,16,16],"texture":"#0"},"east":{"uv":[0,0,16,16],"texture":"#0"},"south":{"uv":[0,0,16,16],"texture":"#0"},"west":{"uv":[0,0,16,16],"texture":"#0"},"up":{"uv":[0,0,16,16],"rotation":270,"texture":"#2"},"down":{"uv":[0,0,16,16],"rotation":270,"texture":"#2"}}},{"name":"octagon","from":[-1.12,9.3003,14.33608],"to":[1.12,11.3003,15.26392],"rotation":{"angle":-22.5,"axis":"y","origin":[0,10.8,14.8]},"faces":{"north":{"uv":[0,0,1,1],"texture":"#missing"},"east":{"uv":[0,0,16,16],"texture":"#0"},"south":{"uv":[0,0,16,16],"texture":"#0"},"west":{"uv":[0,0,16,16],"texture":"#0"},"up":{"uv":[0,0,16,16],"rotation":270,"texture":"#2"},"down":{"uv":[0,0,16,16],"rotation":270,"texture":"#2"}}},{"from":[-0.25,11.25,14.55],"to":[0.25,12,15.05],"faces":{"north":{"uv":[4,3,13,12],"texture":"#1"},"east":{"uv":[4,3,13,12],"texture":"#1"},"south":{"uv":[4,3,13,12],"texture":"#1"},"west":{"uv":[4,3,13,12],"texture":"#1"},"up":{"uv":[4,3,13,12],"texture":"#1"},"down":{"uv":[4,3,13,12],"texture":"#1"}}},{"name":"octagon","from":[-6.96392,9.8002,13.68],"to":[-6.03608,11.8002,15.92],"rotation":{"angle":22.5,"axis":"y","origin":[-6.5,11.3,14.8]},"faces":{"north":{"uv":[0,0,16,16],"texture":"#0"},"east":{"uv":[0,0,1,1],"texture":"#missing"},"south":{"uv":[0,0,16,16],"texture":"#0"},"west":{"uv":[0,1.902,1,3.984],"texture":"#0"},"up":{"uv":[0,0,16,16],"rotation":270,"texture":"#2"},"down":{"uv":[0,0,16,16],"rotation":270,"texture":"#2"}}},{"name":"octagon","from":[-6.96392,9.8001,13.68],"to":[-6.03608,11.8001,15.92],"rotation":{"angle":-22.5,"axis":"y","origin":[-6.5,11.3,14.8]},"faces":{"north":{"uv":[0,0,16,16],"texture":"#0"},"east":{"uv":[0,0,1,1],"texture":"#missing"},"south":{"uv":[0,0,16,16],"texture":"#0"},"west":{"uv":[0,0,1,1],"texture":"#missing"},"up":{"uv":[0,0,16,16],"rotation":270,"texture":"#2"},"down":{"uv":[0,0,16,16],"rotation":270,"texture":"#2"}}},{"name":"octagon","from":[-7.62,9.8004,14.33608],"to":[-5.38,11.8004,15.26392],"rotation":{"angle":22.5,"axis":"y","origin":[-6.5,11.3,14.8]},"faces":{"north":{"uv":[0,0,1,1],"texture":"#missing"},"east":{"uv":[0,0,16,16],"texture":"#0"},"south":{"uv":[0,0,1,1],"texture":"#missing"},"west":{"uv":[0,0,16,16],"texture":"#0"},"up":{"uv":[0,0,16,16],"rotation":270,"texture":"#2"},"down":{"uv":[0,0,16,16],"rotation":270,"texture":"#2"}}},{"name":"octagon","from":[-7.62,9.8003,14.33608],"to":[-5.38,11.8003,15.26392],"rotation":{"angle":-22.5,"axis":"y","origin":[-6.5,11.3,14.8]},"faces":{"north":{"uv":[0,0,1,1],"texture":"#missing"},"east":{"uv":[0,0,16,16],"texture":"#0"},"south":{"uv":[0,0,1,1],"texture":"#missing"},"west":{"uv":[0,0,16,16],"texture":"#0"},"up":{"uv":[0,0,16,16],"rotation":270,"texture":"#2"},"down":{"uv":[0,0,16,16],"rotation":270,"texture":"#2"}}},{"from":[-6.75,11.75,14.55],"to":[-6.25,12.5,15.05],"rotation":{"angle":0,"axis":"y","origin":[1.5,8.5,8]},"faces":{"north":{"uv":[4,3,13,12],"texture":"#1"},"east":{"uv":[4,3,13,12],"texture":"#1"},"south":{"uv":[4,3,13,12],"texture":"#1"},"west":{"uv":[4,3,13,12],"texture":"#1"},"up":{"uv":[4,3,13,12],"texture":"#1"},"down":{"uv":[4,3,13,12],"texture":"#1"}}},{"name":"octagon","from":[-10.46392,10.8002,13.68],"to":[-9.53608,12.8002,15.92],"rotation":{"angle":-22.5,"axis":"y","origin":[-10,12.3,14.8]},"faces":{"north":{"uv":[0,0,16,16],"texture":"#0"},"east":{"uv":[0,0,16,16],"texture":"#0"},"south":{"uv":[0,0,16,16],"texture":"#0"},"west":{"uv":[0,0,16,16],"texture":"#0"},"up":{"uv":[0,0,16,16],"rotation":270,"texture":"#2"},"down":{"uv":[0,0,16,16],"rotation":270,"texture":"#2"}}},{"name":"octagon","from":[9.53608,10.8002,13.68],"to":[10.46392,12.8002,15.92],"rotation":{"angle":-22.5,"axis":"y","origin":[10,12.3,14.8]},"faces":{"north":{"uv":[0,0,16,16],"texture":"#0"},"east":{"uv":[0,0,16,16],"texture":"#0"},"south":{"uv":[0,0,16,16],"texture":"#0"},"west":{"uv":[0,0,16,16],"texture":"#0"},"up":{"uv":[0,0,16,16],"rotation":270,"texture":"#2"},"down":{"uv":[0,0,16,16],"rotation":270,"texture":"#2"}}},{"name":"octagon","from":[-10.46392,10.8001,13.68],"to":[-9.53608,12.8001,15.92],"rotation":{"angle":22.5,"axis":"y","origin":[-10,12.3,14.8]},"faces":{"north":{"uv":[0,0,16,16],"texture":"#0"},"east":{"uv":[1,0,0,1],"texture":"#missing"},"south":{"uv":[0,0,16,16],"texture":"#0"},"west":{"uv":[0,0,16,16],"texture":"#0"},"up":{"uv":[0,0,16,16],"rotation":270,"texture":"#2"},"down":{"uv":[0,0,16,16],"rotation":270,"texture":"#2"}}},{"name":"octagon","from":[9.53608,10.8001,13.68],"to":[10.46392,12.8001,15.92],"rotation":{"angle":22.5,"axis":"y","origin":[10,12.3,14.8]},"faces":{"north":{"uv":[0,0,16,16],"texture":"#0"},"east":{"uv":[1,0,0,1],"texture":"#missing"},"south":{"uv":[0,0,16,16],"texture":"#0"},"west":{"uv":[0,0,16,16],"texture":"#0"},"up":{"uv":[0,0,16,16],"rotation":270,"texture":"#2"},"down":{"uv":[0,0,16,16],"rotation":270,"texture":"#2"}}},{"name":"octagon","from":[-11.12,10.8004,14.33608],"to":[-8.88,12.8004,15.26392],"rotation":{"angle":-22.5,"axis":"y","origin":[-10,12.3,14.8]},"faces":{"north":{"uv":[1,0,0,1],"texture":"#missing"},"east":{"uv":[0,0,16,16],"texture":"#0"},"south":{"uv":[1,0,0,1],"texture":"#missing"},"west":{"uv":[0,0,16,16],"texture":"#0"},"up":{"uv":[0,0,16,16],"rotation":270,"texture":"#2"},"down":{"uv":[0,0,16,16],"rotation":270,"texture":"#2"}}},{"name":"octagon","from":[8.88,10.8004,14.33608],"to":[11.12,12.8004,15.26392],"rotation":{"angle":-22.5,"axis":"y","origin":[10,12.3,14.8]},"faces":{"north":{"uv":[1,0,0,1],"texture":"#missing"},"east":{"uv":[0,0,16,16],"texture":"#0"},"south":{"uv":[1,0,0,1],"texture":"#missing"},"west":{"uv":[0,0,16,16],"texture":"#0"},"up":{"uv":[0,0,16,16],"rotation":270,"texture":"#2"},"down":{"uv":[0,0,16,16],"rotation":270,"texture":"#2"}}},{"name":"octagon","from":[-11.12,10.8003,14.33608],"to":[-8.88,12.8003,15.26392],"rotation":{"angle":22.5,"axis":"y","origin":[-10,12.3,14.8]},"faces":{"north":{"uv":[1,0,0,1],"texture":"#missing"},"east":{"uv":[0,0,16,16],"texture":"#0"},"south":{"uv":[1,0,0,1],"texture":"#missing"},"west":{"uv":[0,0,16,16],"texture":"#0"},"up":{"uv":[0,0,16,16],"rotation":270,"texture":"#2"},"down":{"uv":[0,0,16,16],"rotation":270,"texture":"#2"}}},{"name":"octagon","from":[8.88,10.8003,14.33608],"to":[11.12,12.8003,15.26392],"rotation":{"angle":22.5,"axis":"y","origin":[10,12.3,14.8]},"faces":{"north":{"uv":[1,0,0,1],"texture":"#missing"},"east":{"uv":[0,0,16,16],"texture":"#0"},"south":{"uv":[1,0,0,1],"texture":"#missing"},"west":{"uv":[0,0,16,16],"texture":"#0"},"up":{"uv":[0,0,16,16],"rotation":270,"texture":"#2"},"down":{"uv":[0,0,16,16],"rotation":270,"texture":"#2"}}},{"from":[-10.25,12.75,14.55],"to":[-9.75,13.5,15.05],"rotation":{"angle":0,"axis":"y","origin":[-18,9.5,8]},"faces":{"north":{"uv":[13,3,4,12],"texture":"#1"},"east":{"uv":[13,3,4,12],"texture":"#1"},"south":{"uv":[13,3,4,12],"texture":"#1"},"west":{"uv":[13,3,4,12],"texture":"#1"},"up":{"uv":[13,3,4,12],"texture":"#1"},"down":{"uv":[13,3,4,12],"texture":"#1"}}},{"from":[9.75,12.75,14.55],"to":[10.25,13.5,15.05],"rotation":{"angle":0,"axis":"y","origin":[2,9.5,8]},"faces":{"north":{"uv":[13,3,4,12],"texture":"#1"},"east":{"uv":[13,3,4,12],"texture":"#1"},"south":{"uv":[13,3,4,12],"texture":"#1"},"west":{"uv":[13,3,4,12],"texture":"#1"},"up":{"uv":[13,3,4,12],"texture":"#1"},"down":{"uv":[13,3,4,12],"texture":"#1"}}},{"from":[12.25,14.1,14.55],"to":[12.75,14.3,15.05],"rotation":{"angle":0,"axis":"y","origin":[4.5,10.1,8]},"faces":{"north":{"uv":[13,3,4,12],"texture":"#3"},"east":{"uv":[13,3,4,12],"texture":"#3"},"south":{"uv":[13,3,4,12],"texture":"#3"},"west":{"uv":[13,3,4,12],"texture":"#3"},"up":{"uv":[13,3,4,12],"texture":"#3"},"down":{"uv":[13,3,4,12],"texture":"#3"}}},{"from":[-12.75,14.1,14.55],"to":[-12.25,14.3,15.05],"rotation":{"angle":0,"axis":"y","origin":[-4.5,10.1,8]},"faces":{"north":{"uv":[4,3,13,12],"texture":"#3"},"east":{"uv":[4,3,13,12],"texture":"#3"},"south":{"uv":[4,3,13,12],"texture":"#3"},"west":{"uv":[4,3,13,12],"texture":"#3"},"up":{"uv":[4,3,13,12],"texture":"#3"},"down":{"uv":[4,3,13,12],"texture":"#3"}}},{"from":[11.75,14,14.55],"to":[12.25,14.2,15.05],"rotation":{"angle":0,"axis":"y","origin":[4,10,8]},"faces":{"north":{"uv":[13,3,4,12],"texture":"#3"},"east":{"uv":[13,3,4,12],"texture":"#3"},"south":{"uv":[13,3,4,12],"texture":"#3"},"west":{"uv":[13,3,4,12],"texture":"#3"},"up":{"uv":[13,3,4,12],"texture":"#3"},"down":{"uv":[13,3,4,12],"texture":"#3"}}},{"from":[-12.25,14,14.55],"to":[-11.75,14.2,15.05],"rotation":{"angle":0,"axis":"y","origin":[-4,10,8]},"faces":{"north":{"uv":[4,3,13,12],"texture":"#3"},"east":{"uv":[4,3,13,12],"texture":"#3"},"south":{"uv":[4,3,13,12],"texture":"#3"},"west":{"uv":[4,3,13,12],"texture":"#3"},"up":{"uv":[4,3,13,12],"texture":"#3"},"down":{"uv":[4,3,13,12],"texture":"#3"}}},{"from":[11.25,13.8,14.55],"to":[11.75,14,15.05],"rotation":{"angle":0,"axis":"y","origin":[3.5,9.8,8]},"faces":{"north":{"uv":[13,3,4,12],"texture":"#3"},"east":{"uv":[13,3,4,12],"texture":"#3"},"south":{"uv":[13,3,4,12],"texture":"#3"},"west":{"uv":[13,3,4,12],"texture":"#3"},"up":{"uv":[13,3,4,12],"texture":"#3"},"down":{"uv":[13,3,4,12],"texture":"#3"}}},{"from":[-11.75,13.8,14.55],"to":[-11.25,14,15.05],"rotation":{"angle":0,"axis":"y","origin":[-3.5,9.8,8]},"faces":{"north":{"uv":[4,3,13,12],"texture":"#3"},"east":{"uv":[4,3,13,12],"texture":"#3"},"south":{"uv":[4,3,13,12],"texture":"#3"},"west":{"uv":[4,3,13,12],"texture":"#3"},"up":{"uv":[4,3,13,12],"texture":"#3"},"down":{"uv":[4,3,13,12],"texture":"#3"}}},{"from":[10.75,13.7,14.55],"to":[11.25,13.9,15.05],"rotation":{"angle":0,"axis":"y","origin":[3,9.7,8]},"faces":{"north":{"uv":[13,3,4,12],"texture":"#3"},"east":{"uv":[13,3,4,12],"texture":"#3"},"south":{"uv":[13,3,4,12],"texture":"#3"},"west":{"uv":[13,3,4,12],"texture":"#3"},"up":{"uv":[13,3,4,12],"texture":"#3"},"down":{"uv":[13,3,4,12],"texture":"#3"}}},{"from":[-11.25,13.7,14.55],"to":[-10.75,13.9,15.05],"rotation":{"angle":0,"axis":"y","origin":[-3,9.7,8]},"faces":{"north":{"uv":[4,3,13,12],"texture":"#3"},"east":{"uv":[4,3,13,12],"texture":"#3"},"south":{"uv":[4,3,13,12],"texture":"#3"},"west":{"uv":[4,3,13,12],"texture":"#3"},"up":{"uv":[4,3,13,12],"texture":"#3"},"down":{"uv":[4,3,13,12],"texture":"#3"}}},{"from":[10.25,13.6,14.55],"to":[10.75,13.8,15.05],"rotation":{"angle":0,"axis":"y","origin":[2.5,9.6,8]},"faces":{"north":{"uv":[13,3,4,12],"texture":"#3"},"east":{"uv":[13,3,4,12],"texture":"#3"},"south":{"uv":[13,3,4,12],"texture":"#3"},"west":{"uv":[13,3,4,12],"texture":"#3"},"up":{"uv":[13,3,4,12],"texture":"#3"},"down":{"uv":[13,3,4,12],"texture":"#3"}}},{"from":[-10.75,13.6,14.55],"to":[-10.25,13.8,15.05],"rotation":{"angle":0,"axis":"y","origin":[-2.5,9.6,8]},"faces":{"north":{"uv":[4,3,13,12],"texture":"#3"},"east":{"uv":[4,3,13,12],"texture":"#3"},"south":{"uv":[4,3,13,12],"texture":"#3"},"west":{"uv":[4,3,13,12],"texture":"#3"},"up":{"uv":[4,3,13,12],"texture":"#3"},"down":{"uv":[4,3,13,12],"texture":"#3"}}},{"from":[9.75,13.5,14.55],"to":[10.25,13.7,15.05],"rotation":{"angle":0,"axis":"y","origin":[2,9.5,8]},"faces":{"north":{"uv":[13,3,4,12],"texture":"#3"},"east":{"uv":[13,3,4,12],"texture":"#3"},"south":{"uv":[13,3,4,12],"texture":"#3"},"west":{"uv":[13,3,4,12],"texture":"#3"},"up":{"uv":[13,3,4,12],"texture":"#3"},"down":{"uv":[13,3,4,12],"texture":"#3"}}},{"from":[-10.25,13.5,14.55],"to":[-9.75,13.7,15.05],"rotation":{"angle":0,"axis":"y","origin":[-2,9.5,8]},"faces":{"north":{"uv":[4,3,13,12],"texture":"#3"},"east":{"uv":[4,3,13,12],"texture":"#3"},"south":{"uv":[4,3,13,12],"texture":"#3"},"west":{"uv":[4,3,13,12],"texture":"#3"},"up":{"uv":[4,3,13,12],"texture":"#3"},"down":{"uv":[4,3,13,12],"texture":"#3"}}},{"from":[9.25,13.4,14.55],"to":[9.75,13.6,15.05],"rotation":{"angle":0,"axis":"y","origin":[1.5,9.4,8]},"faces":{"north":{"uv":[13,3,4,12],"texture":"#3"},"east":{"uv":[13,3,4,12],"texture":"#3"},"south":{"uv":[13,3,4,12],"texture":"#3"},"west":{"uv":[13,3,4,12],"texture":"#3"},"up":{"uv":[13,3,4,12],"texture":"#3"},"down":{"uv":[13,3,4,12],"texture":"#3"}}},{"from":[-9.75,13.4,14.55],"to":[-9.25,13.6,15.05],"rotation":{"angle":0,"axis":"y","origin":[-1.5,9.4,8]},"faces":{"north":{"uv":[4,3,13,12],"texture":"#3"},"east":{"uv":[4,3,13,12],"texture":"#3"},"south":{"uv":[4,3,13,12],"texture":"#3"},"west":{"uv":[4,3,13,12],"texture":"#3"},"up":{"uv":[4,3,13,12],"texture":"#3"},"down":{"uv":[4,3,13,12],"texture":"#3"}}},{"from":[8.75,13.3,14.55],"to":[9.25,13.5,15.05],"rotation":{"angle":0,"axis":"y","origin":[1,9.3,8]},"faces":{"north":{"uv":[13,3,4,12],"texture":"#3"},"east":{"uv":[13,3,4,12],"texture":"#3"},"south":{"uv":[13,3,4,12],"texture":"#3"},"west":{"uv":[13,3,4,12],"texture":"#3"},"up":{"uv":[13,3,4,12],"texture":"#3"},"down":{"uv":[13,3,4,12],"texture":"#3"}}},{"from":[-9.25,13.3,14.55],"to":[-8.75,13.5,15.05],"rotation":{"angle":0,"axis":"y","origin":[-1,9.3,8]},"faces":{"north":{"uv":[4,3,13,12],"texture":"#3"},"east":{"uv":[4,3,13,12],"texture":"#3"},"south":{"uv":[4,3,13,12],"texture":"#3"},"west":{"uv":[4,3,13,12],"texture":"#3"},"up":{"uv":[4,3,13,12],"texture":"#3"},"down":{"uv":[4,3,13,12],"texture":"#3"}}},{"from":[8.25,13.2,14.55],"to":[8.75,13.4,15.05],"rotation":{"angle":0,"axis":"y","origin":[0.5,9.2,8]},"faces":{"north":{"uv":[13,3,4,12],"texture":"#3"},"east":{"uv":[13,3,4,12],"texture":"#3"},"south":{"uv":[13,3,4,12],"texture":"#3"},"west":{"uv":[13,3,4,12],"texture":"#3"},"up":{"uv":[13,3,4,12],"texture":"#3"},"down":{"uv":[13,3,4,12],"texture":"#3"}}},{"from":[-8.75,13.2,14.55],"to":[-8.25,13.4,15.05],"rotation":{"angle":0,"axis":"y","origin":[-0.5,9.2,8]},"faces":{"north":{"uv":[4,3,13,12],"texture":"#3"},"east":{"uv":[4,3,13,12],"texture":"#3"},"south":{"uv":[4,3,13,12],"texture":"#3"},"west":{"uv":[4,3,13,12],"texture":"#3"},"up":{"uv":[4,3,13,12],"texture":"#3"},"down":{"uv":[4,3,13,12],"texture":"#3"}}},{"from":[7.75,13.1,14.55],"to":[8.25,13.3,15.05],"rotation":{"angle":0,"axis":"y","origin":[0,9.1,8]},"faces":{"north":{"uv":[13,3,4,12],"texture":"#3"},"east":{"uv":[13,3,4,12],"texture":"#3"},"south":{"uv":[13,3,4,12],"texture":"#3"},"west":{"uv":[13,3,4,12],"texture":"#3"},"up":{"uv":[13,3,4,12],"texture":"#3"},"down":{"uv":[13,3,4,12],"texture":"#3"}}},{"from":[-8.25,13.1,14.55],"to":[-7.75,13.3,15.05],"rotation":{"angle":0,"axis":"y","origin":[0,9.1,8]},"faces":{"north":{"uv":[4,3,13,12],"texture":"#3"},"east":{"uv":[4,3,13,12],"texture":"#3"},"south":{"uv":[4,3,13,12],"texture":"#3"},"west":{"uv":[4,3,13,12],"texture":"#3"},"up":{"uv":[4,3,13,12],"texture":"#3"},"down":{"uv":[4,3,13,12],"texture":"#3"}}},{"from":[7.25,12.9,14.55],"to":[7.75,13.1,15.05],"rotation":{"angle":0,"axis":"y","origin":[-0.5,8.9,8]},"faces":{"north":{"uv":[13,3,4,12],"texture":"#3"},"east":{"uv":[13,3,4,12],"texture":"#3"},"south":{"uv":[13,3,4,12],"texture":"#3"},"west":{"uv":[13,3,4,12],"texture":"#3"},"up":{"uv":[13,3,4,12],"texture":"#3"},"down":{"uv":[13,3,4,12],"texture":"#3"}}},{"from":[-7.75,12.9,14.55],"to":[-7.25,13.1,15.05],"rotation":{"angle":0,"axis":"y","origin":[0.5,8.9,8]},"faces":{"north":{"uv":[4,3,13,12],"texture":"#3"},"east":{"uv":[4,3,13,12],"texture":"#3"},"south":{"uv":[4,3,13,12],"texture":"#3"},"west":{"uv":[4,3,13,12],"texture":"#3"},"up":{"uv":[4,3,13,12],"texture":"#3"},"down":{"uv":[4,3,13,12],"texture":"#3"}}},{"from":[6.75,12.7,14.55],"to":[7.25,12.9,15.05],"rotation":{"angle":0,"axis":"y","origin":[-1,8.7,8]},"faces":{"north":{"uv":[13,3,4,12],"texture":"#3"},"east":{"uv":[13,3,4,12],"texture":"#3"},"south":{"uv":[13,3,4,12],"texture":"#3"},"west":{"uv":[13,3,4,12],"texture":"#3"},"up":{"uv":[13,3,4,12],"texture":"#3"},"down":{"uv":[13,3,4,12],"texture":"#3"}}},{"from":[-7.25,12.7,14.55],"to":[-6.75,12.9,15.05],"rotation":{"angle":0,"axis":"y","origin":[1,8.7,8]},"faces":{"north":{"uv":[4,3,13,12],"texture":"#3"},"east":{"uv":[4,3,13,12],"texture":"#3"},"south":{"uv":[4,3,13,12],"texture":"#3"},"west":{"uv":[4,3,13,12],"texture":"#3"},"up":{"uv":[4,3,13,12],"texture":"#3"},"down":{"uv":[4,3,13,12],"texture":"#3"}}},{"from":[6.25,12.5,14.55],"to":[6.75,12.7,15.05],"rotation":{"angle":0,"axis":"y","origin":[-1.5,8.5,8]},"faces":{"north":{"uv":[13,3,4,12],"texture":"#3"},"east":{"uv":[13,3,4,12],"texture":"#3"},"south":{"uv":[13,3,4,12],"texture":"#3"},"west":{"uv":[13,3,4,12],"texture":"#3"},"up":{"uv":[13,3,4,12],"texture":"#3"},"down":{"uv":[13,3,4,12],"texture":"#3"}}},{"from":[-6.75,12.5,14.55],"to":[-6.25,12.7,15.05],"rotation":{"angle":0,"axis":"y","origin":[1.5,8.5,8]},"faces":{"north":{"uv":[4,3,13,12],"texture":"#3"},"east":{"uv":[4,3,13,12],"texture":"#3"},"south":{"uv":[4,3,13,12],"texture":"#3"},"west":{"uv":[4,3,13,12],"texture":"#3"},"up":{"uv":[4,3,13,12],"texture":"#3"},"down":{"uv":[4,3,13,12],"texture":"#3"}}},{"from":[-0.25,12,14.55],"to":[0.25,12.2,15.05],"faces":{"north":{"uv":[4,3,13,12],"texture":"#3"},"east":{"uv":[4,3,13,12],"texture":"#3"},"south":{"uv":[4,3,13,12],"texture":"#3"},"west":{"uv":[4,3,13,12],"texture":"#3"},"up":{"uv":[4,3,13,12],"texture":"#3"},"down":{"uv":[4,3,13,12],"texture":"#3"}}},{"from":[0.25,12.1,14.55],"to":[0.75,12.3,15.05],"rotation":{"angle":0,"axis":"y","origin":[-7.5,8.1,8]},"faces":{"north":{"uv":[13,3,4,12],"texture":"#3"},"east":{"uv":[13,3,4,12],"texture":"#3"},"south":{"uv":[13,3,4,12],"texture":"#3"},"west":{"uv":[13,3,4,12],"texture":"#3"},"up":{"uv":[13,3,4,12],"texture":"#3"},"down":{"uv":[13,3,4,12],"texture":"#3"}}},{"from":[-0.75,12.1,14.55],"to":[-0.25,12.3,15.05],"rotation":{"angle":0,"axis":"y","origin":[7.5,8.1,8]},"faces":{"north":{"uv":[4,3,13,12],"texture":"#3"},"east":{"uv":[4,3,13,12],"texture":"#3"},"south":{"uv":[4,3,13,12],"texture":"#3"},"west":{"uv":[4,3,13,12],"texture":"#3"},"up":{"uv":[4,3,13,12],"texture":"#3"},"down":{"uv":[4,3,13,12],"texture":"#3"}}},{"from":[0.75,12.2,14.55],"to":[1.25,12.4,15.05],"rotation":{"angle":0,"axis":"y","origin":[-7,8.2,8]},"faces":{"north":{"uv":[13,3,4,12],"texture":"#3"},"east":{"uv":[13,3,4,12],"texture":"#3"},"south":{"uv":[13,3,4,12],"texture":"#3"},"west":{"uv":[13,3,4,12],"texture":"#3"},"up":{"uv":[13,3,4,12],"texture":"#3"},"down":{"uv":[13,3,4,12],"texture":"#3"}}},{"from":[-1.25,12.2,14.55],"to":[-0.75,12.4,15.05],"rotation":{"angle":0,"axis":"y","origin":[7,8.2,8]},"faces":{"north":{"uv":[4,3,13,12],"texture":"#3"},"east":{"uv":[4,3,13,12],"texture":"#3"},"south":{"uv":[4,3,13,12],"texture":"#3"},"west":{"uv":[4,3,13,12],"texture":"#3"},"up":{"uv":[4,3,13,12],"texture":"#3"},"down":{"uv":[4,3,13,12],"texture":"#3"}}},{"from":[1.25,12.3,14.55],"to":[1.75,12.5,15.05],"rotation":{"angle":0,"axis":"y","origin":[-6.5,8.3,8]},"faces":{"north":{"uv":[13,3,4,12],"texture":"#3"},"east":{"uv":[13,3,4,12],"texture":"#3"},"south":{"uv":[13,3,4,12],"texture":"#3"},"west":{"uv":[13,3,4,12],"texture":"#3"},"up":{"uv":[13,3,4,12],"texture":"#3"},"down":{"uv":[13,3,4,12],"texture":"#3"}}},{"from":[-1.75,12.3,14.55],"to":[-1.25,12.5,15.05],"rotation":{"angle":0,"axis":"y","origin":[6.5,8.3,8]},"faces":{"north":{"uv":[4,3,13,12],"texture":"#3"},"east":{"uv":[4,3,13,12],"texture":"#3"},"south":{"uv":[4,3,13,12],"texture":"#3"},"west":{"uv":[4,3,13,12],"texture":"#3"},"up":{"uv":[4,3,13,12],"texture":"#3"},"down":{"uv":[4,3,13,12],"texture":"#3"}}},{"from":[1.75,12.4,14.55],"to":[2.25,12.6,15.05],"rotation":{"angle":0,"axis":"y","origin":[-6,8.4,8]},"faces":{"north":{"uv":[13,3,4,12],"texture":"#3"},"east":{"uv":[13,3,4,12],"texture":"#3"},"south":{"uv":[13,3,4,12],"texture":"#3"},"west":{"uv":[13,3,4,12],"texture":"#3"},"up":{"uv":[13,3,4,12],"texture":"#3"},"down":{"uv":[13,3,4,12],"texture":"#3"}}},{"from":[-2.25,12.4,14.55],"to":[-1.75,12.6,15.05],"rotation":{"angle":0,"axis":"y","origin":[6,8.4,8]},"faces":{"north":{"uv":[4,3,13,12],"texture":"#3"},"east":{"uv":[4,3,13,12],"texture":"#3"},"south":{"uv":[4,3,13,12],"texture":"#3"},"west":{"uv":[4,3,13,12],"texture":"#3"},"up":{"uv":[4,3,13,12],"texture":"#3"},"down":{"uv":[4,3,13,12],"texture":"#3"}}},{"from":[2.25,12.4,14.55],"to":[2.75,12.6,15.05],"rotation":{"angle":0,"axis":"y","origin":[-5.5,8.4,8]},"faces":{"north":{"uv":[13,3,4,12],"texture":"#3"},"east":{"uv":[13,3,4,12],"texture":"#3"},"south":{"uv":[13,3,4,12],"texture":"#3"},"west":{"uv":[13,3,4,12],"texture":"#3"},"up":{"uv":[13,3,4,12],"texture":"#3"},"down":{"uv":[13,3,4,12],"texture":"#3"}}},{"from":[-2.75,12.4,14.55],"to":[-2.25,12.6,15.05],"rotation":{"angle":0,"axis":"y","origin":[5.5,8.4,8]},"faces":{"north":{"uv":[4,3,13,12],"texture":"#3"},"east":{"uv":[4,3,13,12],"texture":"#3"},"south":{"uv":[4,3,13,12],"texture":"#3"},"west":{"uv":[4,3,13,12],"texture":"#3"},"up":{"uv":[4,3,13,12],"texture":"#3"},"down":{"uv":[4,3,13,12],"texture":"#3"}}},{"from":[2.75,12.4,14.55],"to":[3.25,12.6,15.05],"rotation":{"angle":0,"axis":"y","origin":[-5,8.4,8]},"faces":{"north":{"uv":[13,3,4,12],"texture":"#3"},"east":{"uv":[13,3,4,12],"texture":"#3"},"south":{"uv":[13,3,4,12],"texture":"#3"},"west":{"uv":[13,3,4,12],"texture":"#3"},"up":{"uv":[13,3,4,12],"texture":"#3"},"down":{"uv":[13,3,4,12],"texture":"#3"}}},{"from":[-3.25,12.4,14.55],"to":[-2.75,12.6,15.05],"rotation":{"angle":0,"axis":"y","origin":[5,8.4,8]},"faces":{"north":{"uv":[4,3,13,12],"texture":"#3"},"east":{"uv":[4,3,13,12],"texture":"#3"},"south":{"uv":[4,3,13,12],"texture":"#3"},"west":{"uv":[4,3,13,12],"texture":"#3"},"up":{"uv":[4,3,13,12],"texture":"#3"},"down":{"uv":[4,3,13,12],"texture":"#3"}}},{"from":[3.25,12.4,14.55],"to":[3.75,12.6,15.05],"rotation":{"angle":0,"axis":"y","origin":[-4.5,8.4,8]},"faces":{"north":{"uv":[13,3,4,12],"texture":"#3"},"east":{"uv":[13,3,4,12],"texture":"#3"},"south":{"uv":[13,3,4,12],"texture":"#3"},"west":{"uv":[13,3,4,12],"texture":"#3"},"up":{"uv":[13,3,4,12],"texture":"#3"},"down":{"uv":[13,3,4,12],"texture":"#3"}}},{"from":[-3.75,12.4,14.55],"to":[-3.25,12.6,15.05],"rotation":{"angle":0,"axis":"y","origin":[4.5,8.4,8]},"faces":{"north":{"uv":[4,3,13,12],"texture":"#3"},"east":{"uv":[4,3,13,12],"texture":"#3"},"south":{"uv":[4,3,13,12],"texture":"#3"},"west":{"uv":[4,3,13,12],"texture":"#3"},"up":{"uv":[4,3,13,12],"texture":"#3"},"down":{"uv":[4,3,13,12],"texture":"#3"}}},{"from":[3.75,12.4,14.55],"to":[4.25,12.6,15.05],"rotation":{"angle":0,"axis":"y","origin":[-4,8.4,8]},"faces":{"north":{"uv":[13,3,4,12],"texture":"#3"},"east":{"uv":[13,3,4,12],"texture":"#3"},"south":{"uv":[13,3,4,12],"texture":"#3"},"west":{"uv":[13,3,4,12],"texture":"#3"},"up":{"uv":[13,3,4,12],"texture":"#3"},"down":{"uv":[13,3,4,12],"texture":"#3"}}},{"from":[-4.25,12.4,14.55],"to":[-3.75,12.6,15.05],"rotation":{"angle":0,"axis":"y","origin":[4,8.4,8]},"faces":{"north":{"uv":[4,3,13,12],"texture":"#3"},"east":{"uv":[4,3,13,12],"texture":"#3"},"south":{"uv":[4,3,13,12],"texture":"#3"},"west":{"uv":[4,3,13,12],"texture":"#3"},"up":{"uv":[4,3,13,12],"texture":"#3"},"down":{"uv":[4,3,13,12],"texture":"#3"}}},{"from":[4.25,12.4,14.55],"to":[4.75,12.6,15.05],"rotation":{"angle":0,"axis":"y","origin":[-3.5,8.4,8]},"faces":{"north":{"uv":[13,3,4,12],"texture":"#3"},"east":{"uv":[13,3,4,12],"texture":"#3"},"south":{"uv":[13,3,4,12],"texture":"#3"},"west":{"uv":[13,3,4,12],"texture":"#3"},"up":{"uv":[13,3,4,12],"texture":"#3"},"down":{"uv":[13,3,4,12],"texture":"#3"}}},{"from":[-4.75,12.4,14.55],"to":[-4.25,12.6,15.05],"rotation":{"angle":0,"axis":"y","origin":[3.5,8.4,8]},"faces":{"north":{"uv":[4,3,13,12],"texture":"#3"},"east":{"uv":[4,3,13,12],"texture":"#3"},"south":{"uv":[4,3,13,12],"texture":"#3"},"west":{"uv":[4,3,13,12],"texture":"#3"},"up":{"uv":[4,3,13,12],"texture":"#3"},"down":{"uv":[4,3,13,12],"texture":"#3"}}},{"from":[4.75,12.5,14.55],"to":[5.25,12.7,15.05],"rotation":{"angle":0,"axis":"y","origin":[-3,8.5,8]},"faces":{"north":{"uv":[13,3,4,12],"texture":"#3"},"east":{"uv":[13,3,4,12],"texture":"#3"},"south":{"uv":[13,3,4,12],"texture":"#3"},"west":{"uv":[13,3,4,12],"texture":"#3"},"up":{"uv":[13,3,4,12],"texture":"#3"},"down":{"uv":[13,3,4,12],"texture":"#3"}}},{"from":[-5.25,12.5,14.55],"to":[-4.75,12.7,15.05],"rotation":{"angle":0,"axis":"y","origin":[3,8.5,8]},"faces":{"north":{"uv":[4,3,13,12],"texture":"#3"},"east":{"uv":[4,3,13,12],"texture":"#3"},"south":{"uv":[4,3,13,12],"texture":"#3"},"west":{"uv":[4,3,13,12],"texture":"#3"},"up":{"uv":[4,3,13,12],"texture":"#3"},"down":{"uv":[4,3,13,12],"texture":"#3"}}},{"from":[5.15,12.5,14.55],"to":[5.65,12.7,15.05],"rotation":{"angle":0,"axis":"y","origin":[-2.6,8.5,8]},"faces":{"north":{"uv":[13,3,4,12],"texture":"#3"},"east":{"uv":[13,3,4,12],"texture":"#3"},"south":{"uv":[13,3,4,12],"texture":"#3"},"west":{"uv":[13,3,4,12],"texture":"#3"},"up":{"uv":[13,3,4,12],"texture":"#3"},"down":{"uv":[13,3,4,12],"texture":"#3"}}},{"from":[-5.65,12.5,14.55],"to":[-5.15,12.7,15.05],"rotation":{"angle":0,"axis":"y","origin":[2.6,8.5,8]},"faces":{"north":{"uv":[4,3,13,12],"texture":"#3"},"east":{"uv":[4,3,13,12],"texture":"#3"},"south":{"uv":[4,3,13,12],"texture":"#3"},"west":{"uv":[4,3,13,12],"texture":"#3"},"up":{"uv":[4,3,13,12],"texture":"#3"},"down":{"uv":[4,3,13,12],"texture":"#3"}}},{"from":[5.65,12.5,14.55],"to":[6.25,12.7,15.05],"rotation":{"angle":0,"axis":"y","origin":[-2,8.5,8]},"faces":{"north":{"uv":[13,3,4,12],"texture":"#3"},"east":{"uv":[13,3,4,12],"texture":"#3"},"south":{"uv":[13,3,4,12],"texture":"#3"},"west":{"uv":[13,3,4,12],"texture":"#3"},"up":{"uv":[13,3,4,12],"texture":"#3"},"down":{"uv":[13,3,4,12],"texture":"#3"}}},{"from":[-6.25,12.5,14.55],"to":[-5.65,12.7,15.05],"rotation":{"angle":0,"axis":"y","origin":[2,8.5,8]},"faces":{"north":{"uv":[4,3,13,12],"texture":"#3"},"east":{"uv":[4,3,13,12],"texture":"#3"},"south":{"uv":[4,3,13,12],"texture":"#3"},"west":{"uv":[4,3,13,12],"texture":"#3"},"up":{"uv":[4,3,13,12],"texture":"#3"},"down":{"uv":[4,3,13,12],"texture":"#3"}}},{"name":"octagon","from":[6.03608,9.8002,13.68],"to":[6.96392,11.8002,15.92],"rotation":{"angle":-22.5,"axis":"y","origin":[6.5,11.3,14.8]},"faces":{"north":{"uv":[0,0,16,16],"texture":"#0"},"east":{"uv":[0,0,16,16],"texture":"#0"},"south":{"uv":[0,0,16,16],"texture":"#0"},"west":{"uv":[1,0,0,1],"texture":"#missing"},"up":{"uv":[0,0,16,16],"rotation":270,"texture":"#2"},"down":{"uv":[0,0,16,16],"rotation":270,"texture":"#2"}}},{"name":"octagon","from":[6.03608,9.8001,13.68],"to":[6.96392,11.8001,15.92],"rotation":{"angle":22.5,"axis":"y","origin":[6.5,11.3,14.8]},"faces":{"north":{"uv":[0,0,16,16],"texture":"#0"},"east":{"uv":[0,0,16,16],"texture":"#0"},"south":{"uv":[0,0,16,16],"texture":"#0"},"west":{"uv":[0,0,16,16],"texture":"#0"},"up":{"uv":[0,0,16,16],"rotation":270,"texture":"#2"},"down":{"uv":[0,0,16,16],"rotation":270,"texture":"#2"}}},{"name":"octagon","from":[5.38,9.8004,14.33608],"to":[7.62,11.8004,15.26392],"rotation":{"angle":-22.5,"axis":"y","origin":[6.5,11.3,14.8]},"faces":{"north":{"uv":[1,0,0,1],"texture":"#missing"},"east":{"uv":[0,0,16,16],"texture":"#0"},"south":{"uv":[0,0,16,16],"texture":"#0"},"west":{"uv":[0,0,16,16],"texture":"#0"},"up":{"uv":[0,0,16,16],"rotation":270,"texture":"#2"},"down":{"uv":[0,0,16,16],"rotation":270,"texture":"#2"}}},{"name":"octagon","from":[5.38,9.8003,14.33608],"to":[7.62,11.8003,15.26392],"rotation":{"angle":22.5,"axis":"y","origin":[6.5,11.3,14.8]},"faces":{"north":{"uv":[0,0,16,16],"texture":"#0"},"east":{"uv":[0,0,16,16],"texture":"#0"},"south":{"uv":[0,0,16,16],"texture":"#0"},"west":{"uv":[0,0,16,16],"texture":"#0"},"up":{"uv":[0,0,16,16],"rotation":270,"texture":"#2"},"down":{"uv":[0,0,16,16],"rotation":270,"texture":"#2"}}},{"from":[6.25,11.75,14.55],"to":[6.75,12.5,15.05],"rotation":{"angle":0,"axis":"y","origin":[-1.5,8.5,8]},"faces":{"north":{"uv":[13,3,4,12],"texture":"#1"},"east":{"uv":[13,3,4,12],"texture":"#1"},"south":{"uv":[13,3,4,12],"texture":"#1"},"west":{"uv":[13,3,4,12],"texture":"#1"},"up":{"uv":[13,3,4,12],"texture":"#1"},"down":{"uv":[13,3,4,12],"texture":"#1"}}}],"display":{"thirdperson_righthand":{"rotation":[75,-3.25,0],"translation":[-2.25,0.5,-3.5],"scale":[0.38789,0.38789,0.38789]},"thirdperson_lefthand":{"rotation":[75,-3.25,0],"translation":[-8.25,0.5,-3.5],"scale":[0.38789,0.38789,0.38789]},"firstperson_righthand":{"rotation":[0,139.5,0],"translation":[-2.75,2,2],"scale":[0.26914,0.26914,0.26914]},"firstperson_lefthand":{"rotation":[0,139.5,0],"translation":[2.5,0.75,2],"scale":[0.26914,0.26914,0.26914]},"ground":{"translation":[0,0.25,0],"scale":[0.5,0.5,0.5]},"gui":{"rotation":[30,225,0],"translation":[-0.5,-6,0],"scale":[0.7,0.7,0.7]},"head":{"rotation":[0,-180,0],"translation":[-7,-25,-3.75],"scale":[1.02,1.28,1.28]},"fixed":{"translation":[5.75,-2,-5],"scale":[0.71,0.71,0.71]}},"groups":[{"name":"octagon","origin":[8,8,8],"children":[0,1,2,3,4]},{"name":"group","origin":[8,8,8],"children":[{"name":"octagon","origin":[8,8,8],"children":[]},{"name":"octagon","origin":[8,8,8],"children":[5,6,7,8,9]}]},{"name":"group","origin":[8,8,8],"children":[{"name":"octagon","origin":[8,8,8],"children":[10,11,12,13,14,15,16,17,18,19,{"name":"string","origin":[2,8.5,8],"children":[20,21,22,23,24,25,26,27,28,29,30,31,32,33,34,35,36,37,38,39,40,41,42,43,44,45,46,47,48,49,50,51,52,53,54,55,56,57,58,59,60,61,62,63,64,65,66,67,68,69,70]}]},{"name":"octagon","origin":[8,8,8],"children":[71,72,73,74,75]}]}]}