{"credit":"Made by spike5032","textures":{"0":"block/anvil","1":"block/lantern","2":"entity/lead_knot","particle":"block/anvil"},"elements":[{"name":"Rod","from":[7.29403,12.703,0.56997],"to":[8.36603,13.708,15.97997],"rotation":{"angle":0,"axis":"y","origin":[8.50003,7.343,5.25997]},"faces":{"north":{"uv":[6,6,7,7],"texture":"#0"},"east":{"uv":[6,6,7,7],"texture":"#0"},"south":{"uv":[6,6,7,7],"texture":"#0"},"west":{"uv":[6,6,7,7],"texture":"#0"},"up":{"uv":[6,6,7,7],"texture":"#0"},"down":{"uv":[6,6,7,7],"texture":"#0"}}},{"name":"Rod","from":[7.49609,12.033,1.97591],"to":[8.23309,12.77,2.71291],"rotation":{"angle":0,"axis":"y","origin":[8.50109,4.06,6.59891]},"faces":{"north":{"uv":[0,0,0.55,0.55],"texture":"#0"},"east":{"uv":[0,0,0.55,0.55],"texture":"#0"},"south":{"uv":[0,0,0.55,0.55],"texture":"#0"},"west":{"uv":[0,0,0.55,0.55],"texture":"#0"},"up":{"uv":[0,0,0.55,0.55],"texture":"#0"},"down":{"uv":[0,0,0.55,0.55],"texture":"#0"}}},{"name":"Rod","from":[7.49609,5.467,1.97591],"to":[8.23309,6.204,2.71291],"rotation":{"angle":0,"axis":"y","origin":[8.50109,4.06,6.59891]},"faces":{"north":{"uv":[0,0,0.55,0.55],"texture":"#0"},"east":{"uv":[0,0,0.55,0.55],"texture":"#0"},"south":{"uv":[0,0,0.55,0.55],"texture":"#0"},"west":{"uv":[0,0,0.55,0.55],"texture":"#0"},"up":{"uv":[0,0,0.55,0.55],"texture":"#0"},"down":{"uv":[0,0,0.55,0.55],"texture":"#0"}}},{"name":"Rod","from":[7.62997,6.204,2.11003],"to":[8.09897,12.167,2.57903],"rotation":{"angle":0,"axis":"y","origin":[8.50097,4.127,6.59903]},"faces":{"north":{"uv":[1,3,2,7],"texture":"#2"},"east":{"uv":[1,3,2,7],"texture":"#2"},"south":{"uv":[1,3,2,7],"texture":"#2"},"west":{"uv":[1,3,2,7],"texture":"#2"},"up":{"uv":[1,3,2,7],"texture":"#2"},"down":{"uv":[1,3,2,7],"texture":"#2"}}},{"name":"Rod","from":[7.09409,12.502,1.70791],"to":[8.50109,13.909,2.98091],"rotation":{"angle":0,"axis":"y","origin":[8.50109,4.06,6.59891]},"faces":{"north":{"uv":[0,0,1.05,1.05],"texture":"#0"},"east":{"uv":[0,0,0.95,1.05],"texture":"#0"},"south":{"uv":[0,0,1.05,1.05],"texture":"#0"},"west":{"uv":[0,0,0.95,1.05],"texture":"#0"},"up":{"uv":[0,0,1.05,0.95],"texture":"#0"},"down":{"uv":[0,0,1.05,0.95],"texture":"#0"}}},{"from":[7.37408,8.42918,7.06802],"to":[8.23168,9.28678,7.92562],"rotation":{"angle":0,"axis":"y","origin":[8.23168,11.00198,11.35602]},"faces":{"north":{"uv":[0,0,1,1],"texture":"#0"},"east":{"uv":[0,0,1,1],"texture":"#0"},"south":{"uv":[0,0,1,1],"texture":"#0"},"west":{"uv":[0,0,1,1],"texture":"#0"},"up":{"uv":[0,0,1,1],"texture":"#0"},"down":{"uv":[0,0,1,1],"texture":"#0"}}},{"from":[7.17332,11.74917,7.06763],"to":[8.43292,13.87977,7.92523],"rotation":{"angle":0,"axis":"y","origin":[8.23192,10.16797,11.35563]},"faces":{"north":{"uv":[0,1,1,2],"texture":"#0"},"east":{"uv":[0,1,1,2],"texture":"#0"},"south":{"uv":[0,1,1,2],"texture":"#0"},"west":{"uv":[0,1,1,2],"texture":"#0"},"up":{"uv":[0,1,1,2],"texture":"#0"},"down":{"uv":[0,1,1,2],"texture":"#0"}}},{"from":[7.17332,11.74917,11.89163],"to":[8.43292,13.87977,12.74923],"rotation":{"angle":0,"axis":"y","origin":[8.23192,10.16797,11.35563]},"faces":{"north":{"uv":[0,1,1,2],"texture":"#0"},"east":{"uv":[0,1,1,2],"texture":"#0"},"south":{"uv":[0,1,1,2],"texture":"#0"},"west":{"uv":[0,1,1,2],"texture":"#0"},"up":{"uv":[0,1,1,2],"texture":"#0"},"down":{"uv":[0,1,1,2],"texture":"#0"}}},{"from":[7.37332,8.44687,11.93558],"to":[8.23092,9.30447,12.79318],"rotation":{"angle":0,"axis":"y","origin":[8.23092,11.01967,8.50518]},"faces":{"north":{"uv":[1,0,2,1],"texture":"#0"},"east":{"uv":[1,0,2,1],"texture":"#0"},"south":{"uv":[1,0,2,1],"texture":"#0"},"west":{"uv":[1,0,2,1],"texture":"#0"},"up":{"uv":[0,1,1,2],"texture":"#0"},"down":{"uv":[0,1,1,2],"texture":"#0"}}},{"from":[7.37412,8.56351,6.40618],"to":[8.23172,9.42111,7.26378],"rotation":{"angle":22.5,"axis":"x","origin":[7.79992,8.98859,6.82824]},"faces":{"north":{"uv":[0,0,1,1],"rotation":180,"texture":"#0"},"east":{"uv":[0,0,1,1],"rotation":90,"texture":"#0"},"south":{"uv":[0,0,1,1],"texture":"#0"},"west":{"uv":[0,0,1,1],"rotation":270,"texture":"#0"},"up":{"uv":[0,0,1,1],"texture":"#0"},"down":{"uv":[0,0,1,1],"rotation":180,"texture":"#0"}}},{"from":[7.36062,8.57697,7.72983],"to":[8.21822,9.43457,8.58743],"rotation":{"angle":-22.5,"axis":"x","origin":[7.78641,9.00203,8.16537]},"faces":{"north":{"uv":[1,0,2,1],"texture":"#0"},"east":{"uv":[0,1,1,2],"rotation":90,"texture":"#0"},"south":{"uv":[1,0,2,1],"rotation":180,"texture":"#0"},"west":{"uv":[0,1,1,2],"rotation":270,"texture":"#0"},"up":{"uv":[0,1,1,2],"texture":"#0"},"down":{"uv":[0,1,1,2],"rotation":180,"texture":"#0"}}},{"from":[7.36983,11.76953,12.59772],"to":[8.22743,12.62713,13.45532],"rotation":{"angle":22.5,"axis":"x","origin":[7.79563,12.20207,13.03326]},"faces":{"north":{"uv":[1,1,2,2],"texture":"#0"},"east":{"uv":[1,1,2,2],"rotation":90,"texture":"#0"},"south":{"uv":[1,1,2,2],"rotation":180,"texture":"#0"},"west":{"uv":[1,1,2,2],"rotation":270,"texture":"#0"},"up":{"uv":[0,0,1,1],"rotation":180,"texture":"#0"},"down":{"uv":[0,0,1,1],"texture":"#0"}}},{"from":[7.37285,11.76645,11.2742],"to":[8.23045,12.62405,12.1318],"rotation":{"angle":-22.5,"axis":"x","origin":[7.79866,12.19899,11.69626]},"faces":{"north":{"uv":[2,1,3,2],"rotation":180,"texture":"#0"},"east":{"uv":[1,2,2,3],"rotation":90,"texture":"#0"},"south":{"uv":[2,1,3,2],"texture":"#0"},"west":{"uv":[1,2,2,3],"rotation":270,"texture":"#0"},"up":{"uv":[0,1,1,2],"rotation":180,"texture":"#0"},"down":{"uv":[0,1,1,2],"texture":"#0"}}},{"from":[7.3743,11.74883,6.4059],"to":[8.2319,12.60643,7.2635],"rotation":{"angle":-22.5,"axis":"x","origin":[7.80011,12.18136,6.82796]},"faces":{"north":{"uv":[0,1,1,2],"rotation":180,"texture":"#0"},"east":{"uv":[1,0,2,1],"rotation":90,"texture":"#0"},"south":{"uv":[0,1,1,2],"texture":"#0"},"west":{"uv":[1,0,2,1],"rotation":270,"texture":"#0"},"up":{"uv":[0,1,1,2],"rotation":180,"texture":"#0"},"down":{"uv":[0,1,1,2],"texture":"#0"}}},{"from":[7.37282,8.58163,12.59741],"to":[8.23042,9.43923,13.45501],"rotation":{"angle":-22.5,"axis":"x","origin":[7.79863,9.00669,13.03295]},"faces":{"north":{"uv":[1,0,2,1],"texture":"#0"},"east":{"uv":[0,1,1,2],"rotation":90,"texture":"#0"},"south":{"uv":[1,0,2,1],"rotation":180,"texture":"#0"},"west":{"uv":[0,1,1,2],"rotation":270,"texture":"#0"},"up":{"uv":[0,1,1,2],"texture":"#0"},"down":{"uv":[0,1,1,2],"rotation":180,"texture":"#0"}}},{"from":[7.37434,11.74888,7.72936],"to":[8.23194,12.60648,8.58696],"rotation":{"angle":22.5,"axis":"x","origin":[7.80015,12.18142,8.1649]},"faces":{"north":{"uv":[1,1,2,2],"texture":"#0"},"east":{"uv":[1,1,2,2],"rotation":90,"texture":"#0"},"south":{"uv":[1,1,2,2],"rotation":180,"texture":"#0"},"west":{"uv":[1,1,2,2],"rotation":270,"texture":"#0"},"up":{"uv":[0,0,1,1],"rotation":180,"texture":"#0"},"down":{"uv":[0,0,1,1],"texture":"#0"}}},{"from":[7.37381,8.58073,11.27374],"to":[8.23141,9.43833,12.13134],"rotation":{"angle":22.5,"axis":"x","origin":[7.79963,9.00579,11.6958]},"faces":{"north":{"uv":[0,0,1,1],"rotation":180,"texture":"#0"},"east":{"uv":[0,0,1,1],"rotation":90,"texture":"#0"},"south":{"uv":[0,0,1,1],"texture":"#0"},"west":{"uv":[0,0,1,1],"rotation":270,"texture":"#0"},"up":{"uv":[0,0,1,1],"texture":"#0"},"down":{"uv":[0,0,1,1],"rotation":180,"texture":"#0"}}},{"from":[7.37415,8.94088,5.84613],"to":[8.23175,9.79848,6.70373],"rotation":{"angle":45,"axis":"x","origin":[7.79995,9.36596,6.26819]},"faces":{"north":{"uv":[0,0,1,1],"rotation":180,"texture":"#0"},"east":{"uv":[0,0,1,1],"rotation":90,"texture":"#0"},"south":{"uv":[0,0,1,1],"texture":"#0"},"west":{"uv":[0,0,1,1],"rotation":270,"texture":"#0"},"up":{"uv":[0,0,1,1],"texture":"#0"},"down":{"uv":[0,0,1,1],"rotation":180,"texture":"#0"}}},{"from":[7.37033,11.39174,13.15766],"to":[8.22793,12.24934,14.01526],"rotation":{"angle":45,"axis":"x","origin":[7.79614,11.82427,13.5932]},"faces":{"north":{"uv":[1,1,2,2],"texture":"#0"},"east":{"uv":[1,1,2,2],"rotation":90,"texture":"#0"},"south":{"uv":[1,1,2,2],"rotation":180,"texture":"#0"},"west":{"uv":[1,1,2,2],"rotation":270,"texture":"#0"},"up":{"uv":[0,0,1,1],"rotation":180,"texture":"#0"},"down":{"uv":[0,0,1,1],"texture":"#0"}}},{"from":[7.37427,11.37147,5.84594],"to":[8.23187,12.22907,6.70354],"rotation":{"angle":-45,"axis":"x","origin":[7.80008,11.80401,6.268]},"faces":{"north":{"uv":[0,1,1,2],"rotation":180,"texture":"#0"},"east":{"uv":[1,0,2,1],"rotation":90,"texture":"#0"},"south":{"uv":[0,1,1,2],"texture":"#0"},"west":{"uv":[1,0,2,1],"rotation":270,"texture":"#0"},"up":{"uv":[0,1,1,2],"rotation":180,"texture":"#0"},"down":{"uv":[0,1,1,2],"texture":"#0"}}},{"from":[7.37233,8.95943,13.15746],"to":[8.22993,9.81703,14.01506],"rotation":{"angle":-45,"axis":"x","origin":[7.79813,9.38449,13.593]},"faces":{"north":{"uv":[1,0,2,1],"texture":"#0"},"east":{"uv":[0,1,1,2],"rotation":90,"texture":"#0"},"south":{"uv":[1,0,2,1],"rotation":180,"texture":"#0"},"west":{"uv":[0,1,1,2],"rotation":270,"texture":"#0"},"up":{"uv":[0,1,1,2],"texture":"#0"},"down":{"uv":[0,1,1,2],"rotation":180,"texture":"#0"}}},{"from":[7.37434,11.37154,8.28937],"to":[8.23194,12.22914,12.57737],"rotation":{"angle":45,"axis":"x","origin":[7.80015,11.80407,8.72491]},"faces":{"north":{"uv":[1,1,2,2],"texture":"#0"},"east":{"uv":[1,1,2,6],"rotation":90,"texture":"#0"},"south":{"uv":[1,1,2,2],"rotation":180,"texture":"#0"},"west":{"uv":[1,1,2,6],"rotation":270,"texture":"#0"},"up":{"uv":[0,0,1,5],"rotation":180,"texture":"#0"},"down":{"uv":[0,0,1,5],"texture":"#0"}}},{"from":[7.37418,9.49335,5.47009],"to":[8.23178,10.35095,6.32769],"rotation":{"angle":-22.5,"axis":"x","origin":[7.79999,9.92891,5.89516]},"faces":{"north":{"uv":[0,0,1,1],"texture":"#0"},"east":{"uv":[0,0,1,1],"texture":"#0"},"south":{"uv":[0,0,1,1],"texture":"#0"},"west":{"uv":[0,0,1,1],"texture":"#0"},"up":{"uv":[0,0,1,1],"texture":"#0"},"down":{"uv":[0,0,1,1],"texture":"#0"}}},{"from":[7.37083,10.83885,13.5336],"to":[8.22843,11.69645,14.3912],"rotation":{"angle":-22.5,"axis":"x","origin":[7.79664,11.26089,13.96614]},"faces":{"north":{"uv":[1,1,2,2],"texture":"#0"},"east":{"uv":[1,1,2,2],"texture":"#0"},"south":{"uv":[1,1,2,2],"texture":"#0"},"west":{"uv":[1,1,2,2],"texture":"#0"},"up":{"uv":[0,0,1,1],"texture":"#0"},"down":{"uv":[0,0,1,1],"texture":"#0"}}},{"from":[7.37424,10.819,5.47001],"to":[8.23184,11.6766,6.32761],"rotation":{"angle":22.5,"axis":"x","origin":[7.80004,11.24106,5.89508]},"faces":{"north":{"uv":[0,1,1,2],"texture":"#0"},"east":{"uv":[0,1,1,2],"texture":"#0"},"south":{"uv":[0,1,1,2],"texture":"#0"},"west":{"uv":[0,1,1,2],"texture":"#0"},"up":{"uv":[0,1,1,2],"texture":"#0"},"down":{"uv":[0,1,1,2],"texture":"#0"}}},{"from":[7.37182,9.51233,13.5335],"to":[8.22942,10.36993,14.3911],"rotation":{"angle":22.5,"axis":"x","origin":[7.79762,9.94787,13.96604]},"faces":{"north":{"uv":[1,0,2,1],"texture":"#0"},"east":{"uv":[1,0,2,1],"texture":"#0"},"south":{"uv":[1,0,2,1],"texture":"#0"},"west":{"uv":[1,0,2,1],"texture":"#0"},"up":{"uv":[0,1,1,2],"texture":"#0"},"down":{"uv":[0,1,1,2],"texture":"#0"}}},{"from":[7.3742,10.15618,5.34089],"to":[8.2318,11.01378,6.19849],"rotation":{"angle":0,"axis":"x","origin":[7.80001,10.59172,5.76595]},"faces":{"north":{"uv":[0,0,1,1],"texture":"#0"},"east":{"uv":[0,0,1,1],"texture":"#0"},"south":{"uv":[0,0,1,1],"texture":"#0"},"west":{"uv":[0,0,1,1],"texture":"#0"},"up":{"uv":[0,0,1,1],"texture":"#0"},"down":{"uv":[0,0,1,1],"texture":"#0"}}},{"from":[7.37132,10.17559,13.66271],"to":[8.22892,11.03319,14.52031],"rotation":{"angle":0,"axis":"x","origin":[7.79713,10.59763,14.09525]},"faces":{"north":{"uv":[1,1,2,2],"texture":"#0"},"east":{"uv":[1,1,2,2],"texture":"#0"},"south":{"uv":[1,1,2,2],"texture":"#0"},"west":{"uv":[1,1,2,2],"texture":"#0"},"up":{"uv":[0,0,1,1],"texture":"#0"},"down":{"uv":[0,0,1,1],"texture":"#0"}}},{"from":[6.15503,7.343,14.97497],"to":[9.50503,14.713,15.97997],"rotation":{"angle":0,"axis":"y","origin":[17.88003,17.393,15.30997]},"faces":{"north":{"uv":[0,0,2.5,5.5],"texture":"#0"},"east":{"uv":[0,0,0.75,5.5],"texture":"#0"},"south":{"uv":[0,0,2.5,5.5],"texture":"#0"},"west":{"uv":[0,0,0.75,5.5],"texture":"#0"},"up":{"uv":[0,0,2.5,0.75],"texture":"#0"},"down":{"uv":[0,0,2.5,0.75],"texture":"#0"}}},{"from":[5.48503,6.673,15.51097],"to":[10.17503,15.383,15.97997],"rotation":{"angle":0,"axis":"y","origin":[17.88003,17.393,15.30997]},"faces":{"north":{"uv":[0,0,3.5,6.5],"texture":"#0"},"east":{"uv":[0,0,0.35,6.5],"texture":"#0"},"south":{"uv":[0,0,3.5,6.5],"texture":"#0"},"west":{"uv":[0,0,0.35,6.5],"texture":"#0"},"up":{"uv":[0,0,3.5,0.35],"texture":"#0"},"down":{"uv":[0,0,3.5,0.35],"texture":"#0"}}},{"name":"Rod","from":[6.62391,4.797,1.10609],"to":[9.03591,5.534,3.51809],"rotation":{"angle":0,"axis":"y","origin":[8.49991,0.174,6.46609]},"faces":{"north":{"uv":[6,6,7,7],"texture":"#0"},"east":{"uv":[6,6,7,7],"texture":"#0"},"south":{"uv":[6,6,7,7],"texture":"#0"},"west":{"uv":[6,6,7,7],"texture":"#0"},"up":{"uv":[6,6,7,7],"texture":"#0"},"down":{"uv":[6,6,7,7],"texture":"#0"}}},{"name":"Rod","from":[5.95509,4.127,0.43491],"to":[9.70709,4.864,4.18691],"rotation":{"angle":0,"axis":"y","origin":[8.50109,-0.496,6.46491]},"faces":{"north":{"uv":[6,6,7,7],"texture":"#0"},"east":{"uv":[6,6,7,7],"texture":"#0"},"south":{"uv":[6,6,7,7],"texture":"#0"},"west":{"uv":[6,6,7,7],"texture":"#0"},"up":{"uv":[6,6,7,7],"texture":"#0"},"down":{"uv":[6,6,7,7],"texture":"#0"}}},{"name":"Rod","from":[5.28509,3.457,-0.23509],"to":[10.37709,4.194,4.85691],"rotation":{"angle":0,"axis":"y","origin":[8.50109,-0.496,6.46491]},"faces":{"north":{"uv":[6,6,7,7],"texture":"#0"},"east":{"uv":[6,6,7,7],"texture":"#0"},"south":{"uv":[6,6,7,7],"texture":"#0"},"west":{"uv":[6,6,7,7],"texture":"#0"},"up":{"uv":[6,6,7,7],"texture":"#0"},"down":{"uv":[6,6,7,7],"texture":"#0"}}},{"name":"Rod","from":[4.61509,2.787,-0.90509],"to":[11.04709,3.524,5.52691],"rotation":{"angle":0,"axis":"y","origin":[8.50109,-0.496,6.46491]},"faces":{"north":{"uv":[6,6,7,7],"texture":"#0"},"east":{"uv":[6,6,7,7],"texture":"#0"},"south":{"uv":[6,6,7,7],"texture":"#0"},"west":{"uv":[6,6,7,7],"texture":"#0"},"up":{"uv":[6,6,7,7],"texture":"#0"},"down":{"uv":[6,6,7,7],"texture":"#0"}}},{"name":"Rod","from":[5.21809,-0.898,4.52191],"to":[5.68709,2.854,4.99091],"rotation":{"angle":0,"axis":"y","origin":[8.50109,-0.496,6.46491]},"faces":{"north":{"uv":[0,0,0.35,2.8],"texture":"#0"},"east":{"uv":[0,0,0.35,2.8],"texture":"#0"},"south":{"uv":[0,0,0.35,2.8],"texture":"#0"},"west":{"uv":[0,0,0.35,2.8],"texture":"#0"},"up":{"uv":[0,0,0.35,0.35],"texture":"#0"},"down":{"uv":[0,0,0.35,0.35],"texture":"#0"}}},{"name":"Rod","from":[5.48609,-0.563,2.17691],"to":[10.24309,2.854,2.64591],"rotation":{"angle":0,"axis":"y","origin":[8.50109,-0.496,4.11991]},"faces":{"north":{"uv":[0,0,3.55,2.55],"texture":"#0"},"east":{"uv":[0,0,0.35,2.55],"texture":"#0"},"south":{"uv":[0,0,3.55,2.55],"texture":"#0"},"west":{"uv":[0,0,0.35,2.55],"texture":"#0"},"up":{"uv":[0,0,3.55,0.35],"texture":"#0"},"down":{"uv":[0,0,3.55,0.35],"texture":"#0"}}},{"name":"Rod","from":[5.88809,-3.913,2.17691],"to":[9.84109,-0.496,2.64591],"rotation":{"angle":0,"axis":"y","origin":[8.50109,-3.846,4.11991]},"faces":{"north":{"uv":[0,0,2.95,2.55],"texture":"#0"},"east":{"uv":[0,0,0.35,2.55],"texture":"#0"},"south":{"uv":[0,0,2.95,2.55],"texture":"#0"},"west":{"uv":[0,0,0.35,2.55],"texture":"#0"},"up":{"uv":[0,0,2.95,0.35],"texture":"#0"},"down":{"uv":[0,0,2.95,0.35],"texture":"#0"}}},{"name":"Rod","from":[7.56309,-0.563,0.03291],"to":[8.03209,2.854,4.65591],"rotation":{"angle":0,"axis":"y","origin":[6.08909,-0.496,3.04791]},"faces":{"north":{"uv":[0,0,0.35,2.55],"texture":"#0"},"east":{"uv":[0,0,3.45,2.55],"texture":"#0"},"south":{"uv":[0,0,0.35,2.55],"texture":"#0"},"west":{"uv":[0,0,3.45,2.55],"texture":"#0"},"up":{"uv":[0,0,3.45,0.35],"rotation":90,"texture":"#0"},"down":{"uv":[0,0,3.45,0.35],"rotation":270,"texture":"#0"}}},{"name":"Rod","from":[7.56309,-3.913,0.30091],"to":[8.03209,-0.496,4.25391],"rotation":{"angle":0,"axis":"y","origin":[6.08909,-3.846,3.04791]},"faces":{"north":{"uv":[0,0,0.35,2.55],"texture":"#0"},"east":{"uv":[0,0,2.95,2.55],"texture":"#0"},"south":{"uv":[0,0,0.35,2.55],"texture":"#0"},"west":{"uv":[0,0,2.95,2.55],"texture":"#0"},"up":{"uv":[0,0,2.95,0.35],"rotation":90,"texture":"#0"},"down":{"uv":[0,0,2.95,0.35],"rotation":270,"texture":"#0"}}},{"name":"Rod","from":[9.97297,-0.898,4.52191],"to":[10.44197,2.854,4.99091],"rotation":{"angle":0,"axis":"y","origin":[7.15897,-0.496,6.46491]},"faces":{"north":{"uv":[0.55,0,0.9,2.8],"texture":"#0"},"east":{"uv":[0.55,0,0.9,2.8],"texture":"#0"},"south":{"uv":[0.55,0,0.9,2.8],"texture":"#0"},"west":{"uv":[0.55,0,0.9,2.8],"texture":"#0"},"up":{"uv":[0.55,0,0.9,0.35],"texture":"#0"},"down":{"uv":[0.55,0,0.9,0.35],"texture":"#0"}}},{"name":"Rod","from":[9.63797,-3.913,4.18691],"to":[10.10697,-0.496,4.65591],"rotation":{"angle":0,"axis":"y","origin":[7.15897,-3.846,6.46491]},"faces":{"north":{"uv":[0.55,0,0.9,2.55],"texture":"#0"},"east":{"uv":[0.55,0,0.9,2.55],"texture":"#0"},"south":{"uv":[0.55,0,0.9,2.55],"texture":"#0"},"west":{"uv":[0.55,0,0.9,2.55],"texture":"#0"},"up":{"uv":[0.55,0,0.9,0.35],"texture":"#0"},"down":{"uv":[0.55,0,0.9,0.35],"texture":"#0"}}},{"name":"Rod","from":[5.55309,-3.913,4.18691],"to":[6.02209,-0.496,4.65591],"rotation":{"angle":0,"axis":"y","origin":[8.50109,-3.846,6.46491]},"faces":{"north":{"uv":[0,0,0.35,2.55],"texture":"#0"},"east":{"uv":[0,0,0.35,2.55],"texture":"#0"},"south":{"uv":[0,0,0.35,2.55],"texture":"#0"},"west":{"uv":[0,0,0.35,2.55],"texture":"#0"},"up":{"uv":[0,0,0.35,0.35],"texture":"#0"},"down":{"uv":[0,0,0.35,0.35],"texture":"#0"}}},{"name":"Rod","from":[9.63797,-3.913,0.03291],"to":[10.10697,-0.496,0.50191],"rotation":{"angle":0,"axis":"y","origin":[7.15897,-3.846,6.46491]},"faces":{"north":{"uv":[0.55,0,0.9,2.55],"texture":"#0"},"east":{"uv":[0.55,0,0.9,2.55],"texture":"#0"},"south":{"uv":[0.55,0,0.9,2.55],"texture":"#0"},"west":{"uv":[0.55,0,0.9,2.55],"texture":"#0"},"up":{"uv":[0.55,0,0.9,0.35],"texture":"#0"},"down":{"uv":[0.55,0,0.9,0.35],"texture":"#0"}}},{"name":"Rod","from":[9.97297,-0.898,-0.30209],"to":[10.44197,2.854,0.16691],"rotation":{"angle":0,"axis":"y","origin":[7.15897,-0.496,6.46491]},"faces":{"north":{"uv":[0.55,0,0.9,2.8],"texture":"#0"},"east":{"uv":[0.55,0,0.9,2.8],"texture":"#0"},"south":{"uv":[0.55,0,0.9,2.8],"texture":"#0"},"west":{"uv":[0.55,0,0.9,2.8],"texture":"#0"},"up":{"uv":[0.55,0,0.9,0.35],"texture":"#0"},"down":{"uv":[0.55,0,0.9,0.35],"texture":"#0"}}},{"name":"Rod","from":[5.21809,-0.898,-0.30209],"to":[5.68709,2.854,0.16691],"rotation":{"angle":0,"axis":"y","origin":[8.50109,-0.496,6.46491]},"faces":{"north":{"uv":[0,0,0.35,2.8],"texture":"#0"},"east":{"uv":[0,0,0.35,2.8],"texture":"#0"},"south":{"uv":[0,0,0.35,2.8],"texture":"#0"},"west":{"uv":[0,0,0.35,2.8],"texture":"#0"},"up":{"uv":[0,0,0.35,0.35],"texture":"#0"},"down":{"uv":[0,0,0.35,0.35],"texture":"#0"}}},{"name":"Rod","from":[5.55309,-3.913,0.03291],"to":[6.02209,-0.496,0.50191],"rotation":{"angle":0,"axis":"y","origin":[8.50109,-3.846,6.46491]},"faces":{"north":{"uv":[0,0,0.35,2.55],"texture":"#0"},"east":{"uv":[0,0,0.35,2.55],"texture":"#0"},"south":{"uv":[0,0,0.35,2.55],"texture":"#0"},"west":{"uv":[0,0,0.35,2.55],"texture":"#0"},"up":{"uv":[0,0,0.35,0.35],"texture":"#0"},"down":{"uv":[0,0,0.35,0.35],"texture":"#0"}}},{"name":"Rod","from":[5.28509,-4.583,-0.23509],"to":[10.37709,-3.846,4.85691],"rotation":{"angle":0,"axis":"y","origin":[8.50109,-7.196,6.46491]},"faces":{"north":{"uv":[6,6,7,7],"texture":"#0"},"east":{"uv":[6,6,7,7],"texture":"#0"},"south":{"uv":[6,6,7,7],"texture":"#0"},"west":{"uv":[6,6,7,7],"texture":"#0"},"up":{"uv":[6,6,7,7],"texture":"#0"},"down":{"uv":[6,6,7,7],"texture":"#0"}}},{"name":"Rod","from":[5.08409,-0.898,-0.43609],"to":[10.57809,-0.496,5.05791],"rotation":{"angle":0,"axis":"y","origin":[8.50109,-7.196,6.46491]},"faces":{"north":{"uv":[6,6,7,7],"texture":"#0"},"east":{"uv":[6,6,7,7],"texture":"#0"},"south":{"uv":[6,6,7,7],"texture":"#0"},"west":{"uv":[6,6,7,7],"texture":"#0"},"up":{"uv":[6,6,7,7],"texture":"#0"},"down":{"uv":[6,6,7,7],"texture":"#0"}}},{"name":"Rod","from":[5.95509,-5.253,0.43491],"to":[9.70709,-4.516,4.18691],"rotation":{"angle":0,"axis":"y","origin":[8.50109,-0.496,6.46491]},"faces":{"north":{"uv":[6,6,7,7],"texture":"#0"},"east":{"uv":[6,6,7,7],"texture":"#0"},"south":{"uv":[6,6,7,7],"texture":"#0"},"west":{"uv":[6,6,7,7],"texture":"#0"},"up":{"uv":[6,6,7,7],"texture":"#0"},"down":{"uv":[6,6,7,7],"texture":"#0"}}},{"name":"Rod","from":[5.95509,-3.913,0.43491],"to":[9.70709,-0.496,4.18691],"rotation":{"angle":0,"axis":"y","origin":[8.50109,-0.496,6.46491]},"faces":{"north":{"uv":[1,3,5,8],"texture":"#1"},"east":{"uv":[1,3,5,8],"texture":"#1"},"south":{"uv":[1,3,5,8],"texture":"#1"},"west":{"uv":[1,3,5,8],"texture":"#1"},"up":{"uv":[4,4,8,8],"texture":"#1"},"down":{"uv":[4,4,8,8],"texture":"#1"}}},{"name":"Rod","from":[5.62009,-0.563,0.09991],"to":[10.04209,2.854,4.52191],"rotation":{"angle":0,"axis":"y","origin":[8.50109,-0.496,6.46491]},"faces":{"north":{"uv":[1,3,5,8],"texture":"#1"},"east":{"uv":[1,3,5,8],"texture":"#1"},"south":{"uv":[1,3,5,8],"texture":"#1"},"west":{"uv":[1,3,5,8],"texture":"#1"},"up":{"uv":[4,4,9,9],"texture":"#1"},"down":{"uv":[4,4,9,9],"texture":"#1"}}},{"name":"Rod","from":[6.62391,-5.923,1.10609],"to":[9.03591,-5.186,3.51809],"rotation":{"angle":0,"axis":"y","origin":[8.49991,0.174,6.46609]},"faces":{"north":{"uv":[6,6,7,7],"texture":"#0"},"east":{"uv":[6,6,7,7],"texture":"#0"},"south":{"uv":[6,6,7,7],"texture":"#0"},"west":{"uv":[6,6,7,7],"texture":"#0"},"up":{"uv":[6,6,7,7],"texture":"#0"},"down":{"uv":[6,6,7,7],"texture":"#0"}}}],"display":{"thirdperson_righthand":{"rotation":[90.25,-4.5,0],"translation":[0.25,3,0],"scale":[0.375,0.375,0.375]},"thirdperson_lefthand":{"rotation":[90.25,-4.5,0],"translation":[0.25,3,0],"scale":[0.375,0.375,0.375]},"firstperson_righthand":{"rotation":[0,10.75,0],"translation":[0,2.25,0],"scale":[0.60547,0.60547,0.60547]},"firstperson_lefthand":{"rotation":[0,10.75,0],"translation":[0,2.25,0],"scale":[0.60547,0.60547,0.60547]},"ground":{"translation":[0,5.5,0],"scale":[0.51,0.51,0.51]},"gui":{"rotation":[30,225,0],"scale":[0.5,0.5,0.5]},"head":{"rotation":[0,-180,0],"translation":[0,-33.75,-1.5],"scale":[1.41,1.41,1.41]},"fixed":{"translation":[0,-1.5,-7.75]}},"groups":[0,1,2,3,4,{"name":"Scroll","origin":[7.97545,7.54883,11.19349],"children":[5,6,7,8,9,10,11,12,13,14,15,16,17,18,19,20,21,22,23,24,25,26,27]},{"name":"Base","origin":[15.5,15.5,15.5],"children":[28,29]},{"name":"Lantern","origin":[8.49991,6.05,9.00009],"children":[30,31,32,33,34,35,36,37,38,39,40,41,42,43,44,45,46,47,48,49,50,51]}]}