{"parent":"minecraft:item/generated","textures":{"layer0":"minecraft:item/apple"},"overrides":[{"predicate":{"custom_model_data":1},"model":"itemsadder:auto_generated/tomato"},{"predicate":{"custom_model_data":2},"model":"itemsadder:auto_generated/banana"},{"predicate":{"custom_model_data":3},"model":"itemsadder:auto_generated/garlic"},{"predicate":{"custom_model_data":4},"model":"itemsadder:auto_generated/lettuce"},{"predicate":{"custom_model_data":5},"model":"itemsadder:auto_generated/chili_pepper"},{"predicate":{"custom_model_data":6},"model":"itemsadder:auto_generated/pear"},{"predicate":{"custom_model_data":7},"model":"itemsadder:auto_generated/rice"},{"predicate":{"custom_model_data":8},"model":"minecraft:item/apple"},{"predicate":{"custom_model_data":10000},"model":"itembound:auto_generated/apple_green"},{"predicate":{"custom_model_data":10001},"model":"itembound:auto_generated/banana"},{"predicate":{"custom_model_data":10002},"model":"itembound:auto_generated/cactus_pear"},{"predicate":{"custom_model_data":10003},"model":"itembound:auto_generated/coconut"},{"predicate":{"custom_model_data":10004},"model":"itembound:auto_generated/cranberry_sauce"},{"predicate":{"custom_model_data":10005},"model":"itembound:auto_generated/fig"},{"predicate":{"custom_model_data":10006},"model":"itembound:auto_generated/lychee"},{"predicate":{"custom_model_data":10007},"model":"itembound:auto_generated/mango"},{"predicate":{"custom_model_data":10008},"model":"itembound:auto_generated/mangosteen"},{"predicate":{"custom_model_data":10009},"model":"itembound:auto_generated/passionfruit"},{"predicate":{"custom_model_data":10010},"model":"itembound:auto_generated/peach"},{"predicate":{"custom_model_data":10011},"model":"itembound:auto_generated/pear"},{"predicate":{"custom_model_data":10012},"model":"itembound:auto_generated/pineapple"},{"predicate":{"custom_model_data":10013},"model":"itembound:auto_generated/rambutan"},{"predicate":{"custom_model_data":10014},"model":"itembound:auto_generated/soursop"},{"predicate":{"custom_model_data":10015},"model":"itembound:auto_generated/starfruit"},{"predicate":{"custom_model_data":10016},"model":"itembound:auto_generated/toddy_palm"},{"predicate":{"custom_model_data":10017},"model":"itembound:auto_generated/tomato"},{"predicate":{"custom_model_data":10018},"model":"itembound:auto_generated/automato"},{"predicate":{"custom_model_data":10019},"model":"itembound:auto_generated/avesmingo"},{"predicate":{"custom_model_data":10020},"model":"itembound:auto_generated/beakseed"},{"predicate":{"custom_model_data":10021},"model":"itembound:auto_generated/boltbulb"},{"predicate":{"custom_model_data":10022},"model":"itembound:auto_generated/boneboo"},{"predicate":{"custom_model_data":10023},"model":"itembound:auto_generated/coralcreep"},{"predicate":{"custom_model_data":10024},"model":"itembound:auto_generated/currentcorn"},{"predicate":{"custom_model_data":10025},"model":"itembound:auto_generated/diodia"},{"predicate":{"custom_model_data":10026},"model":"itembound:auto_generated/dirturchin"},{"predicate":{"custom_model_data":10027},"model":"itembound:auto_generated/eggshoot"},{"predicate":{"custom_model_data":10028},"model":"itembound:auto_generated/feathercrown"},{"predicate":{"custom_model_data":10029},"model":"itembound:auto_generated/neonmelon"},{"predicate":{"custom_model_data":10030},"model":"itembound:auto_generated/ocumelon"},{"predicate":{"custom_model_data":10031},"model":"itembound:auto_generated/pearlpeas"},{"predicate":{"custom_model_data":10032},"model":"itembound:auto_generated/pussplum"},{"predicate":{"custom_model_data":10033},"model":"itembound:auto_generated/reefpod"},{"predicate":{"custom_model_data":10034},"model":"itembound:auto_generated/toxictop"},{"predicate":{"custom_model_data":10035},"model":"itembound:auto_generated/wartweed"},{"predicate":{"custom_model_data":10036},"model":"minecraft:item/apple"}]}