{"credit":"MadewithBlockbench","textures":{"0":"entity/enderdragon/dragon","particle":"entity/enderdragon/dragon"},"elements":[{"from":[15.69047,4.17749,5.61195],"to":[23.99047,4.27749,12.71195],"rotation":{"angle":0,"axis":"z","origin":[6.45792,1.21534,7.9163]},"faces":{"north":{"uv":[9,13,11,13.562],"rotation":180,"texture":"#0"},"east":{"uv":[9,13,11,13.562],"rotation":180,"texture":"#0"},"south":{"uv":[9,13,11,13.562],"rotation":180,"texture":"#0"},"west":{"uv":[9,13,11,13.562],"rotation":180,"texture":"#0"},"up":{"uv":[0,9.063,3.375,12.561],"rotation":180,"texture":"#0"},"down":{"uv":[9,13,11,13.562],"rotation":180,"texture":"#0"}}},{"from":[15.90477,4.22315,5.71195],"to":[24.00477,4.32315,12.71195],"rotation":{"angle":0,"axis":"z","origin":[6.45792,1.21534,7.9163]},"faces":{"north":{"uv":[9,13,11,13.562],"rotation":180,"texture":"#0"},"east":{"uv":[9,13,11,13.562],"rotation":180,"texture":"#0"},"south":{"uv":[9,13,11,13.562],"rotation":180,"texture":"#0"},"west":{"uv":[9,13,11,13.562],"rotation":180,"texture":"#0"},"up":{"uv":[9,13,11,13.562],"rotation":180,"texture":"#0"},"down":{"uv":[0,9.063,3.438,12.498],"rotation":90,"texture":"#0"}}},{"from":[15.61897,4.12315,5.2],"to":[24.01897,4.82315,5.7],"rotation":{"angle":0,"axis":"z","origin":[6.45792,1.21534,7.9163]},"faces":{"north":{"uv":[11.063,5.938,13.063,6.5],"texture":"#0"},"east":{"uv":[11.063,5.938,13.063,6.5],"texture":"#0"},"south":{"uv":[11.063,5.938,13.063,6.5],"texture":"#0"},"west":{"uv":[11.063,5.938,13.063,6.5],"texture":"#0"},"up":{"uv":[11.063,5.938,13.063,6.5],"texture":"#0"},"down":{"uv":[11.063,5.938,13.063,6.5],"texture":"#0"}}},{"from":[8.40352,-0.0333,4.7],"to":[16.40352,0.9667,5.7],"rotation":{"angle":22.5,"axis":"z","origin":[6.45792,1.21534,7.9163]},"faces":{"north":{"uv":[11.063,5.938,13.063,6.5],"texture":"#0"},"east":{"uv":[11.063,5.938,13.063,6.5],"texture":"#0"},"south":{"uv":[11.063,5.938,13.063,6.5],"texture":"#0"},"west":{"uv":[11.063,5.938,13.063,6.5],"texture":"#0"},"up":{"uv":[11.063,5.938,13.063,6.5],"texture":"#0"},"down":{"uv":[11.063,5.938,13.063,6.5],"texture":"#0"}}},{"from":[8.40352,0.3929,5.71195],"to":[16.40352,0.4929,12.71195],"rotation":{"angle":22.5,"axis":"z","origin":[6.45792,1.21534,7.9163]},"faces":{"north":{"uv":[9,13,11,13.562],"rotation":180,"texture":"#0"},"east":{"uv":[9,13,11,13.562],"rotation":180,"texture":"#0"},"south":{"uv":[9,13,11,13.562],"rotation":180,"texture":"#0"},"west":{"uv":[9,13,11,13.562],"rotation":180,"texture":"#0"},"up":{"uv":[0,9.063,3.438,12.561],"rotation":270,"texture":"#0"},"down":{"uv":[9,13,11,13.562],"rotation":180,"texture":"#0"}}},{"from":[8.38932,0.3667,5.71195],"to":[16.38932,0.4667,12.71195],"rotation":{"angle":22.5,"axis":"z","origin":[6.45792,1.21534,7.9163]},"faces":{"north":{"uv":[9,13,11,13.562],"rotation":180,"texture":"#0"},"east":{"uv":[9,13,11,13.562],"rotation":180,"texture":"#0"},"south":{"uv":[9,13,11,13.562],"rotation":180,"texture":"#0"},"west":{"uv":[9,13,11,13.562],"rotation":180,"texture":"#0"},"up":{"uv":[9,13,11,13.562],"rotation":180,"texture":"#0"},"down":{"uv":[0,9.063,3.438,12.436],"texture":"#0"}}},{"from":[-0.30291,0.02009,4.7],"to":[7.69709,1.02009,5.7],"rotation":{"angle":-22.5,"axis":"z","origin":[9.45792,1.11534,7.9163]},"faces":{"north":{"uv":[11.063,5.938,13.063,6.5],"texture":"#0"},"east":{"uv":[11.063,5.938,13.063,6.5],"texture":"#0"},"south":{"uv":[11.063,5.938,13.063,6.5],"texture":"#0"},"west":{"uv":[11.063,5.938,13.063,6.5],"texture":"#0"},"up":{"uv":[11.063,5.938,13.063,6.5],"texture":"#0"},"down":{"uv":[11.063,5.938,13.063,6.5],"texture":"#0"}}},{"from":[-0.38871,0.52009,5.71195],"to":[7.71129,0.62009,12.71195],"rotation":{"angle":-22.5,"axis":"z","origin":[9.45792,1.11534,7.9163]},"faces":{"north":{"uv":[0.5,4.375,2.5,4.937],"rotation":180,"texture":"#0"},"east":{"uv":[9,13,11,13.562],"rotation":180,"texture":"#0"},"south":{"uv":[9,13,11,13.562],"rotation":180,"texture":"#0"},"west":{"uv":[9,13,11,13.562],"rotation":180,"texture":"#0"},"up":{"uv":[0,9.063,3.375,12.498],"rotation":180,"texture":"#0"},"down":{"uv":[9,13,11,13.562],"rotation":180,"texture":"#0"}}},{"from":[-0.30291,0.39389,5.71195],"to":[7.69709,0.49389,12.71195],"rotation":{"angle":-22.5,"axis":"z","origin":[9.45792,1.11534,7.9163]},"faces":{"north":{"uv":[9,13,11,13.562],"rotation":180,"texture":"#0"},"east":{"uv":[9,13,11,13.562],"rotation":180,"texture":"#0"},"south":{"uv":[9,13,11,13.562],"rotation":180,"texture":"#0"},"west":{"uv":[9,13,11,13.562],"rotation":180,"texture":"#0"},"up":{"uv":[9,13,11,13.562],"rotation":180,"texture":"#0"},"down":{"uv":[0,9.063,3.438,12.436],"rotation":90,"texture":"#0"}}},{"from":[-7.90724,3.83871,5.2],"to":[0.49276,4.53871,5.7],"rotation":{"angle":0,"axis":"z","origin":[9.45792,1.11534,7.9163]},"faces":{"north":{"uv":[11.063,5.938,13.063,6.5],"texture":"#0"},"east":{"uv":[11.063,5.938,13.063,6.5],"texture":"#0"},"south":{"uv":[11.063,5.938,13.063,6.5],"texture":"#0"},"west":{"uv":[11.063,5.938,13.063,6.5],"texture":"#0"},"up":{"uv":[11.063,5.938,13.063,6.5],"texture":"#0"},"down":{"uv":[11.063,5.938,13.063,6.5],"texture":"#0"}}},{"from":[-7.89304,4.33871,5.71195],"to":[0.20696,4.43871,12.71195],"rotation":{"angle":0,"axis":"z","origin":[9.45792,1.11534,7.9163]},"faces":{"north":{"uv":[8.938,12.5,12.375,15.998],"rotation":180,"texture":"#0"},"east":{"uv":[8.938,12.5,12.375,15.998],"rotation":180,"texture":"#0"},"south":{"uv":[8.938,12.5,12.375,15.998],"rotation":180,"texture":"#0"},"west":{"uv":[8.938,12.5,12.375,15.998],"rotation":180,"texture":"#0"},"up":{"uv":[0,9.063,3.438,12.498],"rotation":270,"texture":"#0"},"down":{"uv":[8.938,12.5,12.375,15.998],"rotation":180,"texture":"#0"}}},{"from":[-7.87874,4.18437,5.71195],"to":[0.22126,4.28437,12.71195],"rotation":{"angle":0,"axis":"z","origin":[-3.82002,4.21159,9.22597]},"faces":{"north":{"uv":[9.188,12.313,12.625,15.81],"rotation":180,"texture":"#0"},"east":{"uv":[9.188,12.313,12.625,15.81],"rotation":180,"texture":"#0"},"south":{"uv":[9.188,12.313,12.625,15.81],"rotation":180,"texture":"#0"},"west":{"uv":[9.188,12.313,12.625,15.81],"rotation":180,"texture":"#0"},"up":{"uv":[9.188,12.313,12.625,15.81],"texture":"#0"},"down":{"uv":[0,9.063,3.438,12.498],"texture":"#0"}}}],"display":{"thirdperson_righthand":{"rotation":[129,0,0],"translation":[-5.5,-21,17.5],"scale":[2.5,2.5,2.5]},"thirdperson_lefthand":{"rotation":[89,0,0],"translation":[-5.5,-12,25.25],"scale":[2.5,2.5,2.5]},"firstperson_righthand":{"scale":[0,0,0]},"firstperson_lefthand":{"scale":[0,0,0]},"ground":{"translation":[0,2.5,0],"scale":[0.7,0.7,0.7]},"gui":{"rotation":[90,39,0],"translation":[-0.25,0.5,0],"scale":[0.58,0.58,0.58]},"head":{"rotation":[30,0,0],"translation":[-0.5,4.75,27.25],"scale":[4,4,4]},"fixed":{"rotation":[-89,180,0],"translation":[0,0.75,-22.5],"scale":[3,3,3]}},"groups":[{"name":"group","origin":[-11.02865,0.42283,4.53193],"children":[{"name":"group","origin":[-11.02865,0.42283,4.53193],"children":[{"name":"group","origin":[12.00948,0.46158,3.2163],"children":[0,1,2]},{"name":"group","origin":[12.00948,0.46158,3.2163],"children":[3,4,5]}]},{"name":"group","origin":[-11.02865,0.42283,4.53193],"children":[{"name":"group","origin":[-2.9929,0.4369,4.50598],"children":[6,7,8]},{"name":"group","origin":[-11.02865,0.42283,4.53193],"children":[9,10,11]}]}]}]}