{"credit":"Made with Blockbench","textures":{"staff_bermundes_hermit_staff":"3dfantasyweaponscit:item/nongfu/staff_bermundes_hermit_staff"},"elements":[{"name":"Box1","from":[6.75,14.25,8],"to":[8.25,14.75,8.5],"faces":{"north":{"uv":[8.25,1.25,6.75,1.75],"texture":"#staff_bermundes_hermit_staff"},"east":{"uv":[8.25,1.25,8,1.75],"texture":"#staff_bermundes_hermit_staff"},"south":{"uv":[6.75,1.25,8.25,1.75],"texture":"#staff_bermundes_hermit_staff"},"west":{"uv":[6.75,1.25,7,1.75],"texture":"#staff_bermundes_hermit_staff"},"up":{"uv":[6.75,1.5,8.25,1.25],"texture":"#staff_bermundes_hermit_staff"},"down":{"uv":[6.75,1.5,8.25,1.75],"texture":"#staff_bermundes_hermit_staff"}}},{"name":"Box3","from":[7,12.75,7.875],"to":[9,13.25,8.625],"faces":{"north":{"uv":[9,2.75,7,3.25],"texture":"#staff_bermundes_hermit_staff"},"east":{"uv":[9,3.25,8.75,2.75],"rotation":180,"texture":"#staff_bermundes_hermit_staff"},"south":{"uv":[7,2.75,9,3.25],"texture":"#staff_bermundes_hermit_staff"},"up":{"uv":[7,3,9,2.75],"texture":"#staff_bermundes_hermit_staff"},"down":{"uv":[7,3,9,3.25],"texture":"#staff_bermundes_hermit_staff"}}},{"name":"Box4","from":[7,12.5,7.875],"to":[8.75,12.75,8.625],"faces":{"north":{"uv":[8.75,3.25,7,3.5],"texture":"#staff_bermundes_hermit_staff"},"east":{"uv":[8.75,3.5,8.5,3.25],"rotation":180,"texture":"#staff_bermundes_hermit_staff"},"south":{"uv":[7,3.25,8.75,3.5],"texture":"#staff_bermundes_hermit_staff"},"down":{"uv":[7,3.25,8.75,3.5],"texture":"#staff_bermundes_hermit_staff"}}},{"name":"Box5","from":[7,12.25,7.875],"to":[8.5,12.5,8.625],"faces":{"north":{"uv":[8.5,3.5,7,3.75],"texture":"#staff_bermundes_hermit_staff"},"east":{"uv":[8.5,3.75,8.25,3.5],"rotation":180,"texture":"#staff_bermundes_hermit_staff"},"south":{"uv":[7,3.5,8.5,3.75],"texture":"#staff_bermundes_hermit_staff"},"down":{"uv":[7,3.5,8.5,3.75],"texture":"#staff_bermundes_hermit_staff"}}},{"name":"Box6","from":[7,9.25,7.75],"to":[8,11.5,8.75],"faces":{"north":{"uv":[8,4.75,7,6.75],"texture":"#staff_bermundes_hermit_staff"},"east":{"uv":[8,4.75,7.75,6.75],"texture":"#staff_bermundes_hermit_staff"},"south":{"uv":[7,4.75,8,6.75],"texture":"#staff_bermundes_hermit_staff"},"west":{"uv":[7,4.75,7.25,6.75],"texture":"#staff_bermundes_hermit_staff"},"down":{"uv":[7,6.5,8,6.75],"texture":"#staff_bermundes_hermit_staff"}}},{"name":"Box7","from":[7,2.5,7.75],"to":[9,3.75,8.75],"faces":{"north":{"uv":[9,12.25,7,13.5],"texture":"#staff_bermundes_hermit_staff"},"south":{"uv":[7,12.25,9,13.5],"texture":"#staff_bermundes_hermit_staff"},"west":{"uv":[7,12.25,7.25,13.5],"texture":"#staff_bermundes_hermit_staff"},"up":{"uv":[7,12.5,9,12.25],"texture":"#staff_bermundes_hermit_staff"},"down":{"uv":[7,13.25,9,13.5],"texture":"#staff_bermundes_hermit_staff"}}},{"name":"Box8","from":[7.25,13.75,8],"to":[7.75,15.25,8.5],"faces":{"north":{"uv":[7.75,0.75,7.25,2.25],"texture":"#staff_bermundes_hermit_staff"},"east":{"uv":[7.75,2.25,7.5,0.75],"rotation":180,"texture":"#staff_bermundes_hermit_staff"},"south":{"uv":[7.25,0.75,7.75,2.25],"texture":"#staff_bermundes_hermit_staff"},"west":{"uv":[7.25,0.75,7.5,2.25],"texture":"#staff_bermundes_hermit_staff"},"up":{"uv":[7.25,1,7.75,0.75],"texture":"#staff_bermundes_hermit_staff"},"down":{"uv":[7.25,2,7.75,2.25],"texture":"#staff_bermundes_hermit_staff"}}},{"name":"Box9","from":[7.25,1,7.75],"to":[8.25,2,8.75],"faces":{"north":{"uv":[8.25,14,7.25,15],"texture":"#staff_bermundes_hermit_staff"},"east":{"uv":[8.25,14,8,15],"texture":"#staff_bermundes_hermit_staff"},"south":{"uv":[7.25,14,8.25,15],"texture":"#staff_bermundes_hermit_staff"},"west":{"uv":[7.25,14,7.5,15],"texture":"#staff_bermundes_hermit_staff"},"up":{"uv":[7.25,14.25,8.25,14],"texture":"#staff_bermundes_hermit_staff"},"down":{"uv":[7.25,14.75,8.25,15],"texture":"#staff_bermundes_hermit_staff"}}},{"name":"Box11","from":[7.5,4.25,7.75],"to":[8.5,5.5,8.75],"faces":{"north":{"uv":[8.5,10.5,7.5,11.75],"texture":"#staff_bermundes_hermit_staff"},"east":{"uv":[8.5,11.75,8.25,10.5],"rotation":180,"texture":"#staff_bermundes_hermit_staff"},"south":{"uv":[7.5,10.5,8.5,11.75],"texture":"#staff_bermundes_hermit_staff"},"west":{"uv":[7.5,10.5,7.75,11.75],"texture":"#staff_bermundes_hermit_staff"},"up":{"uv":[7.5,10.75,8.5,10.5],"texture":"#staff_bermundes_hermit_staff"},"down":{"uv":[7.5,11.5,8.5,11.75],"texture":"#staff_bermundes_hermit_staff"}}},{"name":"Box12","from":[7.75,8,8],"to":[9,9.5,8.5],"faces":{"north":{"uv":[9,6.5,7.75,8],"texture":"#staff_bermundes_hermit_staff"},"east":{"uv":[9,6.5,8.75,8],"texture":"#staff_bermundes_hermit_staff"},"south":{"uv":[7.75,6.5,9,8],"texture":"#staff_bermundes_hermit_staff"},"west":{"uv":[7.75,6.5,8,8],"texture":"#staff_bermundes_hermit_staff"},"up":{"uv":[7.75,6.75,9,6.5],"texture":"#staff_bermundes_hermit_staff"},"down":{"uv":[7.75,7.75,9,8],"texture":"#staff_bermundes_hermit_staff"}}},{"name":"Box13","from":[7.75,0.25,8],"to":[8.25,8,8.5],"faces":{"north":{"uv":[8.25,8,7.75,15.75],"texture":"#staff_bermundes_hermit_staff"},"east":{"uv":[8.25,15.75,8,8],"rotation":180,"texture":"#staff_bermundes_hermit_staff"},"south":{"uv":[7.75,8,8.25,15.75],"texture":"#staff_bermundes_hermit_staff"},"west":{"uv":[7.75,8,8,15.75],"texture":"#staff_bermundes_hermit_staff"},"down":{"uv":[7.75,15.5,8.25,15.75],"texture":"#staff_bermundes_hermit_staff"}}},{"name":"Box14","from":[8.25,15,8],"to":[8.75,15.5,8.5],"faces":{"north":{"uv":[8.75,0.5,8.25,1],"texture":"#staff_bermundes_hermit_staff"},"east":{"uv":[8.75,1,8.5,0.5],"rotation":180,"texture":"#staff_bermundes_hermit_staff"},"south":{"uv":[8.25,0.5,8.75,1],"texture":"#staff_bermundes_hermit_staff"},"west":{"uv":[8.25,0.5,8.5,1],"texture":"#staff_bermundes_hermit_staff"},"up":{"uv":[8.25,0.75,8.75,0.5],"texture":"#staff_bermundes_hermit_staff"},"down":{"uv":[8.25,0.75,8.75,1],"texture":"#staff_bermundes_hermit_staff"}}},{"name":"Box15","from":[8.25,13.25,7.875],"to":[9,13.5,8.625],"faces":{"north":{"uv":[9,2.5,8.25,2.75],"texture":"#staff_bermundes_hermit_staff"},"east":{"uv":[9,2.75,8.75,2.5],"rotation":180,"texture":"#staff_bermundes_hermit_staff"},"south":{"uv":[8.25,2.5,9,2.75],"texture":"#staff_bermundes_hermit_staff"},"west":{"uv":[8.25,2.5,8.5,2.75],"texture":"#staff_bermundes_hermit_staff"},"up":{"uv":[8.25,2.75,9,2.5],"texture":"#staff_bermundes_hermit_staff"}}},{"name":"Box16","from":[8,9.5,7.875],"to":[9,11.75,8.625],"faces":{"north":{"uv":[9,4.25,8,6.5],"texture":"#staff_bermundes_hermit_staff"},"east":{"uv":[9,4.25,8.75,6.5],"texture":"#staff_bermundes_hermit_staff"},"south":{"uv":[8,4.25,9,6.5],"texture":"#staff_bermundes_hermit_staff"},"west":{"uv":[8,4.25,8.25,6.5],"texture":"#staff_bermundes_hermit_staff"},"up":{"uv":[8,4.5,9,4.25],"texture":"#staff_bermundes_hermit_staff"},"down":{"uv":[8,6.25,9,6.5],"texture":"#staff_bermundes_hermit_staff"}}},{"name":"Box17","from":[8,2,7.75],"to":[9,4,8.75],"faces":{"north":{"uv":[9,12,8,14],"texture":"#staff_bermundes_hermit_staff"},"east":{"uv":[9,12,8.75,14],"texture":"#staff_bermundes_hermit_staff"},"south":{"uv":[8,12,9,14],"texture":"#staff_bermundes_hermit_staff"},"west":{"uv":[8,12,8.25,14],"texture":"#staff_bermundes_hermit_staff"},"up":{"uv":[8,12.25,9,12],"texture":"#staff_bermundes_hermit_staff"},"down":{"uv":[8,13.75,9,14],"texture":"#staff_bermundes_hermit_staff"}}},{"name":"Box18","from":[8.5,13.5,7.875],"to":[9,14,8.625],"faces":{"north":{"uv":[9,2,8.5,2.5],"texture":"#staff_bermundes_hermit_staff"},"east":{"uv":[9,2.5,8.75,2],"rotation":180,"texture":"#staff_bermundes_hermit_staff"},"south":{"uv":[8.5,2,9,2.5],"texture":"#staff_bermundes_hermit_staff"},"west":{"uv":[8.5,2,8.75,2.5],"texture":"#staff_bermundes_hermit_staff"},"up":{"uv":[8.5,2.25,9,2],"texture":"#staff_bermundes_hermit_staff"}}},{"name":"Box16","from":[8,11.75,7.875],"to":[8.25,12.25,8.625],"faces":{"north":{"uv":[8.25,3.75,8,4.25],"texture":"#staff_bermundes_hermit_staff"},"east":{"uv":[8.25,3.75,8,4.25],"texture":"#staff_bermundes_hermit_staff"},"south":{"uv":[8,3.75,8.25,4.25],"texture":"#staff_bermundes_hermit_staff"}}},{"name":"Box6","from":[7,11.5,7.625],"to":[8,13.25,8.875],"faces":{"north":{"uv":[8,2.75,7,4.75],"texture":"#staff_bermundes_hermit_staff"},"east":{"uv":[8,2.75,7.75,4.75],"texture":"#staff_bermundes_hermit_staff"},"south":{"uv":[7,2.75,8,4.75],"texture":"#staff_bermundes_hermit_staff"},"west":{"uv":[7,2.75,7.25,4.75],"texture":"#staff_bermundes_hermit_staff"},"up":{"uv":[7,3,8,2.75],"texture":"#staff_bermundes_hermit_staff"},"down":{"uv":[7,4.5,8,4.75],"texture":"#staff_bermundes_hermit_staff"}}},{"name":"Box2","from":[7,14,7.75],"to":[8,15,8.75],"faces":{"north":{"uv":[8,1,7,2],"texture":"#staff_bermundes_hermit_staff"},"east":{"uv":[8,2,7.75,1],"rotation":180,"texture":"#staff_bermundes_hermit_staff"},"south":{"uv":[7,1,8,2],"texture":"#staff_bermundes_hermit_staff"},"west":{"uv":[7,1,7.25,2],"texture":"#staff_bermundes_hermit_staff"},"up":{"uv":[7,1.25,8,1],"texture":"#staff_bermundes_hermit_staff"},"down":{"uv":[7,1.75,8,2],"texture":"#staff_bermundes_hermit_staff"}}},{"name":"Box2","from":[7.25,14.25,7.5],"to":[7.75,14.75,9],"faces":{"north":{"uv":[7.75,1.25,7.25,1.75],"texture":"#staff_bermundes_hermit_staff"},"east":{"uv":[7.75,1.25,7.5,1.75],"texture":"#staff_bermundes_hermit_staff"},"south":{"uv":[7.25,1.25,7.75,1.75],"texture":"#staff_bermundes_hermit_staff"},"west":{"uv":[7.25,1.25,7.5,1.75],"texture":"#staff_bermundes_hermit_staff"},"up":{"uv":[7.25,1.5,7.75,1.25],"texture":"#staff_bermundes_hermit_staff"},"down":{"uv":[7.25,1.5,7.75,1.75],"texture":"#staff_bermundes_hermit_staff"}}}],"display":{"thirdperson_righthand":{"rotation":[0,-90,0],"translation":[0.75,0,1.5],"scale":[3,3,3]},"thirdperson_lefthand":{"rotation":[0,90,0],"translation":[-0.75,0,1.5],"scale":[3,3,3]},"firstperson_righthand":{"rotation":[0,-90,0],"translation":[0,1,0],"scale":[2,2,2]},"firstperson_lefthand":{"rotation":[0,90,0],"translation":[0,1,0],"scale":[2,2,2]},"ground":{"rotation":[0,0,-45],"translation":[0,2,0]},"gui":{"rotation":[0,0,-45],"scale":[1.3,1.3,1.3]},"fixed":{"rotation":[0,-180,-45],"scale":[1.6,1.6,1]}}}