{"credit":"Made with Blockbench","textures":{"texture":"3dfantasyweaponscit:item/nongfu/runicpiercer"},"elements":[{"name":"zRunicPiercer x128","from":[6.625,5.625,7.9375],"to":[7.125,6.375,8.0625],"faces":{"north":{"uv":[7.125,9.625,6.625,10.375],"texture":"#texture"},"east":{"uv":[7.125,9.625,7,10.375],"texture":"#texture"},"south":{"uv":[6.625,9.625,7.125,10.375],"texture":"#texture"},"west":{"uv":[6.625,9.625,6.75,10.375],"texture":"#texture"},"up":{"uv":[6.625,9.75,7.125,9.625],"texture":"#texture"},"down":{"uv":[6.625,10.25,7.125,10.375],"texture":"#texture"}}},{"name":"zRunicPiercer x128","from":[6.75,6.375,7.9375],"to":[9,6.75,8.0625],"faces":{"north":{"uv":[9,9.25,6.75,9.625],"texture":"#texture"},"east":{"uv":[9,9.25,8.875,9.625],"texture":"#texture"},"south":{"uv":[6.75,9.25,9,9.625],"texture":"#texture"},"west":{"uv":[6.75,9.25,6.875,9.625],"texture":"#texture"},"up":{"uv":[6.75,9.375,9,9.25],"texture":"#texture"},"down":{"uv":[6.75,9.5,9,9.625],"texture":"#texture"}}},{"name":"zRunicPiercer x128","from":[6.75,5.5,7.9375],"to":[7.125,5.625,8.0625],"faces":{"north":{"uv":[7.125,10.375,6.75,10.5],"texture":"#texture"},"east":{"uv":[7.125,10.375,7,10.5],"texture":"#texture"},"south":{"uv":[6.75,10.375,7.125,10.5],"texture":"#texture"},"west":{"uv":[6.75,10.375,6.875,10.5],"texture":"#texture"},"down":{"uv":[6.75,10.375,7.125,10.5],"texture":"#texture"}}},{"name":"zRunicPiercer x128","from":[6.875,10.875,7.9375],"to":[8.75,11,8.0625],"faces":{"north":{"uv":[8.75,5,6.875,5.125],"texture":"#texture"},"east":{"uv":[8.75,5,8.625,5.125],"texture":"#texture"},"south":{"uv":[6.875,5,8.75,5.125],"texture":"#texture"},"west":{"uv":[6.875,5,7,5.125],"texture":"#texture"},"up":{"uv":[6.875,5.125,8.75,5],"texture":"#texture"},"down":{"uv":[6.875,5,8.75,5.125],"texture":"#texture"}}},{"name":"zRunicPiercer x128","from":[6.875,6.75,7.9375],"to":[9,7,8.0625],"faces":{"north":{"uv":[9,9,6.875,9.25],"texture":"#texture"},"east":{"uv":[9,9,8.875,9.25],"texture":"#texture"},"south":{"uv":[6.875,9,9,9.25],"texture":"#texture"},"west":{"uv":[6.875,9,7,9.25],"texture":"#texture"},"up":{"uv":[6.875,9.125,9,9],"texture":"#texture"}}},{"name":"zRunicPiercer x128","from":[6.875,5.25,7.9375],"to":[7.125,5.5,8.0625],"faces":{"north":{"uv":[7.125,10.5,6.875,10.75],"texture":"#texture"},"east":{"uv":[7.125,10.5,7,10.75],"texture":"#texture"},"south":{"uv":[6.875,10.5,7.125,10.75],"texture":"#texture"},"west":{"uv":[6.875,10.5,7,10.75],"texture":"#texture"},"down":{"uv":[6.875,10.625,7.125,10.75],"texture":"#texture"}}},{"name":"zRunicPiercer x128","from":[7,11,7.9375],"to":[8.875,11.125,8.0625],"faces":{"north":{"uv":[8.875,4.875,7,5],"texture":"#texture"},"east":{"uv":[8.875,4.875,8.75,5],"texture":"#texture"},"south":{"uv":[7,4.875,8.875,5],"texture":"#texture"},"west":{"uv":[7,4.875,7.125,5],"texture":"#texture"},"up":{"uv":[7,5,8.875,4.875],"texture":"#texture"},"down":{"uv":[7,4.875,8.875,5],"texture":"#texture"}}},{"name":"zRunicPiercer x128","from":[7,10.75,7.9375],"to":[8.75,10.875,8.0625],"faces":{"north":{"uv":[8.75,5.125,7,5.25],"texture":"#texture"},"east":{"uv":[8.75,5.125,8.625,5.25],"texture":"#texture"},"south":{"uv":[7,5.125,8.75,5.25],"texture":"#texture"},"west":{"uv":[7,5.125,7.125,5.25],"texture":"#texture"},"down":{"uv":[7,5.125,8.75,5.25],"texture":"#texture"}}},{"name":"zRunicPiercer x128","from":[7,8.375,7.9375],"to":[9.125,8.875,8.0625],"faces":{"north":{"uv":[9.125,7.125,7,7.625],"texture":"#texture"},"east":{"uv":[9.125,7.125,9,7.625],"texture":"#texture"},"south":{"uv":[7,7.125,9.125,7.625],"texture":"#texture"},"west":{"uv":[7,7.125,7.125,7.625],"texture":"#texture"},"up":{"uv":[7,7.25,9.125,7.125],"texture":"#texture"},"down":{"uv":[7,7.5,9.125,7.625],"texture":"#texture"}}},{"name":"zRunicPiercer x128","from":[7,7,7.9375],"to":[9,7.25,8.0625],"faces":{"north":{"uv":[9,8.75,7,9],"texture":"#texture"},"east":{"uv":[9,8.75,8.875,9],"texture":"#texture"},"south":{"uv":[7,8.75,9,9],"texture":"#texture"},"west":{"uv":[7,8.75,7.125,9],"texture":"#texture"},"up":{"uv":[7,8.875,9,8.75],"texture":"#texture"}}},{"name":"zRunicPiercer x128","from":[7,5,7.9375],"to":[7.25,5.25,8.0625],"faces":{"north":{"uv":[7.25,10.75,7,11],"texture":"#texture"},"east":{"uv":[7.25,10.75,7.125,11],"texture":"#texture"},"south":{"uv":[7,10.75,7.25,11],"texture":"#texture"},"west":{"uv":[7,10.75,7.125,11],"texture":"#texture"},"up":{"uv":[7,10.875,7.25,10.75],"texture":"#texture"},"down":{"uv":[7,10.875,7.25,11],"texture":"#texture"}}},{"name":"zRunicPiercer x128","from":[7.125,11.125,7.9375],"to":[9,11.375,8.0625],"faces":{"north":{"uv":[9,4.625,7.125,4.875],"texture":"#texture"},"east":{"uv":[9,4.625,8.875,4.875],"texture":"#texture"},"south":{"uv":[7.125,4.625,9,4.875],"texture":"#texture"},"west":{"uv":[7.125,4.625,7.25,4.875],"texture":"#texture"},"up":{"uv":[7.125,4.75,9,4.625],"texture":"#texture"},"down":{"uv":[7.125,4.75,9,4.875],"texture":"#texture"}}},{"name":"zRunicPiercer x128","from":[7.125,10.625,7.9375],"to":[8.75,10.75,8.0625],"faces":{"north":{"uv":[8.75,5.25,7.125,5.375],"texture":"#texture"},"east":{"uv":[8.75,5.25,8.625,5.375],"texture":"#texture"},"south":{"uv":[7.125,5.25,8.75,5.375],"texture":"#texture"},"west":{"uv":[7.125,5.25,7.25,5.375],"texture":"#texture"},"down":{"uv":[7.125,5.25,8.75,5.375],"texture":"#texture"}}},{"name":"zRunicPiercer x128","from":[7.125,8.875,7.9375],"to":[9.125,9,8.0625],"faces":{"north":{"uv":[9.125,7,7.125,7.125],"texture":"#texture"},"east":{"uv":[9.125,7,9,7.125],"texture":"#texture"},"south":{"uv":[7.125,7,9.125,7.125],"texture":"#texture"},"west":{"uv":[7.125,7,7.25,7.125],"texture":"#texture"},"up":{"uv":[7.125,7.125,9.125,7],"texture":"#texture"}}},{"name":"zRunicPiercer x128","from":[7.125,7.25,7.9375],"to":[9,8.375,8.0625],"faces":{"north":{"uv":[9,7.625,7.125,8.75],"texture":"#texture"},"east":{"uv":[9,7.625,8.875,8.75],"texture":"#texture"},"south":{"uv":[7.125,7.625,9,8.75],"texture":"#texture"},"west":{"uv":[7.125,7.625,7.25,8.75],"texture":"#texture"}}},{"name":"zRunicPiercer x128","from":[7.125,5.75,7.9375],"to":[9.25,6.375,8.0625],"faces":{"north":{"uv":[9.25,9.625,7.125,10.25],"texture":"#texture"},"east":{"uv":[9.25,9.625,9.125,10.25],"texture":"#texture"},"south":{"uv":[7.125,9.625,9.25,10.25],"texture":"#texture"},"up":{"uv":[7.125,9.75,9.25,9.625],"texture":"#texture"},"down":{"uv":[7.125,10.125,9.25,10.25],"texture":"#texture"}}},{"name":"zRunicPiercer x128","from":[7.125,4.875,7.9375],"to":[7.375,5,8.0625],"faces":{"north":{"uv":[7.375,11,7.125,11.125],"texture":"#texture"},"east":{"uv":[7.375,11,7.25,11.125],"texture":"#texture"},"south":{"uv":[7.125,11,7.375,11.125],"texture":"#texture"},"west":{"uv":[7.125,11,7.25,11.125],"texture":"#texture"},"up":{"uv":[7.125,11.125,7.375,11],"texture":"#texture"},"down":{"uv":[7.125,11,7.375,11.125],"texture":"#texture"}}},{"name":"zRunicPiercer x128","from":[7.25,11.375,7.9375],"to":[9,11.5,8.0625],"faces":{"north":{"uv":[9,4.5,7.25,4.625],"texture":"#texture"},"east":{"uv":[9,4.5,8.875,4.625],"texture":"#texture"},"south":{"uv":[7.25,4.5,9,4.625],"texture":"#texture"},"west":{"uv":[7.25,4.5,7.375,4.625],"texture":"#texture"},"up":{"uv":[7.25,4.625,9,4.5],"texture":"#texture"}}},{"name":"zRunicPiercer x128","from":[7.25,10.375,7.9375],"to":[8.625,10.625,8.0625],"faces":{"north":{"uv":[8.625,5.375,7.25,5.625],"texture":"#texture"},"east":{"uv":[8.625,5.375,8.5,5.625],"texture":"#texture"},"south":{"uv":[7.25,5.375,8.625,5.625],"texture":"#texture"},"west":{"uv":[7.25,5.375,7.375,5.625],"texture":"#texture"},"down":{"uv":[7.25,5.5,8.625,5.625],"texture":"#texture"}}},{"name":"zRunicPiercer x128","from":[7.25,9,7.9375],"to":[9,9.25,8.0625],"faces":{"north":{"uv":[9,6.75,7.25,7],"texture":"#texture"},"east":{"uv":[9,6.75,8.875,7],"texture":"#texture"},"south":{"uv":[7.25,6.75,9,7],"texture":"#texture"},"west":{"uv":[7.25,6.75,7.375,7],"texture":"#texture"},"up":{"uv":[7.25,6.875,9,6.75],"texture":"#texture"}}},{"name":"zRunicPiercer x128","from":[7.375,11.5,7.9375],"to":[8.75,11.75,8.0625],"faces":{"north":{"uv":[8.75,4.25,7.375,4.5],"texture":"#texture"},"east":{"uv":[8.75,4.25,8.625,4.5],"texture":"#texture"},"south":{"uv":[7.375,4.25,8.75,4.5],"texture":"#texture"},"west":{"uv":[7.375,4.25,7.5,4.5],"texture":"#texture"},"up":{"uv":[7.375,4.375,8.75,4.25],"texture":"#texture"}}},{"name":"zRunicPiercer x128","from":[7.375,9.25,7.9375],"to":[8.625,10.375,8.0625],"faces":{"north":{"uv":[8.625,5.625,7.375,6.75],"texture":"#texture"},"east":{"uv":[8.625,5.625,8.5,6.75],"texture":"#texture"},"south":{"uv":[7.375,5.625,8.625,6.75],"texture":"#texture"},"west":{"uv":[7.375,5.625,7.5,6.75],"texture":"#texture"}}},{"name":"zRunicPiercer x128","from":[7.375,5.625,7.9375],"to":[9.5,5.75,8.0625],"faces":{"north":{"uv":[9.5,10.25,7.375,10.375],"texture":"#texture"},"east":{"uv":[9.5,10.25,9.375,10.375],"texture":"#texture"},"south":{"uv":[7.375,10.25,9.5,10.375],"texture":"#texture"},"west":{"uv":[7.375,10.25,7.5,10.375],"texture":"#texture"},"up":{"uv":[7.375,10.375,9.5,10.25],"texture":"#texture"},"down":{"uv":[7.375,10.25,9.5,10.375],"texture":"#texture"}}},{"name":"zRunicPiercer x128","from":[7.5,11.75,7.9375],"to":[8.75,12,8.0625],"faces":{"north":{"uv":[8.75,4,7.5,4.25],"texture":"#texture"},"east":{"uv":[8.75,4,8.625,4.25],"texture":"#texture"},"south":{"uv":[7.5,4,8.75,4.25],"texture":"#texture"},"west":{"uv":[7.5,4,7.625,4.25],"texture":"#texture"},"up":{"uv":[7.5,4.125,8.75,4],"texture":"#texture"}}},{"name":"zRunicPiercer x128","from":[7.5,5.5,7.9375],"to":[9.125,5.625,8.0625],"faces":{"north":{"uv":[9.125,10.375,7.5,10.5],"texture":"#texture"},"east":{"uv":[9.125,10.375,9,10.5],"texture":"#texture"},"south":{"uv":[7.5,10.375,9.125,10.5],"texture":"#texture"},"west":{"uv":[7.5,10.375,7.625,10.5],"texture":"#texture"},"down":{"uv":[7.5,10.375,9.125,10.5],"texture":"#texture"}}},{"name":"zRunicPiercer x128","from":[7.625,12,7.9375],"to":[8.625,12.25,8.0625],"faces":{"north":{"uv":[8.625,3.75,7.625,4],"texture":"#texture"},"east":{"uv":[8.625,3.75,8.5,4],"texture":"#texture"},"south":{"uv":[7.625,3.75,8.625,4],"texture":"#texture"},"west":{"uv":[7.625,3.75,7.75,4],"texture":"#texture"},"up":{"uv":[7.625,3.875,8.625,3.75],"texture":"#texture"}}},{"name":"zRunicPiercer x128","from":[7.625,5.375,7.9375],"to":[8.875,5.5,8.0625],"faces":{"north":{"uv":[8.875,10.5,7.625,10.625],"texture":"#texture"},"east":{"uv":[8.875,10.5,8.75,10.625],"texture":"#texture"},"south":{"uv":[7.625,10.5,8.875,10.625],"texture":"#texture"},"west":{"uv":[7.625,10.5,7.75,10.625],"texture":"#texture"},"down":{"uv":[7.625,10.5,8.875,10.625],"texture":"#texture"}}},{"name":"zRunicPiercer x128","from":[7.75,12.25,7.9375],"to":[8.5,12.5,8.0625],"faces":{"north":{"uv":[8.5,3.5,7.75,3.75],"texture":"#texture"},"east":{"uv":[8.5,3.5,8.375,3.75],"texture":"#texture"},"south":{"uv":[7.75,3.5,8.5,3.75],"texture":"#texture"},"west":{"uv":[7.75,3.5,7.875,3.75],"texture":"#texture"},"up":{"uv":[7.75,3.625,8.5,3.5],"texture":"#texture"}}},{"name":"zRunicPiercer x128","from":[7.75,5,7.9375],"to":[8.5,5.375,8.0625],"faces":{"north":{"uv":[8.5,10.625,7.75,11],"texture":"#texture"},"east":{"uv":[8.5,10.625,8.375,11],"texture":"#texture"},"south":{"uv":[7.75,10.625,8.5,11],"texture":"#texture"},"west":{"uv":[7.75,10.625,7.875,11],"texture":"#texture"},"down":{"uv":[7.75,10.875,8.5,11],"texture":"#texture"}}},{"name":"zRunicPiercer x128","from":[7.875,12.5,7.9375],"to":[8.5,13,8.0625],"faces":{"north":{"uv":[8.5,3,7.875,3.5],"texture":"#texture"},"east":{"uv":[8.5,3,8.375,3.5],"texture":"#texture"},"south":{"uv":[7.875,3,8.5,3.5],"texture":"#texture"},"west":{"uv":[7.875,3,8,3.5],"texture":"#texture"},"up":{"uv":[7.875,3.125,8.5,3],"texture":"#texture"}}},{"name":"zRunicPiercer x128","from":[7.875,4.625,7.9375],"to":[8.25,5,8.0625],"faces":{"north":{"uv":[8.25,11,7.875,11.375],"texture":"#texture"},"east":{"uv":[8.25,11,8.125,11.375],"texture":"#texture"},"south":{"uv":[7.875,11,8.25,11.375],"texture":"#texture"},"west":{"uv":[7.875,11,8,11.375],"texture":"#texture"},"down":{"uv":[7.875,11.25,8.25,11.375],"texture":"#texture"}}},{"name":"zRunicPiercer x128","from":[7.875,3.375,7.9375],"to":[8.25,3.75,8.0625],"faces":{"north":{"uv":[8.25,12.25,7.875,12.625],"texture":"#texture"},"east":{"uv":[8.25,12.25,8.125,12.625],"texture":"#texture"},"south":{"uv":[7.875,12.25,8.25,12.625],"texture":"#texture"},"west":{"uv":[7.875,12.25,8,12.625],"texture":"#texture"},"up":{"uv":[7.875,12.375,8.25,12.25],"texture":"#texture"},"down":{"uv":[7.875,12.5,8.25,12.625],"texture":"#texture"}}},{"name":"zRunicPiercer x128","from":[7.875,2.625,7.9375],"to":[8.25,3,8.0625],"faces":{"north":{"uv":[8.25,13,7.875,13.375],"texture":"#texture"},"east":{"uv":[8.25,13,8.125,13.375],"texture":"#texture"},"south":{"uv":[7.875,13,8.25,13.375],"texture":"#texture"},"west":{"uv":[7.875,13,8,13.375],"texture":"#texture"},"up":{"uv":[7.875,13.125,8.25,13],"texture":"#texture"},"down":{"uv":[7.875,13.25,8.25,13.375],"texture":"#texture"}}},{"name":"zRunicPiercer x128","from":[7.875,1.375,7.9375],"to":[8.25,1.75,8.0625],"faces":{"north":{"uv":[8.25,14.25,7.875,14.625],"texture":"#texture"},"east":{"uv":[8.25,14.25,8.125,14.625],"texture":"#texture"},"south":{"uv":[7.875,14.25,8.25,14.625],"texture":"#texture"},"west":{"uv":[7.875,14.25,8,14.625],"texture":"#texture"},"up":{"uv":[7.875,14.375,8.25,14.25],"texture":"#texture"},"down":{"uv":[7.875,14.5,8.25,14.625],"texture":"#texture"}}},{"name":"zRunicPiercer x128","from":[7.875,1,7.9375],"to":[8,1.25,8.0625],"faces":{"north":{"uv":[8,14.75,7.875,15],"texture":"#texture"},"east":{"uv":[8,14.75,7.875,15],"texture":"#texture"},"south":{"uv":[7.875,14.75,8,15],"texture":"#texture"},"west":{"uv":[7.875,14.75,8,15],"texture":"#texture"},"up":{"uv":[7.875,14.875,8,14.75],"texture":"#texture"},"down":{"uv":[7.875,14.875,8,15],"texture":"#texture"}}},{"name":"zRunicPiercer x128","from":[8,13,7.9375],"to":[8.375,13.875,8.0625],"faces":{"north":{"uv":[8.375,2.125,8,3],"texture":"#texture"},"east":{"uv":[8.375,2.125,8.25,3],"texture":"#texture"},"south":{"uv":[8,2.125,8.375,3],"texture":"#texture"},"west":{"uv":[8,2.125,8.125,3],"texture":"#texture"},"up":{"uv":[8,2.25,8.375,2.125],"texture":"#texture"}}},{"name":"zRunicPiercer x128","from":[8,3.75,7.9375],"to":[8.25,4.625,8.0625],"faces":{"north":{"uv":[8.25,11.375,8,12.25],"texture":"#texture"},"east":{"uv":[8.25,11.375,8.125,12.25],"texture":"#texture"},"south":{"uv":[8,11.375,8.25,12.25],"texture":"#texture"},"west":{"uv":[8,11.375,8.125,12.25],"texture":"#texture"}}},{"name":"zRunicPiercer x128","from":[8,3,7.9375],"to":[8.25,3.375,8.0625],"faces":{"north":{"uv":[8.25,12.625,8,13],"texture":"#texture"},"east":{"uv":[8.25,12.625,8.125,13],"texture":"#texture"},"south":{"uv":[8,12.625,8.25,13],"texture":"#texture"},"west":{"uv":[8,12.625,8.125,13],"texture":"#texture"}}},{"name":"zRunicPiercer x128","from":[8,1.75,7.9375],"to":[8.25,2.625,8.0625],"faces":{"north":{"uv":[8.25,13.375,8,14.25],"texture":"#texture"},"east":{"uv":[8.25,13.375,8.125,14.25],"texture":"#texture"},"south":{"uv":[8,13.375,8.25,14.25],"texture":"#texture"},"west":{"uv":[8,13.375,8.125,14.25],"texture":"#texture"}}},{"name":"zRunicPiercer x128","from":[8,1.25,7.9375],"to":[8.25,1.375,8.0625],"faces":{"north":{"uv":[8.25,14.625,8,14.75],"texture":"#texture"},"east":{"uv":[8.25,14.625,8.125,14.75],"texture":"#texture"},"south":{"uv":[8,14.625,8.25,14.75],"texture":"#texture"},"west":{"uv":[8,14.625,8.125,14.75],"texture":"#texture"},"down":{"uv":[8,14.625,8.25,14.75],"texture":"#texture"}}},{"name":"zRunicPiercer x128","from":[8,0.875,7.9375],"to":[8.25,1,8.0625],"faces":{"north":{"uv":[8.25,15,8,15.125],"texture":"#texture"},"east":{"uv":[8.25,15,8.125,15.125],"texture":"#texture"},"south":{"uv":[8,15,8.25,15.125],"texture":"#texture"},"west":{"uv":[8,15,8.125,15.125],"texture":"#texture"},"up":{"uv":[8,15.125,8.25,15],"texture":"#texture"},"down":{"uv":[8,15,8.25,15.125],"texture":"#texture"}}},{"name":"zRunicPiercer x128","from":[8.125,13.875,7.9375],"to":[8.375,14.875,8.0625],"faces":{"north":{"uv":[8.375,1.125,8.125,2.125],"texture":"#texture"},"east":{"uv":[8.375,1.125,8.25,2.125],"texture":"#texture"},"south":{"uv":[8.125,1.125,8.375,2.125],"texture":"#texture"},"west":{"uv":[8.125,1.125,8.25,2.125],"texture":"#texture"},"up":{"uv":[8.125,1.25,8.375,1.125],"texture":"#texture"}}},{"name":"zRunicPiercer x128","from":[8.25,14.875,7.9375],"to":[8.375,15.5,8.0625],"faces":{"north":{"uv":[8.375,0.5,8.25,1.125],"texture":"#texture"},"east":{"uv":[8.375,0.5,8.25,1.125],"texture":"#texture"},"south":{"uv":[8.25,0.5,8.375,1.125],"texture":"#texture"},"west":{"uv":[8.25,0.5,8.375,1.125],"texture":"#texture"},"up":{"uv":[8.25,0.625,8.375,0.5],"texture":"#texture"}}},{"name":"zRunicPiercer x128","from":[8.25,4.375,7.9375],"to":[8.375,4.75,8.0625],"faces":{"north":{"uv":[8.375,11.25,8.25,11.625],"texture":"#texture"},"east":{"uv":[8.375,11.25,8.25,11.625],"texture":"#texture"},"south":{"uv":[8.25,11.25,8.375,11.625],"texture":"#texture"},"west":{"uv":[8.25,11.25,8.375,11.625],"texture":"#texture"},"up":{"uv":[8.25,11.375,8.375,11.25],"texture":"#texture"},"down":{"uv":[8.25,11.5,8.375,11.625],"texture":"#texture"}}},{"name":"zRunicPiercer x128","from":[8.25,3.625,7.9375],"to":[8.375,4,8.0625],"faces":{"north":{"uv":[8.375,12,8.25,12.375],"texture":"#texture"},"east":{"uv":[8.375,12,8.25,12.375],"texture":"#texture"},"south":{"uv":[8.25,12,8.375,12.375],"texture":"#texture"},"west":{"uv":[8.25,12,8.375,12.375],"texture":"#texture"},"up":{"uv":[8.25,12.125,8.375,12],"texture":"#texture"},"down":{"uv":[8.25,12.25,8.375,12.375],"texture":"#texture"}}},{"name":"zRunicPiercer x128","from":[8.25,2.375,7.9375],"to":[8.375,2.75,8.0625],"faces":{"north":{"uv":[8.375,13.25,8.25,13.625],"texture":"#texture"},"east":{"uv":[8.375,13.25,8.25,13.625],"texture":"#texture"},"south":{"uv":[8.25,13.25,8.375,13.625],"texture":"#texture"},"west":{"uv":[8.25,13.25,8.375,13.625],"texture":"#texture"},"up":{"uv":[8.25,13.375,8.375,13.25],"texture":"#texture"},"down":{"uv":[8.25,13.5,8.375,13.625],"texture":"#texture"}}},{"name":"zRunicPiercer x128","from":[8.25,1.625,7.9375],"to":[8.375,2,8.0625],"faces":{"north":{"uv":[8.375,14,8.25,14.375],"texture":"#texture"},"east":{"uv":[8.375,14,8.25,14.375],"texture":"#texture"},"south":{"uv":[8.25,14,8.375,14.375],"texture":"#texture"},"west":{"uv":[8.25,14,8.375,14.375],"texture":"#texture"},"up":{"uv":[8.25,14.125,8.375,14],"texture":"#texture"},"down":{"uv":[8.25,14.25,8.375,14.375],"texture":"#texture"}}},{"name":"zRunicPiercer x128","from":[8.25,1,7.9375],"to":[8.375,1.25,8.0625],"faces":{"north":{"uv":[8.375,14.75,8.25,15],"texture":"#texture"},"east":{"uv":[8.375,14.75,8.25,15],"texture":"#texture"},"south":{"uv":[8.25,14.75,8.375,15],"texture":"#texture"},"west":{"uv":[8.25,14.75,8.375,15],"texture":"#texture"},"up":{"uv":[8.25,14.875,8.375,14.75],"texture":"#texture"},"down":{"uv":[8.25,14.875,8.375,15],"texture":"#texture"}}},{"name":"zRunicPiercer x128","from":[8.375,13,7.9375],"to":[8.5,13.75,8.0625],"faces":{"north":{"uv":[8.5,2.25,8.375,3],"texture":"#texture"},"east":{"uv":[8.5,2.25,8.375,3],"texture":"#texture"},"south":{"uv":[8.375,2.25,8.5,3],"texture":"#texture"},"up":{"uv":[8.375,2.375,8.5,2.25],"texture":"#texture"}}},{"name":"zRunicPiercer x128","from":[8.625,9.25,7.9375],"to":[8.75,10.25,8.0625],"faces":{"north":{"uv":[8.75,5.75,8.625,6.75],"texture":"#texture"},"east":{"uv":[8.75,5.75,8.625,6.75],"texture":"#texture"},"south":{"uv":[8.625,5.75,8.75,6.75],"texture":"#texture"},"up":{"uv":[8.625,5.875,8.75,5.75],"texture":"#texture"}}},{"name":"zRunicPiercer x128","from":[8.75,11.5,7.9375],"to":[8.875,11.625,8.0625],"faces":{"north":{"uv":[8.875,4.375,8.75,4.5],"texture":"#texture"},"east":{"uv":[8.875,4.375,8.75,4.5],"texture":"#texture"},"south":{"uv":[8.75,4.375,8.875,4.5],"texture":"#texture"},"up":{"uv":[8.75,4.5,8.875,4.375],"texture":"#texture"}}},{"name":"zRunicPiercer x128","from":[8.75,9.25,7.9375],"to":[8.875,9.75,8.0625],"faces":{"north":{"uv":[8.875,6.25,8.75,6.75],"texture":"#texture"},"east":{"uv":[8.875,6.25,8.75,6.75],"texture":"#texture"},"south":{"uv":[8.75,6.25,8.875,6.75],"texture":"#texture"},"up":{"uv":[8.75,6.375,8.875,6.25],"texture":"#texture"}}},{"name":"zRunicPiercer x128","from":[8.875,9.25,7.9375],"to":[9,9.375,8.0625],"faces":{"north":{"uv":[9,6.625,8.875,6.75],"texture":"#texture"},"east":{"uv":[9,6.625,8.875,6.75],"texture":"#texture"},"south":{"uv":[8.875,6.625,9,6.75],"texture":"#texture"},"up":{"uv":[8.875,6.75,9,6.625],"texture":"#texture"}}},{"name":"zRunicPiercer x128","from":[9,11.25,7.9375],"to":[9.125,11.375,8.0625],"faces":{"north":{"uv":[9.125,4.625,9,4.75],"texture":"#texture"},"east":{"uv":[9.125,4.625,9,4.75],"texture":"#texture"},"south":{"uv":[9,4.625,9.125,4.75],"texture":"#texture"},"up":{"uv":[9,4.75,9.125,4.625],"texture":"#texture"},"down":{"uv":[9,4.625,9.125,4.75],"texture":"#texture"}}},{"name":"zRunicPiercer x128","from":[9,7.75,7.9375],"to":[9.125,8.375,8.0625],"faces":{"north":{"uv":[9.125,7.625,9,8.25],"texture":"#texture"},"east":{"uv":[9.125,7.625,9,8.25],"texture":"#texture"},"south":{"uv":[9,7.625,9.125,8.25],"texture":"#texture"},"down":{"uv":[9,8.125,9.125,8.25],"texture":"#texture"}}},{"name":"zRunicPiercer x128","from":[9,6.375,7.9375],"to":[9.125,6.625,8.0625],"faces":{"north":{"uv":[9.125,9.375,9,9.625],"texture":"#texture"},"east":{"uv":[9.125,9.375,9,9.625],"texture":"#texture"},"south":{"uv":[9,9.375,9.125,9.625],"texture":"#texture"},"up":{"uv":[9,9.5,9.125,9.375],"texture":"#texture"}}},{"name":"zRunicPiercer x128","from":[9.125,8.125,7.9375],"to":[9.25,8.75,8.0625],"faces":{"north":{"uv":[9.25,7.25,9.125,7.875],"texture":"#texture"},"east":{"uv":[9.25,7.25,9.125,7.875],"texture":"#texture"},"south":{"uv":[9.125,7.25,9.25,7.875],"texture":"#texture"},"up":{"uv":[9.125,7.375,9.25,7.25],"texture":"#texture"},"down":{"uv":[9.125,7.75,9.25,7.875],"texture":"#texture"}}},{"name":"zRunicPiercer x128","from":[9.25,8.375,7.9375],"to":[9.375,8.5,8.0625],"faces":{"north":{"uv":[9.375,7.5,9.25,7.625],"texture":"#texture"},"east":{"uv":[9.375,7.5,9.25,7.625],"texture":"#texture"},"south":{"uv":[9.25,7.5,9.375,7.625],"texture":"#texture"},"up":{"uv":[9.25,7.625,9.375,7.5],"texture":"#texture"},"down":{"uv":[9.25,7.5,9.375,7.625],"texture":"#texture"}}},{"name":"zRunicPiercer x128","from":[9.25,5.75,7.9375],"to":[9.375,6.125,8.0625],"faces":{"north":{"uv":[9.375,9.875,9.25,10.25],"texture":"#texture"},"east":{"uv":[9.375,9.875,9.25,10.25],"texture":"#texture"},"south":{"uv":[9.25,9.875,9.375,10.25],"texture":"#texture"},"up":{"uv":[9.25,10,9.375,9.875],"texture":"#texture"}}},{"name":"zRunicPiercer x128","from":[9.375,5.75,7.9375],"to":[9.5,5.875,8.0625],"faces":{"north":{"uv":[9.5,10.125,9.375,10.25],"texture":"#texture"},"east":{"uv":[9.5,10.125,9.375,10.25],"texture":"#texture"},"south":{"uv":[9.375,10.125,9.5,10.25],"texture":"#texture"},"up":{"uv":[9.375,10.25,9.5,10.125],"texture":"#texture"}}},{"name":"Element","from":[8.125,12.125,7.875],"to":[8.5,13.5,8.125],"faces":{"north":{"uv":[8.5,2.5,8.125,3.875],"texture":"#texture"},"east":{"uv":[8.5,2.5,8.375,3.875],"texture":"#texture"},"south":{"uv":[8.125,2.5,8.5,3.875],"texture":"#texture"},"west":{"uv":[8.125,2.5,8.25,3.875],"texture":"#texture"},"up":{"uv":[8.125,2.625,8.5,2.5],"texture":"#texture"},"down":{"uv":[8.125,3.75,8.5,3.875],"texture":"#texture"}}},{"name":"Element","from":[8.25,13.5,7.875],"to":[8.5,13.625,8.125],"faces":{"north":{"uv":[8.5,2.375,8.25,2.5],"texture":"#texture"},"east":{"uv":[8.5,2.375,8.375,2.5],"texture":"#texture"},"south":{"uv":[8.25,2.375,8.5,2.5],"texture":"#texture"},"west":{"uv":[8.25,2.375,8.375,2.5],"texture":"#texture"},"up":{"uv":[8.25,2.5,8.5,2.375],"texture":"#texture"}}},{"name":"Element","from":[8.375,13.625,7.875],"to":[8.5,13.75,8.125],"faces":{"north":{"uv":[8.5,2.25,8.375,2.375],"texture":"#texture"},"east":{"uv":[8.5,2.25,8.375,2.375],"texture":"#texture"},"south":{"uv":[8.375,2.25,8.5,2.375],"texture":"#texture"},"west":{"uv":[8.375,2.25,8.5,2.375],"texture":"#texture"},"up":{"uv":[8.375,2.375,8.5,2.25],"texture":"#texture"}}},{"name":"Element","from":[8,12,7.875],"to":[8.125,12.875,8.125],"faces":{"north":{"uv":[8.125,3.125,8,4],"texture":"#texture"},"east":{"uv":[8.125,3.125,8,4],"texture":"#texture"},"south":{"uv":[8,3.125,8.125,4],"texture":"#texture"},"west":{"uv":[8,3.125,8.125,4],"texture":"#texture"},"up":{"uv":[8,3.25,8.125,3.125],"texture":"#texture"},"down":{"uv":[8,3.875,8.125,4],"texture":"#texture"}}},{"name":"Element","from":[7.875,11.75,7.875],"to":[8,12.375,8.125],"faces":{"north":{"uv":[8,3.625,7.875,4.25],"texture":"#texture"},"east":{"uv":[8,3.625,7.875,4.25],"texture":"#texture"},"south":{"uv":[7.875,3.625,8,4.25],"texture":"#texture"},"west":{"uv":[7.875,3.625,8,4.25],"texture":"#texture"},"up":{"uv":[7.875,3.75,8,3.625],"texture":"#texture"},"down":{"uv":[7.875,4.125,8,4.25],"texture":"#texture"}}},{"name":"Element","from":[7.75,11.375,7.875],"to":[7.875,12.125,8.125],"faces":{"north":{"uv":[7.875,3.875,7.75,4.625],"texture":"#texture"},"east":{"uv":[7.875,3.875,7.75,4.625],"texture":"#texture"},"south":{"uv":[7.75,3.875,7.875,4.625],"texture":"#texture"},"west":{"uv":[7.75,3.875,7.875,4.625],"texture":"#texture"},"up":{"uv":[7.75,4,7.875,3.875],"texture":"#texture"},"down":{"uv":[7.75,4.5,7.875,4.625],"texture":"#texture"}}},{"name":"Element","from":[7.625,11.125,7.875],"to":[7.75,11.875,8.125],"faces":{"north":{"uv":[7.75,4.125,7.625,4.875],"texture":"#texture"},"east":{"uv":[7.75,4.125,7.625,4.875],"texture":"#texture"},"south":{"uv":[7.625,4.125,7.75,4.875],"texture":"#texture"},"west":{"uv":[7.625,4.125,7.75,4.875],"texture":"#texture"},"up":{"uv":[7.625,4.25,7.75,4.125],"texture":"#texture"},"down":{"uv":[7.625,4.75,7.75,4.875],"texture":"#texture"}}},{"name":"Element","from":[7.5,11,7.875],"to":[7.625,11.625,8.125],"faces":{"north":{"uv":[7.625,4.375,7.5,5],"texture":"#texture"},"east":{"uv":[7.625,4.375,7.5,5],"texture":"#texture"},"south":{"uv":[7.5,4.375,7.625,5],"texture":"#texture"},"west":{"uv":[7.5,4.375,7.625,5],"texture":"#texture"},"up":{"uv":[7.5,4.5,7.625,4.375],"texture":"#texture"},"down":{"uv":[7.5,4.875,7.625,5],"texture":"#texture"}}},{"name":"Element","from":[7.25,10.625,7.875],"to":[7.5,11.25,8.125],"faces":{"north":{"uv":[7.5,4.75,7.25,5.375],"texture":"#texture"},"east":{"uv":[7.5,4.75,7.375,5.375],"texture":"#texture"},"south":{"uv":[7.25,4.75,7.5,5.375],"texture":"#texture"},"west":{"uv":[7.25,4.75,7.375,5.375],"texture":"#texture"},"up":{"uv":[7.25,4.875,7.5,4.75],"texture":"#texture"},"down":{"uv":[7.25,5.25,7.5,5.375],"texture":"#texture"}}},{"name":"Element","from":[7.375,11.25,7.875],"to":[7.5,11.375,8.125],"faces":{"north":{"uv":[7.5,4.625,7.375,4.75],"texture":"#texture"},"south":{"uv":[7.375,4.625,7.5,4.75],"texture":"#texture"},"west":{"uv":[7.375,4.625,7.5,4.75],"texture":"#texture"},"up":{"uv":[7.375,4.75,7.5,4.625],"texture":"#texture"}}},{"name":"Element","from":[7.125,10.75,7.875],"to":[7.25,11,8.125],"faces":{"north":{"uv":[7.25,5,7.125,5.25],"texture":"#texture"},"south":{"uv":[7.125,5,7.25,5.25],"texture":"#texture"},"west":{"uv":[7.125,5,7.25,5.25],"texture":"#texture"},"up":{"uv":[7.125,5.125,7.25,5],"texture":"#texture"},"down":{"uv":[7.125,5.125,7.25,5.25],"texture":"#texture"}}},{"name":"Element","from":[7.5,9.875,7.875],"to":[7.875,10.875,8.125],"faces":{"north":{"uv":[7.875,5.125,7.5,6.125],"texture":"#texture"},"east":{"uv":[7.875,5.125,7.75,6.125],"texture":"#texture"},"south":{"uv":[7.5,5.125,7.875,6.125],"texture":"#texture"},"west":{"uv":[7.5,5.125,7.625,6.125],"texture":"#texture"},"up":{"uv":[7.5,5.25,7.875,5.125],"texture":"#texture"},"down":{"uv":[7.5,6,7.875,6.125],"texture":"#texture"}}},{"name":"Element","from":[7.875,9.75,7.875],"to":[8,10.75,8.125],"faces":{"north":{"uv":[8,5.25,7.875,6.25],"texture":"#texture"},"east":{"uv":[8,5.25,7.875,6.25],"texture":"#texture"},"south":{"uv":[7.875,5.25,8,6.25],"texture":"#texture"},"west":{"uv":[7.875,5.25,8,6.25],"texture":"#texture"},"up":{"uv":[7.875,5.375,8,5.25],"texture":"#texture"},"down":{"uv":[7.875,6.125,8,6.25],"texture":"#texture"}}},{"name":"Element","from":[7.625,9.5,7.875],"to":[7.875,9.875,8.125],"faces":{"north":{"uv":[7.875,6.125,7.625,6.5],"texture":"#texture"},"east":{"uv":[7.875,6.125,7.75,6.5],"texture":"#texture"},"south":{"uv":[7.625,6.125,7.875,6.5],"texture":"#texture"},"west":{"uv":[7.625,6.125,7.75,6.5],"texture":"#texture"},"down":{"uv":[7.625,6.375,7.875,6.5],"texture":"#texture"}}},{"name":"Element","from":[7.5,9.125,7.875],"to":[7.75,9.625,8.125],"faces":{"north":{"uv":[7.75,6.375,7.5,6.875],"texture":"#texture"},"east":{"uv":[7.75,6.375,7.625,6.875],"texture":"#texture"},"south":{"uv":[7.5,6.375,7.75,6.875],"texture":"#texture"},"west":{"uv":[7.5,6.375,7.625,6.875],"texture":"#texture"},"up":{"uv":[7.5,6.5,7.75,6.375],"texture":"#texture"},"down":{"uv":[7.5,6.75,7.75,6.875],"texture":"#texture"}}},{"name":"Element","from":[7.375,9,7.875],"to":[7.625,9.25,8.125],"faces":{"north":{"uv":[7.625,6.75,7.375,7],"texture":"#texture"},"east":{"uv":[7.625,6.75,7.5,7],"texture":"#texture"},"south":{"uv":[7.375,6.75,7.625,7],"texture":"#texture"},"west":{"uv":[7.375,6.75,7.5,7],"texture":"#texture"},"up":{"uv":[7.375,6.875,7.625,6.75],"texture":"#texture"},"down":{"uv":[7.375,6.875,7.625,7],"texture":"#texture"}}},{"name":"Element","from":[7.25,8.75,7.875],"to":[7.5,9,8.125],"faces":{"north":{"uv":[7.5,7,7.25,7.25],"texture":"#texture"},"east":{"uv":[7.5,7,7.375,7.25],"texture":"#texture"},"south":{"uv":[7.25,7,7.5,7.25],"texture":"#texture"},"west":{"uv":[7.25,7,7.375,7.25],"texture":"#texture"},"up":{"uv":[7.25,7.125,7.5,7],"texture":"#texture"},"down":{"uv":[7.25,7.125,7.5,7.25],"texture":"#texture"}}},{"name":"Element","from":[7.375,7,7.875],"to":[7.625,8.75,8.125],"faces":{"north":{"uv":[7.625,7.25,7.375,9],"texture":"#texture"},"east":{"uv":[7.625,7.25,7.5,9],"texture":"#texture"},"south":{"uv":[7.375,7.25,7.625,9],"texture":"#texture"},"west":{"uv":[7.375,7.25,7.5,9],"texture":"#texture"},"up":{"uv":[7.375,7.375,7.625,7.25],"texture":"#texture"},"down":{"uv":[7.375,8.875,7.625,9],"texture":"#texture"}}},{"name":"Element","from":[7.625,7.125,7.875],"to":[7.75,8.5,8.125],"faces":{"north":{"uv":[7.75,7.5,7.625,8.875],"texture":"#texture"},"east":{"uv":[7.75,7.5,7.625,8.875],"texture":"#texture"},"south":{"uv":[7.625,7.5,7.75,8.875],"texture":"#texture"},"up":{"uv":[7.625,7.625,7.75,7.5],"texture":"#texture"},"down":{"uv":[7.625,8.75,7.75,8.875],"texture":"#texture"}}},{"name":"Element","from":[7.25,5.75,7.875],"to":[7.5,7.25,8.125],"faces":{"north":{"uv":[7.5,8.75,7.25,10.25],"texture":"#texture"},"east":{"uv":[7.5,8.75,7.375,10.25],"texture":"#texture"},"south":{"uv":[7.25,8.75,7.5,10.25],"texture":"#texture"},"west":{"uv":[7.25,8.75,7.375,10.25],"texture":"#texture"},"up":{"uv":[7.25,8.875,7.5,8.75],"texture":"#texture"},"down":{"uv":[7.25,10.125,7.5,10.25],"texture":"#texture"}}},{"name":"Element","from":[7.375,5.625,7.875],"to":[7.625,6.625,8.125],"faces":{"north":{"uv":[7.625,9.375,7.375,10.375],"texture":"#texture"},"east":{"uv":[7.625,9.375,7.5,10.375],"texture":"#texture"},"south":{"uv":[7.375,9.375,7.625,10.375],"texture":"#texture"},"west":{"uv":[7.375,9.375,7.5,10.375],"texture":"#texture"},"up":{"uv":[7.375,9.5,7.625,9.375],"texture":"#texture"},"down":{"uv":[7.375,10.25,7.625,10.375],"texture":"#texture"}}},{"name":"Element","from":[7.5,5.5,7.875],"to":[7.75,5.875,8.125],"faces":{"north":{"uv":[7.75,10.125,7.5,10.5],"texture":"#texture"},"east":{"uv":[7.75,10.125,7.625,10.5],"texture":"#texture"},"south":{"uv":[7.5,10.125,7.75,10.5],"texture":"#texture"},"west":{"uv":[7.5,10.125,7.625,10.5],"texture":"#texture"},"up":{"uv":[7.5,10.25,7.75,10.125],"texture":"#texture"},"down":{"uv":[7.5,10.375,7.75,10.5],"texture":"#texture"}}},{"name":"Element","from":[7.625,5.375,7.875],"to":[7.75,5.5,8.125],"faces":{"north":{"uv":[7.75,10.5,7.625,10.625],"texture":"#texture"},"south":{"uv":[7.625,10.5,7.75,10.625],"texture":"#texture"},"west":{"uv":[7.625,10.5,7.75,10.625],"texture":"#texture"},"down":{"uv":[7.625,10.5,7.75,10.625],"texture":"#texture"}}},{"name":"Element","from":[7.125,5.75,7.875],"to":[7.25,7,8.125],"faces":{"north":{"uv":[7.25,9,7.125,10.25],"texture":"#texture"},"south":{"uv":[7.125,9,7.25,10.25],"texture":"#texture"},"west":{"uv":[7.125,9,7.25,10.25],"texture":"#texture"},"up":{"uv":[7.125,9.125,7.25,9],"texture":"#texture"},"down":{"uv":[7.125,10.125,7.25,10.25],"texture":"#texture"}}},{"name":"Element","from":[7,5.375,7.875],"to":[7.125,6.625,8.125],"faces":{"north":{"uv":[7.125,9.375,7,10.625],"texture":"#texture"},"east":{"uv":[7.125,9.375,7,10.625],"texture":"#texture"},"south":{"uv":[7,9.375,7.125,10.625],"texture":"#texture"},"west":{"uv":[7,9.375,7.125,10.625],"texture":"#texture"},"up":{"uv":[7,9.5,7.125,9.375],"texture":"#texture"},"down":{"uv":[7,10.5,7.125,10.625],"texture":"#texture"}}},{"name":"Element","from":[6.875,5.5,7.875],"to":[7,6.5,8.125],"faces":{"north":{"uv":[7,9.5,6.875,10.5],"texture":"#texture"},"south":{"uv":[6.875,9.5,7,10.5],"texture":"#texture"},"west":{"uv":[6.875,9.5,7,10.5],"texture":"#texture"},"up":{"uv":[6.875,9.625,7,9.5],"texture":"#texture"},"down":{"uv":[6.875,10.375,7,10.5],"texture":"#texture"}}},{"name":"Element","from":[6.75,5.75,7.875],"to":[6.875,6.375,8.125],"faces":{"north":{"uv":[6.875,9.625,6.75,10.25],"texture":"#texture"},"south":{"uv":[6.75,9.625,6.875,10.25],"texture":"#texture"},"west":{"uv":[6.75,9.625,6.875,10.25],"texture":"#texture"},"up":{"uv":[6.75,9.75,6.875,9.625],"texture":"#texture"},"down":{"uv":[6.75,10.125,6.875,10.25],"texture":"#texture"}}},{"name":"Element","from":[8.25,11.75,7.875],"to":[8.625,12.25,8.125],"faces":{"north":{"uv":[8.625,3.75,8.25,4.25],"texture":"#texture"},"east":{"uv":[8.625,3.75,8.5,4.25],"texture":"#texture"},"south":{"uv":[8.25,3.75,8.625,4.25],"texture":"#texture"},"west":{"uv":[8.25,3.75,8.375,4.25],"texture":"#texture"},"up":{"uv":[8.25,3.875,8.625,3.75],"texture":"#texture"},"down":{"uv":[8.25,4.125,8.625,4.25],"texture":"#texture"}}},{"name":"Element","from":[8.375,11.5,7.875],"to":[8.75,12,8.125],"faces":{"north":{"uv":[8.75,4,8.375,4.5],"texture":"#texture"},"east":{"uv":[8.75,4,8.625,4.5],"texture":"#texture"},"south":{"uv":[8.375,4,8.75,4.5],"texture":"#texture"},"west":{"uv":[8.375,4,8.5,4.5],"texture":"#texture"},"up":{"uv":[8.375,4.125,8.75,4],"texture":"#texture"},"down":{"uv":[8.375,4.375,8.75,4.5],"texture":"#texture"}}},{"name":"Element","from":[8.625,11,7.875],"to":[8.875,11.625,8.125],"faces":{"north":{"uv":[8.875,4.375,8.625,5],"texture":"#texture"},"east":{"uv":[8.875,4.375,8.75,5],"texture":"#texture"},"south":{"uv":[8.625,4.375,8.875,5],"texture":"#texture"},"west":{"uv":[8.625,4.375,8.75,5],"texture":"#texture"},"up":{"uv":[8.625,4.5,8.875,4.375],"texture":"#texture"},"down":{"uv":[8.625,4.875,8.875,5],"texture":"#texture"}}},{"name":"Element","from":[8.875,11.25,7.875],"to":[9,11.375,8.125],"faces":{"north":{"uv":[9,4.625,8.875,4.75],"texture":"#texture"},"east":{"uv":[9,4.625,8.875,4.75],"texture":"#texture"},"south":{"uv":[8.875,4.625,9,4.75],"texture":"#texture"},"up":{"uv":[8.875,4.75,9,4.625],"texture":"#texture"},"down":{"uv":[8.875,4.625,9,4.75],"texture":"#texture"}}},{"name":"Element","from":[8.5,10.625,7.875],"to":[8.75,11.375,8.125],"faces":{"north":{"uv":[8.75,4.625,8.5,5.375],"texture":"#texture"},"east":{"uv":[8.75,4.625,8.625,5.375],"texture":"#texture"},"south":{"uv":[8.5,4.625,8.75,5.375],"texture":"#texture"},"west":{"uv":[8.5,4.625,8.625,5.375],"texture":"#texture"},"up":{"uv":[8.5,4.75,8.75,4.625],"texture":"#texture"},"down":{"uv":[8.5,5.25,8.75,5.375],"texture":"#texture"}}},{"name":"Element","from":[8.375,9.5,7.875],"to":[8.5,11.25,8.125],"faces":{"north":{"uv":[8.5,4.75,8.375,6.5],"texture":"#texture"},"east":{"uv":[8.5,4.75,8.375,6.5],"texture":"#texture"},"south":{"uv":[8.375,4.75,8.5,6.5],"texture":"#texture"},"west":{"uv":[8.375,4.75,8.5,6.5],"texture":"#texture"},"up":{"uv":[8.375,4.875,8.5,4.75],"texture":"#texture"},"down":{"uv":[8.375,6.375,8.5,6.5],"texture":"#texture"}}},{"name":"Element","from":[8.25,9.75,7.875],"to":[8.375,11,8.125],"faces":{"north":{"uv":[8.375,5,8.25,6.25],"texture":"#texture"},"south":{"uv":[8.25,5,8.375,6.25],"texture":"#texture"},"west":{"uv":[8.25,5,8.375,6.25],"texture":"#texture"},"up":{"uv":[8.25,5.125,8.375,5],"texture":"#texture"},"down":{"uv":[8.25,6.125,8.375,6.25],"texture":"#texture"}}},{"name":"Element","from":[8.5,9.125,7.875],"to":[8.75,10.25,8.125],"faces":{"north":{"uv":[8.75,5.75,8.5,6.875],"texture":"#texture"},"east":{"uv":[8.75,5.75,8.625,6.875],"texture":"#texture"},"south":{"uv":[8.5,5.75,8.75,6.875],"texture":"#texture"},"west":{"uv":[8.5,5.75,8.625,6.875],"texture":"#texture"},"up":{"uv":[8.5,5.875,8.75,5.75],"texture":"#texture"},"down":{"uv":[8.5,6.75,8.75,6.875],"texture":"#texture"}}},{"name":"Element","from":[8.625,9,7.875],"to":[8.875,9.75,8.125],"faces":{"north":{"uv":[8.875,6.25,8.625,7],"texture":"#texture"},"east":{"uv":[8.875,6.25,8.75,7],"texture":"#texture"},"south":{"uv":[8.625,6.25,8.875,7],"texture":"#texture"},"west":{"uv":[8.625,6.25,8.75,7],"texture":"#texture"},"up":{"uv":[8.625,6.375,8.875,6.25],"texture":"#texture"},"down":{"uv":[8.625,6.875,8.875,7],"texture":"#texture"}}},{"name":"Element","from":[8.75,5.5,7.875],"to":[9,9.375,8.125],"faces":{"north":{"uv":[9,6.625,8.75,10.5],"texture":"#texture"},"east":{"uv":[9,6.625,8.875,10.5],"texture":"#texture"},"south":{"uv":[8.75,6.625,9,10.5],"texture":"#texture"},"west":{"uv":[8.75,6.625,8.875,10.5],"texture":"#texture"},"up":{"uv":[8.75,6.75,9,6.625],"texture":"#texture"},"down":{"uv":[8.75,10.375,9,10.5],"texture":"#texture"}}},{"name":"Element","from":[9,7.75,7.875],"to":[9.125,9,8.125],"faces":{"north":{"uv":[9.125,7,9,8.25],"texture":"#texture"},"east":{"uv":[9.125,7,9,8.25],"texture":"#texture"},"south":{"uv":[9,7,9.125,8.25],"texture":"#texture"},"up":{"uv":[9,7.125,9.125,7],"texture":"#texture"},"down":{"uv":[9,8.125,9.125,8.25],"texture":"#texture"}}},{"name":"Element","from":[9.125,8.375,7.875],"to":[9.25,8.5,8.125],"faces":{"north":{"uv":[9.25,7.5,9.125,7.625],"texture":"#texture"},"east":{"uv":[9.25,7.5,9.125,7.625],"texture":"#texture"},"south":{"uv":[9.125,7.5,9.25,7.625],"texture":"#texture"},"up":{"uv":[9.125,7.625,9.25,7.5],"texture":"#texture"},"down":{"uv":[9.125,7.5,9.25,7.625],"texture":"#texture"}}},{"name":"Element","from":[9,5.75,7.875],"to":[9.125,6.375,8.125],"faces":{"north":{"uv":[9.125,9.625,9,10.25],"texture":"#texture"},"east":{"uv":[9.125,9.625,9,10.25],"texture":"#texture"},"south":{"uv":[9,9.625,9.125,10.25],"texture":"#texture"},"up":{"uv":[9,9.75,9.125,9.625],"texture":"#texture"},"down":{"uv":[9,10.125,9.125,10.25],"texture":"#texture"}}},{"name":"Element","from":[9.125,5.75,7.875],"to":[9.25,6.125,8.125],"faces":{"north":{"uv":[9.25,9.875,9.125,10.25],"texture":"#texture"},"east":{"uv":[9.25,9.875,9.125,10.25],"texture":"#texture"},"south":{"uv":[9.125,9.875,9.25,10.25],"texture":"#texture"},"up":{"uv":[9.125,10,9.25,9.875],"texture":"#texture"},"down":{"uv":[9.125,10.125,9.25,10.25],"texture":"#texture"}}},{"name":"Element","from":[9.25,5.75,7.875],"to":[9.375,6,8.125],"faces":{"north":{"uv":[9.375,10,9.25,10.25],"texture":"#texture"},"east":{"uv":[9.375,10,9.25,10.25],"texture":"#texture"},"south":{"uv":[9.25,10,9.375,10.25],"texture":"#texture"},"up":{"uv":[9.25,10.125,9.375,10],"texture":"#texture"},"down":{"uv":[9.25,10.125,9.375,10.25],"texture":"#texture"}}},{"name":"Element","from":[8.625,7,7.875],"to":[8.75,8.75,8.125],"faces":{"north":{"uv":[8.75,7.25,8.625,9],"texture":"#texture"},"south":{"uv":[8.625,7.25,8.75,9],"texture":"#texture"},"west":{"uv":[8.625,7.25,8.75,9],"texture":"#texture"},"up":{"uv":[8.625,7.375,8.75,7.25],"texture":"#texture"},"down":{"uv":[8.625,8.875,8.75,9],"texture":"#texture"}}},{"name":"Element","from":[8.5,7.375,7.875],"to":[8.625,8.5,8.125],"faces":{"north":{"uv":[8.625,7.5,8.5,8.625],"texture":"#texture"},"south":{"uv":[8.5,7.5,8.625,8.625],"texture":"#texture"},"west":{"uv":[8.5,7.5,8.625,8.625],"texture":"#texture"},"up":{"uv":[8.5,7.625,8.625,7.5],"texture":"#texture"},"down":{"uv":[8.5,8.5,8.625,8.625],"texture":"#texture"}}},{"name":"Element","from":[8.625,5.375,7.875],"to":[8.875,6.625,8.125],"faces":{"north":{"uv":[8.875,9.375,8.625,10.625],"texture":"#texture"},"east":{"uv":[8.875,9.375,8.75,10.625],"texture":"#texture"},"south":{"uv":[8.625,9.375,8.875,10.625],"texture":"#texture"},"west":{"uv":[8.625,9.375,8.75,10.625],"texture":"#texture"},"up":{"uv":[8.625,9.5,8.875,9.375],"texture":"#texture"},"down":{"uv":[8.625,10.5,8.875,10.625],"texture":"#texture"}}},{"name":"Element","from":[8.5,5.375,7.875],"to":[8.625,5.875,8.125],"faces":{"north":{"uv":[8.625,10.125,8.5,10.625],"texture":"#texture"},"south":{"uv":[8.5,10.125,8.625,10.625],"texture":"#texture"},"west":{"uv":[8.5,10.125,8.625,10.625],"texture":"#texture"},"up":{"uv":[8.5,10.25,8.625,10.125],"texture":"#texture"},"down":{"uv":[8.5,10.5,8.625,10.625],"texture":"#texture"}}},{"name":"Element","from":[8.25,9.75,7.8125],"to":[8.375,10.875,8.1875],"faces":{"north":{"uv":[8.375,5.125,8.25,6.25],"texture":"#texture"},"east":{"uv":[8.375,5.125,8.25,6.25],"texture":"#texture"},"south":{"uv":[8.25,5.125,8.375,6.25],"texture":"#texture"},"west":{"uv":[8.25,5.125,8.375,6.25],"texture":"#texture"},"up":{"uv":[8.25,5.25,8.375,5.125],"texture":"#texture"},"down":{"uv":[8.25,6.125,8.375,6.25],"texture":"#texture"}}},{"name":"Element","from":[8.375,9.5,7.8125],"to":[8.5,10.625,8.1875],"faces":{"north":{"uv":[8.5,5.375,8.375,6.5],"texture":"#texture"},"east":{"uv":[8.5,5.375,8.375,6.5],"texture":"#texture"},"south":{"uv":[8.375,5.375,8.5,6.5],"texture":"#texture"},"west":{"uv":[8.375,5.375,8.5,6.5],"texture":"#texture"},"up":{"uv":[8.375,5.5,8.5,5.375],"texture":"#texture"},"down":{"uv":[8.375,6.375,8.5,6.5],"texture":"#texture"}}},{"name":"Element","from":[8.5,9.125,7.8125],"to":[8.625,10.25,8.1875],"faces":{"north":{"uv":[8.625,5.75,8.5,6.875],"texture":"#texture"},"east":{"uv":[8.625,5.75,8.5,6.875],"texture":"#texture"},"south":{"uv":[8.5,5.75,8.625,6.875],"texture":"#texture"},"west":{"uv":[8.5,5.75,8.625,6.875],"texture":"#texture"},"up":{"uv":[8.5,5.875,8.625,5.75],"texture":"#texture"},"down":{"uv":[8.5,6.75,8.625,6.875],"texture":"#texture"}}},{"name":"Element","from":[7.25,5.875,7.8125],"to":[7.375,6.875,8.1875],"faces":{"north":{"uv":[7.375,9.125,7.25,10.125],"texture":"#texture"},"south":{"uv":[7.25,9.125,7.375,10.125],"texture":"#texture"},"west":{"uv":[7.25,9.125,7.375,10.125],"texture":"#texture"},"up":{"uv":[7.25,9.25,7.375,9.125],"texture":"#texture"},"down":{"uv":[7.25,10,7.375,10.125],"texture":"#texture"}}},{"name":"Element","from":[8.625,9,7.8125],"to":[8.75,9.625,8.1875],"faces":{"north":{"uv":[8.75,6.375,8.625,7],"texture":"#texture"},"east":{"uv":[8.75,6.375,8.625,7],"texture":"#texture"},"south":{"uv":[8.625,6.375,8.75,7],"texture":"#texture"},"west":{"uv":[8.625,6.375,8.75,7],"texture":"#texture"},"up":{"uv":[8.625,6.5,8.75,6.375],"texture":"#texture"},"down":{"uv":[8.625,6.875,8.75,7],"texture":"#texture"}}},{"name":"Element","from":[8.75,6.875,7.8125],"to":[8.875,9.375,8.1875],"faces":{"north":{"uv":[8.875,6.625,8.75,9.125],"texture":"#texture"},"east":{"uv":[8.875,6.625,8.75,9.125],"texture":"#texture"},"south":{"uv":[8.75,6.625,8.875,9.125],"texture":"#texture"},"west":{"uv":[8.75,6.625,8.875,9.125],"texture":"#texture"},"up":{"uv":[8.75,6.75,8.875,6.625],"texture":"#texture"}}},{"name":"Element","from":[8.875,7.625,7.8125],"to":[9,9.125,8.1875],"faces":{"north":{"uv":[9,6.875,8.875,8.375],"texture":"#texture"},"east":{"uv":[9,6.875,8.875,8.375],"texture":"#texture"},"south":{"uv":[8.875,6.875,9,8.375],"texture":"#texture"},"up":{"uv":[8.875,7,9,6.875],"texture":"#texture"},"down":{"uv":[8.875,8.25,9,8.375],"texture":"#texture"}}},{"name":"Element","from":[8.5,7.125,7.8125],"to":[8.75,8.5,8.1875],"faces":{"north":{"uv":[8.75,7.5,8.5,8.875],"texture":"#texture"},"south":{"uv":[8.5,7.5,8.75,8.875],"texture":"#texture"},"west":{"uv":[8.5,7.5,8.625,8.875],"texture":"#texture"},"up":{"uv":[8.5,7.625,8.75,7.5],"texture":"#texture"},"down":{"uv":[8.5,8.75,8.75,8.875],"texture":"#texture"}}},{"name":"Element","from":[8.625,8.5,7.8125],"to":[8.75,8.75,8.1875],"faces":{"north":{"uv":[8.75,7.25,8.625,7.5],"texture":"#texture"},"south":{"uv":[8.625,7.25,8.75,7.5],"texture":"#texture"},"west":{"uv":[8.625,7.25,8.75,7.5],"texture":"#texture"},"up":{"uv":[8.625,7.375,8.75,7.25],"texture":"#texture"}}},{"name":"Element","from":[8.75,6,7.8125],"to":[8.875,6.875,8.1875],"faces":{"north":{"uv":[8.875,9.125,8.75,10],"texture":"#texture"},"east":{"uv":[8.875,9.125,8.75,10],"texture":"#texture"},"south":{"uv":[8.75,9.125,8.875,10],"texture":"#texture"},"west":{"uv":[8.75,9.125,8.875,10],"texture":"#texture"},"down":{"uv":[8.75,9.875,8.875,10],"texture":"#texture"}}},{"name":"Element","from":[8.875,5.625,7.8125],"to":[9,6.375,8.1875],"faces":{"north":{"uv":[9,9.625,8.875,10.375],"texture":"#texture"},"east":{"uv":[9,9.625,8.875,10.375],"texture":"#texture"},"south":{"uv":[8.875,9.625,9,10.375],"texture":"#texture"},"up":{"uv":[8.875,9.75,9,9.625],"texture":"#texture"},"down":{"uv":[8.875,10.25,9,10.375],"texture":"#texture"}}},{"name":"Element","from":[9,5.75,7.8125],"to":[9.125,6.25,8.1875],"faces":{"north":{"uv":[9.125,9.75,9,10.25],"texture":"#texture"},"east":{"uv":[9.125,9.75,9,10.25],"texture":"#texture"},"south":{"uv":[9,9.75,9.125,10.25],"texture":"#texture"},"up":{"uv":[9,9.875,9.125,9.75],"texture":"#texture"},"down":{"uv":[9,10.125,9.125,10.25],"texture":"#texture"}}},{"name":"Element","from":[9.125,5.875,7.8125],"to":[9.25,6,8.1875],"faces":{"north":{"uv":[9.25,10,9.125,10.125],"texture":"#texture"},"east":{"uv":[9.25,10,9.125,10.125],"texture":"#texture"},"south":{"uv":[9.125,10,9.25,10.125],"texture":"#texture"},"up":{"uv":[9.125,10.125,9.25,10],"texture":"#texture"},"down":{"uv":[9.125,10,9.25,10.125],"texture":"#texture"}}},{"name":"Element","from":[8.625,5.5,7.8125],"to":[8.875,6.625,8.1875],"faces":{"north":{"uv":[8.875,9.375,8.625,10.5],"texture":"#texture"},"east":{"uv":[8.875,9.375,8.75,10.5],"texture":"#texture"},"south":{"uv":[8.625,9.375,8.875,10.5],"texture":"#texture"},"west":{"uv":[8.625,9.375,8.75,10.5],"texture":"#texture"},"up":{"uv":[8.625,9.5,8.875,9.375],"texture":"#texture"},"down":{"uv":[8.625,10.375,8.875,10.5],"texture":"#texture"}}},{"name":"Element","from":[8.5,5.5,7.8125],"to":[8.625,5.875,8.1875],"faces":{"north":{"uv":[8.625,10.125,8.5,10.5],"texture":"#texture"},"south":{"uv":[8.5,10.125,8.625,10.5],"texture":"#texture"},"west":{"uv":[8.5,10.125,8.625,10.5],"texture":"#texture"},"up":{"uv":[8.5,10.25,8.625,10.125],"texture":"#texture"},"down":{"uv":[8.5,10.375,8.625,10.5],"texture":"#texture"}}},{"name":"Element","from":[7.625,10.5,7.8125],"to":[7.875,10.875,8.1875],"faces":{"north":{"uv":[7.875,5.125,7.625,5.5],"texture":"#texture"},"east":{"uv":[7.875,5.125,7.75,5.5],"texture":"#texture"},"south":{"uv":[7.625,5.125,7.875,5.5],"texture":"#texture"},"west":{"uv":[7.625,5.125,7.75,5.5],"texture":"#texture"},"up":{"uv":[7.625,5.25,7.875,5.125],"texture":"#texture"},"down":{"uv":[7.625,5.375,7.875,5.5],"texture":"#texture"}}},{"name":"Element","from":[7.75,9.75,7.8125],"to":[8,10.75,8.1875],"faces":{"north":{"uv":[8,5.25,7.75,6.25],"texture":"#texture"},"east":{"uv":[8,5.25,7.875,6.25],"texture":"#texture"},"south":{"uv":[7.75,5.25,8,6.25],"texture":"#texture"},"west":{"uv":[7.75,5.25,7.875,6.25],"texture":"#texture"},"up":{"uv":[7.75,5.375,8,5.25],"texture":"#texture"},"down":{"uv":[7.75,6.125,8,6.25],"texture":"#texture"}}},{"name":"Element","from":[7.75,9.5,7.8125],"to":[7.875,9.75,8.1875],"faces":{"north":{"uv":[7.875,6.25,7.75,6.5],"texture":"#texture"},"east":{"uv":[7.875,6.25,7.75,6.5],"texture":"#texture"},"south":{"uv":[7.75,6.25,7.875,6.5],"texture":"#texture"},"west":{"uv":[7.75,6.25,7.875,6.5],"texture":"#texture"},"down":{"uv":[7.75,6.375,7.875,6.5],"texture":"#texture"}}},{"name":"Element","from":[7.625,9.125,7.8125],"to":[7.75,9.5,8.1875],"faces":{"north":{"uv":[7.75,6.5,7.625,6.875],"texture":"#texture"},"east":{"uv":[7.75,6.5,7.625,6.875],"texture":"#texture"},"south":{"uv":[7.625,6.5,7.75,6.875],"texture":"#texture"},"west":{"uv":[7.625,6.5,7.75,6.875],"texture":"#texture"},"up":{"uv":[7.625,6.625,7.75,6.5],"texture":"#texture"},"down":{"uv":[7.625,6.75,7.75,6.875],"texture":"#texture"}}},{"name":"Element","from":[7.5,9,7.8125],"to":[7.625,9.125,8.1875],"faces":{"north":{"uv":[7.625,6.875,7.5,7],"texture":"#texture"},"east":{"uv":[7.625,6.875,7.5,7],"texture":"#texture"},"south":{"uv":[7.5,6.875,7.625,7],"texture":"#texture"},"west":{"uv":[7.5,6.875,7.625,7],"texture":"#texture"},"up":{"uv":[7.5,7,7.625,6.875],"texture":"#texture"},"down":{"uv":[7.5,6.875,7.625,7],"texture":"#texture"}}},{"name":"Element","from":[7.5,8.25,7.8125],"to":[7.625,8.75,8.1875],"faces":{"north":{"uv":[7.625,7.25,7.5,7.75],"texture":"#texture"},"east":{"uv":[7.625,7.25,7.5,7.75],"texture":"#texture"},"south":{"uv":[7.5,7.25,7.625,7.75],"texture":"#texture"},"west":{"uv":[7.5,7.25,7.625,7.75],"texture":"#texture"},"up":{"uv":[7.5,7.375,7.625,7.25],"texture":"#texture"},"down":{"uv":[7.5,7.625,7.625,7.75],"texture":"#texture"}}},{"name":"Element","from":[7.625,7.375,7.8125],"to":[7.75,8.5,8.1875],"faces":{"north":{"uv":[7.75,7.5,7.625,8.625],"texture":"#texture"},"east":{"uv":[7.75,7.5,7.625,8.625],"texture":"#texture"},"south":{"uv":[7.625,7.5,7.75,8.625],"texture":"#texture"},"west":{"uv":[7.625,7.5,7.75,8.625],"texture":"#texture"},"up":{"uv":[7.625,7.625,7.75,7.5],"texture":"#texture"}}},{"name":"Element","from":[7.5,7.125,7.8125],"to":[7.75,7.375,8.1875],"faces":{"north":{"uv":[7.75,8.625,7.5,8.875],"texture":"#texture"},"east":{"uv":[7.75,8.625,7.625,8.875],"texture":"#texture"},"south":{"uv":[7.5,8.625,7.75,8.875],"texture":"#texture"},"west":{"uv":[7.5,8.625,7.625,8.875],"texture":"#texture"},"up":{"uv":[7.5,8.75,7.75,8.625],"texture":"#texture"},"down":{"uv":[7.5,8.75,7.75,8.875],"texture":"#texture"}}},{"name":"Element","from":[7.375,5.75,7.8125],"to":[7.5,7.125,8.1875],"faces":{"north":{"uv":[7.5,8.875,7.375,10.25],"texture":"#texture"},"east":{"uv":[7.5,8.875,7.375,10.25],"texture":"#texture"},"south":{"uv":[7.375,8.875,7.5,10.25],"texture":"#texture"},"west":{"uv":[7.375,8.875,7.5,10.25],"texture":"#texture"},"up":{"uv":[7.375,9,7.5,8.875],"texture":"#texture"},"down":{"uv":[7.375,10.125,7.5,10.25],"texture":"#texture"}}},{"name":"Element","from":[7.5,5.625,7.8125],"to":[7.625,6.625,8.1875],"faces":{"north":{"uv":[7.625,9.375,7.5,10.375],"texture":"#texture"},"east":{"uv":[7.625,9.375,7.5,10.375],"texture":"#texture"},"south":{"uv":[7.5,9.375,7.625,10.375],"texture":"#texture"},"west":{"uv":[7.5,9.375,7.625,10.375],"texture":"#texture"},"up":{"uv":[7.5,9.5,7.625,9.375],"texture":"#texture"},"down":{"uv":[7.5,10.25,7.625,10.375],"texture":"#texture"}}},{"name":"Element","from":[7.625,5.5,7.8125],"to":[7.75,5.875,8.1875],"faces":{"north":{"uv":[7.75,10.125,7.625,10.5],"texture":"#texture"},"east":{"uv":[7.75,10.125,7.625,10.5],"texture":"#texture"},"south":{"uv":[7.625,10.125,7.75,10.5],"texture":"#texture"},"west":{"uv":[7.625,10.125,7.75,10.5],"texture":"#texture"},"up":{"uv":[7.625,10.25,7.75,10.125],"texture":"#texture"},"down":{"uv":[7.625,10.375,7.75,10.5],"texture":"#texture"}}},{"name":"Element","from":[7.125,5.875,7.8125],"to":[7.25,6.625,8.1875],"faces":{"north":{"uv":[7.25,9.375,7.125,10.125],"texture":"#texture"},"south":{"uv":[7.125,9.375,7.25,10.125],"texture":"#texture"},"west":{"uv":[7.125,9.375,7.25,10.125],"texture":"#texture"},"up":{"uv":[7.125,9.5,7.25,9.375],"texture":"#texture"},"down":{"uv":[7.125,10,7.25,10.125],"texture":"#texture"}}},{"name":"Element","from":[7,5.75,7.8125],"to":[7.125,6.375,8.1875],"faces":{"north":{"uv":[7.125,9.625,7,10.25],"texture":"#texture"},"east":{"uv":[7.125,9.625,7,10.25],"texture":"#texture"},"south":{"uv":[7,9.625,7.125,10.25],"texture":"#texture"},"west":{"uv":[7,9.625,7.125,10.25],"texture":"#texture"},"up":{"uv":[7,9.75,7.125,9.625],"texture":"#texture"},"down":{"uv":[7,10.125,7.125,10.25],"texture":"#texture"}}},{"name":"Element","from":[6.875,5.625,7.8125],"to":[7,6.25,8.1875],"faces":{"north":{"uv":[7,9.75,6.875,10.375],"texture":"#texture"},"east":{"uv":[7,9.75,6.875,10.375],"texture":"#texture"},"south":{"uv":[6.875,9.75,7,10.375],"texture":"#texture"},"west":{"uv":[6.875,9.75,7,10.375],"texture":"#texture"},"up":{"uv":[6.875,9.875,7,9.75],"texture":"#texture"},"down":{"uv":[6.875,10.25,7,10.375],"texture":"#texture"}}},{"name":"Element","from":[7.75,5,7.75],"to":[8.5,5.75,8.25],"faces":{"north":{"uv":[8.5,10.25,7.75,11],"texture":"#texture"},"east":{"uv":[8.5,10.25,8.375,11],"texture":"#texture"},"south":{"uv":[7.75,10.25,8.5,11],"texture":"#texture"},"west":{"uv":[7.75,10.25,7.875,11],"texture":"#texture"},"up":{"uv":[7.75,10.375,8.5,10.25],"texture":"#texture"},"down":{"uv":[7.75,10.875,8.5,11],"texture":"#texture"}}},{"name":"Element","from":[7.875,4.875,7.75],"to":[8.375,5,8.25],"faces":{"north":{"uv":[8.375,11,7.875,11.125],"texture":"#texture"},"east":{"uv":[8.375,11,8.25,11.125],"texture":"#texture"},"south":{"uv":[7.875,11,8.375,11.125],"texture":"#texture"},"west":{"uv":[7.875,11,8,11.125],"texture":"#texture"},"down":{"uv":[7.875,11,8.375,11.125],"texture":"#texture"}}},{"name":"Element","from":[8,4.5,7.875],"to":[8.25,4.875,8.125],"faces":{"north":{"uv":[8.25,11.125,8,11.5],"texture":"#texture"},"east":{"uv":[8.25,11.125,8.125,11.5],"texture":"#texture"},"south":{"uv":[8,11.125,8.25,11.5],"texture":"#texture"},"west":{"uv":[8,11.125,8.125,11.5],"texture":"#texture"},"down":{"uv":[8,11.375,8.25,11.5],"texture":"#texture"}}},{"name":"Element","from":[8,3.5,7.875],"to":[8.25,3.875,8.125],"faces":{"north":{"uv":[8.25,12.125,8,12.5],"texture":"#texture"},"east":{"uv":[8.25,12.125,8.125,12.5],"texture":"#texture"},"south":{"uv":[8,12.125,8.25,12.5],"texture":"#texture"},"west":{"uv":[8,12.125,8.125,12.5],"texture":"#texture"},"up":{"uv":[8,12.25,8.25,12.125],"texture":"#texture"},"down":{"uv":[8,12.375,8.25,12.5],"texture":"#texture"}}},{"name":"Element","from":[8,2.5,7.875],"to":[8.25,2.875,8.125],"faces":{"north":{"uv":[8.25,13.125,8,13.5],"texture":"#texture"},"east":{"uv":[8.25,13.125,8.125,13.5],"texture":"#texture"},"south":{"uv":[8,13.125,8.25,13.5],"texture":"#texture"},"west":{"uv":[8,13.125,8.125,13.5],"texture":"#texture"},"up":{"uv":[8,13.25,8.25,13.125],"texture":"#texture"},"down":{"uv":[8,13.375,8.25,13.5],"texture":"#texture"}}},{"name":"Element","from":[8,1.5,7.875],"to":[8.25,1.875,8.125],"faces":{"north":{"uv":[8.25,14.125,8,14.5],"texture":"#texture"},"east":{"uv":[8.25,14.125,8.125,14.5],"texture":"#texture"},"south":{"uv":[8,14.125,8.25,14.5],"texture":"#texture"},"west":{"uv":[8,14.125,8.125,14.5],"texture":"#texture"},"up":{"uv":[8,14.25,8.25,14.125],"texture":"#texture"},"down":{"uv":[8,14.375,8.25,14.5],"texture":"#texture"}}},{"name":"Element","from":[7.875,4.625,7.875],"to":[8,4.875,8.125],"faces":{"north":{"uv":[8,11.125,7.875,11.375],"texture":"#texture"},"south":{"uv":[7.875,11.125,8,11.375],"texture":"#texture"},"west":{"uv":[7.875,11.125,8,11.375],"texture":"#texture"},"down":{"uv":[7.875,11.25,8,11.375],"texture":"#texture"}}},{"name":"Element","from":[8.125,4.375,7.875],"to":[8.375,4.75,8.125],"faces":{"north":{"uv":[8.375,11.25,8.125,11.625],"texture":"#texture"},"east":{"uv":[8.375,11.25,8.25,11.625],"texture":"#texture"},"south":{"uv":[8.125,11.25,8.375,11.625],"texture":"#texture"},"west":{"uv":[8.125,11.25,8.25,11.625],"texture":"#texture"},"up":{"uv":[8.125,11.375,8.375,11.25],"texture":"#texture"},"down":{"uv":[8.125,11.5,8.375,11.625],"texture":"#texture"}}},{"name":"Element","from":[7.875,3.375,7.875],"to":[8.125,3.75,8.125],"faces":{"north":{"uv":[8.125,12.25,7.875,12.625],"texture":"#texture"},"east":{"uv":[8.125,12.25,8,12.625],"texture":"#texture"},"south":{"uv":[7.875,12.25,8.125,12.625],"texture":"#texture"},"west":{"uv":[7.875,12.25,8,12.625],"texture":"#texture"},"up":{"uv":[7.875,12.375,8.125,12.25],"texture":"#texture"},"down":{"uv":[7.875,12.5,8.125,12.625],"texture":"#texture"}}},{"name":"Element","from":[8.125,3.625,7.875],"to":[8.375,4,8.125],"faces":{"north":{"uv":[8.375,12,8.125,12.375],"texture":"#texture"},"east":{"uv":[8.375,12,8.25,12.375],"texture":"#texture"},"south":{"uv":[8.125,12,8.375,12.375],"texture":"#texture"},"west":{"uv":[8.125,12,8.25,12.375],"texture":"#texture"},"up":{"uv":[8.125,12.125,8.375,12],"texture":"#texture"},"down":{"uv":[8.125,12.25,8.375,12.375],"texture":"#texture"}}},{"name":"Element","from":[7.875,2.625,7.875],"to":[8.125,3,8.125],"faces":{"north":{"uv":[8.125,13,7.875,13.375],"texture":"#texture"},"east":{"uv":[8.125,13,8,13.375],"texture":"#texture"},"south":{"uv":[7.875,13,8.125,13.375],"texture":"#texture"},"west":{"uv":[7.875,13,8,13.375],"texture":"#texture"},"up":{"uv":[7.875,13.125,8.125,13],"texture":"#texture"},"down":{"uv":[7.875,13.25,8.125,13.375],"texture":"#texture"}}},{"name":"Element","from":[8.125,2.375,7.875],"to":[8.375,2.75,8.125],"faces":{"north":{"uv":[8.375,13.25,8.125,13.625],"texture":"#texture"},"east":{"uv":[8.375,13.25,8.25,13.625],"texture":"#texture"},"south":{"uv":[8.125,13.25,8.375,13.625],"texture":"#texture"},"west":{"uv":[8.125,13.25,8.25,13.625],"texture":"#texture"},"up":{"uv":[8.125,13.375,8.375,13.25],"texture":"#texture"},"down":{"uv":[8.125,13.5,8.375,13.625],"texture":"#texture"}}},{"name":"Element","from":[7.875,1.375,7.875],"to":[8.125,1.75,8.125],"faces":{"north":{"uv":[8.125,14.25,7.875,14.625],"texture":"#texture"},"east":{"uv":[8.125,14.25,8,14.625],"texture":"#texture"},"south":{"uv":[7.875,14.25,8.125,14.625],"texture":"#texture"},"west":{"uv":[7.875,14.25,8,14.625],"texture":"#texture"},"up":{"uv":[7.875,14.375,8.125,14.25],"texture":"#texture"},"down":{"uv":[7.875,14.5,8.125,14.625],"texture":"#texture"}}},{"name":"Element","from":[8.125,1.625,7.875],"to":[8.375,2,8.125],"faces":{"north":{"uv":[8.375,14,8.125,14.375],"texture":"#texture"},"east":{"uv":[8.375,14,8.25,14.375],"texture":"#texture"},"south":{"uv":[8.125,14,8.375,14.375],"texture":"#texture"},"west":{"uv":[8.125,14,8.25,14.375],"texture":"#texture"},"up":{"uv":[8.125,14.125,8.375,14],"texture":"#texture"},"down":{"uv":[8.125,14.25,8.375,14.375],"texture":"#texture"}}}],"display":{"thirdperson_righthand":{"rotation":[0,-90,0],"translation":[0,7,1],"scale":[2.4,2.4,2.4]},"firstperson_righthand":{"rotation":[17,-90,0],"translation":[2.6,5,-0.008],"scale":[1.6,1.6,1.6]},"firstperson_lefthand":{"rotation":[17,90,0],"translation":[2.6,5,-0.008],"scale":[1.6,1.6,1.6]},"ground":{"rotation":[0,0,-45],"translation":[0,3.3956,0]},"gui":{"rotation":[0,-180,45],"translation":[0,-0.5,0],"scale":[1.4,1.4,1.6]},"head":{"rotation":[0,0,45],"translation":[0,19,0],"scale":[2,2,2]},"fixed":{"rotation":[0,0,45],"translation":[0,-0.5,-0.5],"scale":[1.6,1.6,2]}}}