{"multipart":[{"when":{"up":"false","west":"false","east":"false","south":"false","north":"false","age":"3"},"apply":[{"model":"customfire:auto_generated/blue_fire_fire_floor0"},{"model":"customfire:auto_generated/blue_fire_fire_floor1"}]},{"when":{"OR":[{"north":"true","age":"3"},{"up":"false","west":"false","east":"false","south":"false","north":"false","age":"3"}]},"apply":[{"model":"customfire:auto_generated/blue_fire_fire_side0"},{"model":"customfire:auto_generated/blue_fire_fire_side1"},{"model":"customfire:auto_generated/blue_fire_fire_side_alt0"},{"model":"customfire:auto_generated/blue_fire_fire_side_alt1"}]},{"when":{"OR":[{"east":"true","age":"3"},{"up":"false","west":"false","east":"false","south":"false","north":"false","age":"3"}]},"apply":[{"model":"customfire:auto_generated/blue_fire_fire_side0","y":90},{"model":"customfire:auto_generated/blue_fire_fire_side1","y":90},{"model":"customfire:auto_generated/blue_fire_fire_side_alt0","y":90},{"model":"customfire:auto_generated/blue_fire_fire_side_alt1","y":90}]},{"when":{"OR":[{"south":"true","age":"3"},{"up":"false","west":"false","east":"false","south":"false","north":"false","age":"3"}]},"apply":[{"model":"customfire:auto_generated/blue_fire_fire_side0","y":180},{"model":"customfire:auto_generated/blue_fire_fire_side1","y":180},{"model":"customfire:auto_generated/blue_fire_fire_side_alt0","y":180},{"model":"customfire:auto_generated/blue_fire_fire_side_alt1","y":180}]},{"when":{"OR":[{"west":"true","age":"3"},{"up":"false","west":"false","east":"false","south":"false","north":"false","age":"3"}]},"apply":[{"model":"customfire:auto_generated/blue_fire_fire_side0","y":270},{"model":"customfire:auto_generated/blue_fire_fire_side1","y":270},{"model":"customfire:auto_generated/blue_fire_fire_side_alt0","y":270},{"model":"customfire:auto_generated/blue_fire_fire_side_alt1","y":270}]},{"when":{"up":"true","age":"3"},"apply":[{"model":"customfire:auto_generated/blue_fire_fire_up0"},{"model":"customfire:auto_generated/blue_fire_fire_up1"},{"model":"customfire:auto_generated/blue_fire_fire_up_alt0"},{"model":"customfire:auto_generated/blue_fire_fire_up_alt1"}]},{"when":{"up":"false","west":"false","east":"false","south":"false","north":"false","age":"5"},"apply":[{"model":"customfire:auto_generated/purple_fire_fire_floor0"},{"model":"customfire:auto_generated/purple_fire_fire_floor1"}]},{"when":{"OR":[{"north":"true","age":"5"},{"up":"false","west":"false","east":"false","south":"false","north":"false","age":"5"}]},"apply":[{"model":"customfire:auto_generated/purple_fire_fire_side0"},{"model":"customfire:auto_generated/purple_fire_fire_side1"},{"model":"customfire:auto_generated/purple_fire_fire_side_alt0"},{"model":"customfire:auto_generated/purple_fire_fire_side_alt1"}]},{"when":{"OR":[{"east":"true","age":"5"},{"up":"false","west":"false","east":"false","south":"false","north":"false","age":"5"}]},"apply":[{"model":"customfire:auto_generated/purple_fire_fire_side0","y":90},{"model":"customfire:auto_generated/purple_fire_fire_side1","y":90},{"model":"customfire:auto_generated/purple_fire_fire_side_alt0","y":90},{"model":"customfire:auto_generated/purple_fire_fire_side_alt1","y":90}]},{"when":{"OR":[{"south":"true","age":"5"},{"up":"false","west":"false","east":"false","south":"false","north":"false","age":"5"}]},"apply":[{"model":"customfire:auto_generated/purple_fire_fire_side0","y":180},{"model":"customfire:auto_generated/purple_fire_fire_side1","y":180},{"model":"customfire:auto_generated/purple_fire_fire_side_alt0","y":180},{"model":"customfire:auto_generated/purple_fire_fire_side_alt1","y":180}]},{"when":{"OR":[{"west":"true","age":"5"},{"up":"false","west":"false","east":"false","south":"false","north":"false","age":"5"}]},"apply":[{"model":"customfire:auto_generated/purple_fire_fire_side0","y":270},{"model":"customfire:auto_generated/purple_fire_fire_side1","y":270},{"model":"customfire:auto_generated/purple_fire_fire_side_alt0","y":270},{"model":"customfire:auto_generated/purple_fire_fire_side_alt1","y":270}]},{"when":{"up":"true","age":"5"},"apply":[{"model":"customfire:auto_generated/purple_fire_fire_up0"},{"model":"customfire:auto_generated/purple_fire_fire_up1"},{"model":"customfire:auto_generated/purple_fire_fire_up_alt0"},{"model":"customfire:auto_generated/purple_fire_fire_up_alt1"}]},{"when":{"up":"false","west":"false","east":"false","south":"false","north":"false","age":"2"},"apply":[{"model":"customfire:auto_generated/green_fire_fire_floor0"},{"model":"customfire:auto_generated/green_fire_fire_floor1"}]},{"when":{"OR":[{"north":"true","age":"2"},{"up":"false","west":"false","east":"false","south":"false","north":"false","age":"2"}]},"apply":[{"model":"customfire:auto_generated/green_fire_fire_side0"},{"model":"customfire:auto_generated/green_fire_fire_side1"},{"model":"customfire:auto_generated/green_fire_fire_side_alt0"},{"model":"customfire:auto_generated/green_fire_fire_side_alt1"}]},{"when":{"OR":[{"east":"true","age":"2"},{"up":"false","west":"false","east":"false","south":"false","north":"false","age":"2"}]},"apply":[{"model":"customfire:auto_generated/green_fire_fire_side0","y":90},{"model":"customfire:auto_generated/green_fire_fire_side1","y":90},{"model":"customfire:auto_generated/green_fire_fire_side_alt0","y":90},{"model":"customfire:auto_generated/green_fire_fire_side_alt1","y":90}]},{"when":{"OR":[{"south":"true","age":"2"},{"up":"false","west":"false","east":"false","south":"false","north":"false","age":"2"}]},"apply":[{"model":"customfire:auto_generated/green_fire_fire_side0","y":180},{"model":"customfire:auto_generated/green_fire_fire_side1","y":180},{"model":"customfire:auto_generated/green_fire_fire_side_alt0","y":180},{"model":"customfire:auto_generated/green_fire_fire_side_alt1","y":180}]},{"when":{"OR":[{"west":"true","age":"2"},{"up":"false","west":"false","east":"false","south":"false","north":"false","age":"2"}]},"apply":[{"model":"customfire:auto_generated/green_fire_fire_side0","y":270},{"model":"customfire:auto_generated/green_fire_fire_side1","y":270},{"model":"customfire:auto_generated/green_fire_fire_side_alt0","y":270},{"model":"customfire:auto_generated/green_fire_fire_side_alt1","y":270}]},{"when":{"up":"true","age":"2"},"apply":[{"model":"customfire:auto_generated/green_fire_fire_up0"},{"model":"customfire:auto_generated/green_fire_fire_up1"},{"model":"customfire:auto_generated/green_fire_fire_up_alt0"},{"model":"customfire:auto_generated/green_fire_fire_up_alt1"}]},{"when":{"up":"false","west":"false","east":"false","south":"false","north":"false","age":"1"},"apply":[{"model":"customfire:auto_generated/white_fire_fire_floor0"},{"model":"customfire:auto_generated/white_fire_fire_floor1"}]},{"when":{"OR":[{"north":"true","age":"1"},{"up":"false","west":"false","east":"false","south":"false","north":"false","age":"1"}]},"apply":[{"model":"customfire:auto_generated/white_fire_fire_side0"},{"model":"customfire:auto_generated/white_fire_fire_side1"},{"model":"customfire:auto_generated/white_fire_fire_side_alt0"},{"model":"customfire:auto_generated/white_fire_fire_side_alt1"}]},{"when":{"OR":[{"east":"true","age":"1"},{"up":"false","west":"false","east":"false","south":"false","north":"false","age":"1"}]},"apply":[{"model":"customfire:auto_generated/white_fire_fire_side0","y":90},{"model":"customfire:auto_generated/white_fire_fire_side1","y":90},{"model":"customfire:auto_generated/white_fire_fire_side_alt0","y":90},{"model":"customfire:auto_generated/white_fire_fire_side_alt1","y":90}]},{"when":{"OR":[{"south":"true","age":"1"},{"up":"false","west":"false","east":"false","south":"false","north":"false","age":"1"}]},"apply":[{"model":"customfire:auto_generated/white_fire_fire_side0","y":180},{"model":"customfire:auto_generated/white_fire_fire_side1","y":180},{"model":"customfire:auto_generated/white_fire_fire_side_alt0","y":180},{"model":"customfire:auto_generated/white_fire_fire_side_alt1","y":180}]},{"when":{"OR":[{"west":"true","age":"1"},{"up":"false","west":"false","east":"false","south":"false","north":"false","age":"1"}]},"apply":[{"model":"customfire:auto_generated/white_fire_fire_side0","y":270},{"model":"customfire:auto_generated/white_fire_fire_side1","y":270},{"model":"customfire:auto_generated/white_fire_fire_side_alt0","y":270},{"model":"customfire:auto_generated/white_fire_fire_side_alt1","y":270}]},{"when":{"up":"true","age":"1"},"apply":[{"model":"customfire:auto_generated/white_fire_fire_up0"},{"model":"customfire:auto_generated/white_fire_fire_up1"},{"model":"customfire:auto_generated/white_fire_fire_up_alt0"},{"model":"customfire:auto_generated/white_fire_fire_up_alt1"}]},{"when":{"up":"false","west":"false","east":"false","south":"false","north":"false","age":"4"},"apply":[{"model":"customfire:auto_generated/black_fire_fire_floor0"},{"model":"customfire:auto_generated/black_fire_fire_floor1"}]},{"when":{"OR":[{"north":"true","age":"4"},{"up":"false","west":"false","east":"false","south":"false","north":"false","age":"4"}]},"apply":[{"model":"customfire:auto_generated/black_fire_fire_side0"},{"model":"customfire:auto_generated/black_fire_fire_side1"},{"model":"customfire:auto_generated/black_fire_fire_side_alt0"},{"model":"customfire:auto_generated/black_fire_fire_side_alt1"}]},{"when":{"OR":[{"east":"true","age":"4"},{"up":"false","west":"false","east":"false","south":"false","north":"false","age":"4"}]},"apply":[{"model":"customfire:auto_generated/black_fire_fire_side0","y":90},{"model":"customfire:auto_generated/black_fire_fire_side1","y":90},{"model":"customfire:auto_generated/black_fire_fire_side_alt0","y":90},{"model":"customfire:auto_generated/black_fire_fire_side_alt1","y":90}]},{"when":{"OR":[{"south":"true","age":"4"},{"up":"false","west":"false","east":"false","south":"false","north":"false","age":"4"}]},"apply":[{"model":"customfire:auto_generated/black_fire_fire_side0","y":180},{"model":"customfire:auto_generated/black_fire_fire_side1","y":180},{"model":"customfire:auto_generated/black_fire_fire_side_alt0","y":180},{"model":"customfire:auto_generated/black_fire_fire_side_alt1","y":180}]},{"when":{"OR":[{"west":"true","age":"4"},{"up":"false","west":"false","east":"false","south":"false","north":"false","age":"4"}]},"apply":[{"model":"customfire:auto_generated/black_fire_fire_side0","y":270},{"model":"customfire:auto_generated/black_fire_fire_side1","y":270},{"model":"customfire:auto_generated/black_fire_fire_side_alt0","y":270},{"model":"customfire:auto_generated/black_fire_fire_side_alt1","y":270}]},{"when":{"up":"true","age":"4"},"apply":[{"model":"customfire:auto_generated/black_fire_fire_up0"},{"model":"customfire:auto_generated/black_fire_fire_up1"},{"model":"customfire:auto_generated/black_fire_fire_up_alt0"},{"model":"customfire:auto_generated/black_fire_fire_up_alt1"}]},{"when":{"up":"false","west":"false","east":"false","south":"false","north":"false","age":"0"},"apply":[{"model":"minecraft:block/fire_floor0"},{"model":"minecraft:block/fire_floor1"}]},{"when":{"OR":[{"north":"true","age":"0"},{"up":"false","west":"false","east":"false","south":"false","north":"false","age":"0"}]},"apply":[{"model":"minecraft:block/fire_side0"},{"model":"minecraft:block/fire_side1"},{"model":"minecraft:block/fire_side_alt0"},{"model":"minecraft:block/fire_side_alt1"}]},{"when":{"OR":[{"east":"true","age":"0"},{"up":"false","west":"false","east":"false","south":"false","north":"false","age":"0"}]},"apply":[{"model":"minecraft:block/fire_side0","y":90},{"model":"minecraft:block/fire_side1","y":90},{"model":"minecraft:block/fire_side_alt0","y":90},{"model":"minecraft:block/fire_side_alt1","y":90}]},{"when":{"OR":[{"south":"true","age":"0"},{"up":"false","west":"false","east":"false","south":"false","north":"false","age":"0"}]},"apply":[{"model":"minecraft:block/fire_side0","y":180},{"model":"minecraft:block/fire_side1","y":180},{"model":"minecraft:block/fire_side_alt0","y":180},{"model":"minecraft:block/fire_side_alt1","y":180}]},{"when":{"OR":[{"west":"true","age":"0"},{"up":"false","west":"false","east":"false","south":"false","north":"false","age":"0"}]},"apply":[{"model":"minecraft:block/fire_side0","y":270},{"model":"minecraft:block/fire_side1","y":270},{"model":"minecraft:block/fire_side_alt0","y":270},{"model":"minecraft:block/fire_side_alt1","y":270}]},{"when":{"up":"true","age":"0"},"apply":[{"model":"minecraft:block/fire_up0"},{"model":"minecraft:block/fire_up1"},{"model":"minecraft:block/fire_up_alt0"},{"model":"minecraft:block/fire_up_alt1"}]},{"when":{"up":"false","west":"false","east":"false","south":"false","north":"false","age":"6"},"apply":[{"model":"minecraft:block/fire_floor0"},{"model":"minecraft:block/fire_floor1"}]},{"when":{"OR":[{"north":"true","age":"6"},{"up":"false","west":"false","east":"false","south":"false","north":"false","age":"6"}]},"apply":[{"model":"minecraft:block/fire_side0"},{"model":"minecraft:block/fire_side1"},{"model":"minecraft:block/fire_side_alt0"},{"model":"minecraft:block/fire_side_alt1"}]},{"when":{"OR":[{"east":"true","age":"6"},{"up":"false","west":"false","east":"false","south":"false","north":"false","age":"6"}]},"apply":[{"model":"minecraft:block/fire_side0","y":90},{"model":"minecraft:block/fire_side1","y":90},{"model":"minecraft:block/fire_side_alt0","y":90},{"model":"minecraft:block/fire_side_alt1","y":90}]},{"when":{"OR":[{"south":"true","age":"6"},{"up":"false","west":"false","east":"false","south":"false","north":"false","age":"6"}]},"apply":[{"model":"minecraft:block/fire_side0","y":180},{"model":"minecraft:block/fire_side1","y":180},{"model":"minecraft:block/fire_side_alt0","y":180},{"model":"minecraft:block/fire_side_alt1","y":180}]},{"when":{"OR":[{"west":"true","age":"6"},{"up":"false","west":"false","east":"false","south":"false","north":"false","age":"6"}]},"apply":[{"model":"minecraft:block/fire_side0","y":270},{"model":"minecraft:block/fire_side1","y":270},{"model":"minecraft:block/fire_side_alt0","y":270},{"model":"minecraft:block/fire_side_alt1","y":270}]},{"when":{"up":"true","age":"6"},"apply":[{"model":"minecraft:block/fire_up0"},{"model":"minecraft:block/fire_up1"},{"model":"minecraft:block/fire_up_alt0"},{"model":"minecraft:block/fire_up_alt1"}]},{"when":{"up":"false","west":"false","east":"false","south":"false","north":"false","age":"7"},"apply":[{"model":"minecraft:block/fire_floor0"},{"model":"minecraft:block/fire_floor1"}]},{"when":{"OR":[{"north":"true","age":"7"},{"up":"false","west":"false","east":"false","south":"false","north":"false","age":"7"}]},"apply":[{"model":"minecraft:block/fire_side0"},{"model":"minecraft:block/fire_side1"},{"model":"minecraft:block/fire_side_alt0"},{"model":"minecraft:block/fire_side_alt1"}]},{"when":{"OR":[{"east":"true","age":"7"},{"up":"false","west":"false","east":"false","south":"false","north":"false","age":"7"}]},"apply":[{"model":"minecraft:block/fire_side0","y":90},{"model":"minecraft:block/fire_side1","y":90},{"model":"minecraft:block/fire_side_alt0","y":90},{"model":"minecraft:block/fire_side_alt1","y":90}]},{"when":{"OR":[{"south":"true","age":"7"},{"up":"false","west":"false","east":"false","south":"false","north":"false","age":"7"}]},"apply":[{"model":"minecraft:block/fire_side0","y":180},{"model":"minecraft:block/fire_side1","y":180},{"model":"minecraft:block/fire_side_alt0","y":180},{"model":"minecraft:block/fire_side_alt1","y":180}]},{"when":{"OR":[{"west":"true","age":"7"},{"up":"false","west":"false","east":"false","south":"false","north":"false","age":"7"}]},"apply":[{"model":"minecraft:block/fire_side0","y":270},{"model":"minecraft:block/fire_side1","y":270},{"model":"minecraft:block/fire_side_alt0","y":270},{"model":"minecraft:block/fire_side_alt1","y":270}]},{"when":{"up":"true","age":"7"},"apply":[{"model":"minecraft:block/fire_up0"},{"model":"minecraft:block/fire_up1"},{"model":"minecraft:block/fire_up_alt0"},{"model":"minecraft:block/fire_up_alt1"}]},{"when":{"up":"false","west":"false","east":"false","south":"false","north":"false","age":"8"},"apply":[{"model":"minecraft:block/fire_floor0"},{"model":"minecraft:block/fire_floor1"}]},{"when":{"OR":[{"north":"true","age":"8"},{"up":"false","west":"false","east":"false","south":"false","north":"false","age":"8"}]},"apply":[{"model":"minecraft:block/fire_side0"},{"model":"minecraft:block/fire_side1"},{"model":"minecraft:block/fire_side_alt0"},{"model":"minecraft:block/fire_side_alt1"}]},{"when":{"OR":[{"east":"true","age":"8"},{"up":"false","west":"false","east":"false","south":"false","north":"false","age":"8"}]},"apply":[{"model":"minecraft:block/fire_side0","y":90},{"model":"minecraft:block/fire_side1","y":90},{"model":"minecraft:block/fire_side_alt0","y":90},{"model":"minecraft:block/fire_side_alt1","y":90}]},{"when":{"OR":[{"south":"true","age":"8"},{"up":"false","west":"false","east":"false","south":"false","north":"false","age":"8"}]},"apply":[{"model":"minecraft:block/fire_side0","y":180},{"model":"minecraft:block/fire_side1","y":180},{"model":"minecraft:block/fire_side_alt0","y":180},{"model":"minecraft:block/fire_side_alt1","y":180}]},{"when":{"OR":[{"west":"true","age":"8"},{"up":"false","west":"false","east":"false","south":"false","north":"false","age":"8"}]},"apply":[{"model":"minecraft:block/fire_side0","y":270},{"model":"minecraft:block/fire_side1","y":270},{"model":"minecraft:block/fire_side_alt0","y":270},{"model":"minecraft:block/fire_side_alt1","y":270}]},{"when":{"up":"true","age":"8"},"apply":[{"model":"minecraft:block/fire_up0"},{"model":"minecraft:block/fire_up1"},{"model":"minecraft:block/fire_up_alt0"},{"model":"minecraft:block/fire_up_alt1"}]},{"when":{"up":"false","west":"false","east":"false","south":"false","north":"false","age":"9"},"apply":[{"model":"minecraft:block/fire_floor0"},{"model":"minecraft:block/fire_floor1"}]},{"when":{"OR":[{"north":"true","age":"9"},{"up":"false","west":"false","east":"false","south":"false","north":"false","age":"9"}]},"apply":[{"model":"minecraft:block/fire_side0"},{"model":"minecraft:block/fire_side1"},{"model":"minecraft:block/fire_side_alt0"},{"model":"minecraft:block/fire_side_alt1"}]},{"when":{"OR":[{"east":"true","age":"9"},{"up":"false","west":"false","east":"false","south":"false","north":"false","age":"9"}]},"apply":[{"model":"minecraft:block/fire_side0","y":90},{"model":"minecraft:block/fire_side1","y":90},{"model":"minecraft:block/fire_side_alt0","y":90},{"model":"minecraft:block/fire_side_alt1","y":90}]},{"when":{"OR":[{"south":"true","age":"9"},{"up":"false","west":"false","east":"false","south":"false","north":"false","age":"9"}]},"apply":[{"model":"minecraft:block/fire_side0","y":180},{"model":"minecraft:block/fire_side1","y":180},{"model":"minecraft:block/fire_side_alt0","y":180},{"model":"minecraft:block/fire_side_alt1","y":180}]},{"when":{"OR":[{"west":"true","age":"9"},{"up":"false","west":"false","east":"false","south":"false","north":"false","age":"9"}]},"apply":[{"model":"minecraft:block/fire_side0","y":270},{"model":"minecraft:block/fire_side1","y":270},{"model":"minecraft:block/fire_side_alt0","y":270},{"model":"minecraft:block/fire_side_alt1","y":270}]},{"when":{"up":"true","age":"9"},"apply":[{"model":"minecraft:block/fire_up0"},{"model":"minecraft:block/fire_up1"},{"model":"minecraft:block/fire_up_alt0"},{"model":"minecraft:block/fire_up_alt1"}]},{"when":{"up":"false","west":"false","east":"false","south":"false","north":"false","age":"10"},"apply":[{"model":"minecraft:block/fire_floor0"},{"model":"minecraft:block/fire_floor1"}]},{"when":{"OR":[{"north":"true","age":"10"},{"up":"false","west":"false","east":"false","south":"false","north":"false","age":"10"}]},"apply":[{"model":"minecraft:block/fire_side0"},{"model":"minecraft:block/fire_side1"},{"model":"minecraft:block/fire_side_alt0"},{"model":"minecraft:block/fire_side_alt1"}]},{"when":{"OR":[{"east":"true","age":"10"},{"up":"false","west":"false","east":"false","south":"false","north":"false","age":"10"}]},"apply":[{"model":"minecraft:block/fire_side0","y":90},{"model":"minecraft:block/fire_side1","y":90},{"model":"minecraft:block/fire_side_alt0","y":90},{"model":"minecraft:block/fire_side_alt1","y":90}]},{"when":{"OR":[{"south":"true","age":"10"},{"up":"false","west":"false","east":"false","south":"false","north":"false","age":"10"}]},"apply":[{"model":"minecraft:block/fire_side0","y":180},{"model":"minecraft:block/fire_side1","y":180},{"model":"minecraft:block/fire_side_alt0","y":180},{"model":"minecraft:block/fire_side_alt1","y":180}]},{"when":{"OR":[{"west":"true","age":"10"},{"up":"false","west":"false","east":"false","south":"false","north":"false","age":"10"}]},"apply":[{"model":"minecraft:block/fire_side0","y":270},{"model":"minecraft:block/fire_side1","y":270},{"model":"minecraft:block/fire_side_alt0","y":270},{"model":"minecraft:block/fire_side_alt1","y":270}]},{"when":{"up":"true","age":"10"},"apply":[{"model":"minecraft:block/fire_up0"},{"model":"minecraft:block/fire_up1"},{"model":"minecraft:block/fire_up_alt0"},{"model":"minecraft:block/fire_up_alt1"}]},{"when":{"up":"false","west":"false","east":"false","south":"false","north":"false","age":"11"},"apply":[{"model":"minecraft:block/fire_floor0"},{"model":"minecraft:block/fire_floor1"}]},{"when":{"OR":[{"north":"true","age":"11"},{"up":"false","west":"false","east":"false","south":"false","north":"false","age":"11"}]},"apply":[{"model":"minecraft:block/fire_side0"},{"model":"minecraft:block/fire_side1"},{"model":"minecraft:block/fire_side_alt0"},{"model":"minecraft:block/fire_side_alt1"}]},{"when":{"OR":[{"east":"true","age":"11"},{"up":"false","west":"false","east":"false","south":"false","north":"false","age":"11"}]},"apply":[{"model":"minecraft:block/fire_side0","y":90},{"model":"minecraft:block/fire_side1","y":90},{"model":"minecraft:block/fire_side_alt0","y":90},{"model":"minecraft:block/fire_side_alt1","y":90}]},{"when":{"OR":[{"south":"true","age":"11"},{"up":"false","west":"false","east":"false","south":"false","north":"false","age":"11"}]},"apply":[{"model":"minecraft:block/fire_side0","y":180},{"model":"minecraft:block/fire_side1","y":180},{"model":"minecraft:block/fire_side_alt0","y":180},{"model":"minecraft:block/fire_side_alt1","y":180}]},{"when":{"OR":[{"west":"true","age":"11"},{"up":"false","west":"false","east":"false","south":"false","north":"false","age":"11"}]},"apply":[{"model":"minecraft:block/fire_side0","y":270},{"model":"minecraft:block/fire_side1","y":270},{"model":"minecraft:block/fire_side_alt0","y":270},{"model":"minecraft:block/fire_side_alt1","y":270}]},{"when":{"up":"true","age":"11"},"apply":[{"model":"minecraft:block/fire_up0"},{"model":"minecraft:block/fire_up1"},{"model":"minecraft:block/fire_up_alt0"},{"model":"minecraft:block/fire_up_alt1"}]},{"when":{"up":"false","west":"false","east":"false","south":"false","north":"false","age":"12"},"apply":[{"model":"minecraft:block/fire_floor0"},{"model":"minecraft:block/fire_floor1"}]},{"when":{"OR":[{"north":"true","age":"12"},{"up":"false","west":"false","east":"false","south":"false","north":"false","age":"12"}]},"apply":[{"model":"minecraft:block/fire_side0"},{"model":"minecraft:block/fire_side1"},{"model":"minecraft:block/fire_side_alt0"},{"model":"minecraft:block/fire_side_alt1"}]},{"when":{"OR":[{"east":"true","age":"12"},{"up":"false","west":"false","east":"false","south":"false","north":"false","age":"12"}]},"apply":[{"model":"minecraft:block/fire_side0","y":90},{"model":"minecraft:block/fire_side1","y":90},{"model":"minecraft:block/fire_side_alt0","y":90},{"model":"minecraft:block/fire_side_alt1","y":90}]},{"when":{"OR":[{"south":"true","age":"12"},{"up":"false","west":"false","east":"false","south":"false","north":"false","age":"12"}]},"apply":[{"model":"minecraft:block/fire_side0","y":180},{"model":"minecraft:block/fire_side1","y":180},{"model":"minecraft:block/fire_side_alt0","y":180},{"model":"minecraft:block/fire_side_alt1","y":180}]},{"when":{"OR":[{"west":"true","age":"12"},{"up":"false","west":"false","east":"false","south":"false","north":"false","age":"12"}]},"apply":[{"model":"minecraft:block/fire_side0","y":270},{"model":"minecraft:block/fire_side1","y":270},{"model":"minecraft:block/fire_side_alt0","y":270},{"model":"minecraft:block/fire_side_alt1","y":270}]},{"when":{"up":"true","age":"12"},"apply":[{"model":"minecraft:block/fire_up0"},{"model":"minecraft:block/fire_up1"},{"model":"minecraft:block/fire_up_alt0"},{"model":"minecraft:block/fire_up_alt1"}]},{"when":{"up":"false","west":"false","east":"false","south":"false","north":"false","age":"13"},"apply":[{"model":"minecraft:block/fire_floor0"},{"model":"minecraft:block/fire_floor1"}]},{"when":{"OR":[{"north":"true","age":"13"},{"up":"false","west":"false","east":"false","south":"false","north":"false","age":"13"}]},"apply":[{"model":"minecraft:block/fire_side0"},{"model":"minecraft:block/fire_side1"},{"model":"minecraft:block/fire_side_alt0"},{"model":"minecraft:block/fire_side_alt1"}]},{"when":{"OR":[{"east":"true","age":"13"},{"up":"false","west":"false","east":"false","south":"false","north":"false","age":"13"}]},"apply":[{"model":"minecraft:block/fire_side0","y":90},{"model":"minecraft:block/fire_side1","y":90},{"model":"minecraft:block/fire_side_alt0","y":90},{"model":"minecraft:block/fire_side_alt1","y":90}]},{"when":{"OR":[{"south":"true","age":"13"},{"up":"false","west":"false","east":"false","south":"false","north":"false","age":"13"}]},"apply":[{"model":"minecraft:block/fire_side0","y":180},{"model":"minecraft:block/fire_side1","y":180},{"model":"minecraft:block/fire_side_alt0","y":180},{"model":"minecraft:block/fire_side_alt1","y":180}]},{"when":{"OR":[{"west":"true","age":"13"},{"up":"false","west":"false","east":"false","south":"false","north":"false","age":"13"}]},"apply":[{"model":"minecraft:block/fire_side0","y":270},{"model":"minecraft:block/fire_side1","y":270},{"model":"minecraft:block/fire_side_alt0","y":270},{"model":"minecraft:block/fire_side_alt1","y":270}]},{"when":{"up":"true","age":"13"},"apply":[{"model":"minecraft:block/fire_up0"},{"model":"minecraft:block/fire_up1"},{"model":"minecraft:block/fire_up_alt0"},{"model":"minecraft:block/fire_up_alt1"}]},{"when":{"up":"false","west":"false","east":"false","south":"false","north":"false","age":"14"},"apply":[{"model":"minecraft:block/fire_floor0"},{"model":"minecraft:block/fire_floor1"}]},{"when":{"OR":[{"north":"true","age":"14"},{"up":"false","west":"false","east":"false","south":"false","north":"false","age":"14"}]},"apply":[{"model":"minecraft:block/fire_side0"},{"model":"minecraft:block/fire_side1"},{"model":"minecraft:block/fire_side_alt0"},{"model":"minecraft:block/fire_side_alt1"}]},{"when":{"OR":[{"east":"true","age":"14"},{"up":"false","west":"false","east":"false","south":"false","north":"false","age":"14"}]},"apply":[{"model":"minecraft:block/fire_side0","y":90},{"model":"minecraft:block/fire_side1","y":90},{"model":"minecraft:block/fire_side_alt0","y":90},{"model":"minecraft:block/fire_side_alt1","y":90}]},{"when":{"OR":[{"south":"true","age":"14"},{"up":"false","west":"false","east":"false","south":"false","north":"false","age":"14"}]},"apply":[{"model":"minecraft:block/fire_side0","y":180},{"model":"minecraft:block/fire_side1","y":180},{"model":"minecraft:block/fire_side_alt0","y":180},{"model":"minecraft:block/fire_side_alt1","y":180}]},{"when":{"OR":[{"west":"true","age":"14"},{"up":"false","west":"false","east":"false","south":"false","north":"false","age":"14"}]},"apply":[{"model":"minecraft:block/fire_side0","y":270},{"model":"minecraft:block/fire_side1","y":270},{"model":"minecraft:block/fire_side_alt0","y":270},{"model":"minecraft:block/fire_side_alt1","y":270}]},{"when":{"up":"true","age":"14"},"apply":[{"model":"minecraft:block/fire_up0"},{"model":"minecraft:block/fire_up1"},{"model":"minecraft:block/fire_up_alt0"},{"model":"minecraft:block/fire_up_alt1"}]},{"when":{"up":"false","west":"false","east":"false","south":"false","north":"false","age":"15"},"apply":[{"model":"minecraft:block/fire_floor0"},{"model":"minecraft:block/fire_floor1"}]},{"when":{"OR":[{"north":"true","age":"15"},{"up":"false","west":"false","east":"false","south":"false","north":"false","age":"15"}]},"apply":[{"model":"minecraft:block/fire_side0"},{"model":"minecraft:block/fire_side1"},{"model":"minecraft:block/fire_side_alt0"},{"model":"minecraft:block/fire_side_alt1"}]},{"when":{"OR":[{"east":"true","age":"15"},{"up":"false","west":"false","east":"false","south":"false","north":"false","age":"15"}]},"apply":[{"model":"minecraft:block/fire_side0","y":90},{"model":"minecraft:block/fire_side1","y":90},{"model":"minecraft:block/fire_side_alt0","y":90},{"model":"minecraft:block/fire_side_alt1","y":90}]},{"when":{"OR":[{"south":"true","age":"15"},{"up":"false","west":"false","east":"false","south":"false","north":"false","age":"15"}]},"apply":[{"model":"minecraft:block/fire_side0","y":180},{"model":"minecraft:block/fire_side1","y":180},{"model":"minecraft:block/fire_side_alt0","y":180},{"model":"minecraft:block/fire_side_alt1","y":180}]},{"when":{"OR":[{"west":"true","age":"15"},{"up":"false","west":"false","east":"false","south":"false","north":"false","age":"15"}]},"apply":[{"model":"minecraft:block/fire_side0","y":270},{"model":"minecraft:block/fire_side1","y":270},{"model":"minecraft:block/fire_side_alt0","y":270},{"model":"minecraft:block/fire_side_alt1","y":270}]},{"when":{"up":"true","age":"15"},"apply":[{"model":"minecraft:block/fire_up0"},{"model":"minecraft:block/fire_up1"},{"model":"minecraft:block/fire_up_alt0"},{"model":"minecraft:block/fire_up_alt1"}]}]}