{"multipart":[{"when":{"down":true,"east":true,"north":true,"south":true,"up":true,"west":true},"apply":{"model":"block/original/mushroom_stem_true"}},{"when":{"west":false,"up":false,"south":false,"north":false,"east":false,"down":false},"apply":{"model":"forestry:auto_generated/banana_planks"}},{"when":{"west":true,"up":false,"south":false,"north":false,"east":false,"down":false},"apply":{"model":"forestry:auto_generated/cherry_tree_log"}},{"when":{"west":false,"up":true,"south":false,"north":false,"east":false,"down":false},"apply":{"model":"forestry:auto_generated/cherry_planks"}},{"when":{"west":true,"up":true,"south":false,"north":false,"east":false,"down":false},"apply":{"model":"forestry:auto_generated/decaying_tree_log"}},{"when":{"west":false,"up":false,"south":true,"north":false,"east":false,"down":false},"apply":{"model":"forestry:auto_generated/decaying_planks"}},{"when":{"west":true,"up":false,"south":true,"north":false,"east":false,"down":false},"apply":{"model":"forestry:auto_generated/dragonfruit_tree_log"}},{"when":{"west":false,"up":true,"south":true,"north":false,"east":false,"down":false},"apply":{"model":"forestry:auto_generated/dragonfruit_planks"}},{"when":{"west":true,"up":true,"south":true,"north":false,"east":false,"down":false},"apply":{"model":"forestry:auto_generated/guava_tree_log"}},{"when":{"west":false,"up":false,"south":false,"north":true,"east":false,"down":false},"apply":{"model":"forestry:auto_generated/guava_planks"}},{"when":{"west":true,"up":false,"south":false,"north":true,"east":false,"down":false},"apply":{"model":"forestry:auto_generated/lemon_tree_log"}},{"when":{"west":false,"up":true,"south":false,"north":true,"east":false,"down":false},"apply":{"model":"forestry:auto_generated/lemon_planks"}},{"when":{"west":true,"up":true,"south":false,"north":true,"east":false,"down":false},"apply":{"model":"forestry:auto_generated/lime_tree_log"}},{"when":{"west":false,"up":false,"south":true,"north":true,"east":false,"down":false},"apply":{"model":"forestry:auto_generated/lime_planks"}},{"when":{"west":true,"up":false,"south":true,"north":true,"east":false,"down":false},"apply":{"model":"forestry:auto_generated/mango_tree_log"}},{"when":{"west":false,"up":true,"south":true,"north":true,"east":false,"down":false},"apply":{"model":"forestry:auto_generated/mango_planks"}},{"when":{"west":true,"up":true,"south":true,"north":true,"east":false,"down":false},"apply":{"model":"forestry:auto_generated/maple_tree_log"}},{"when":{"west":false,"up":false,"south":false,"north":false,"east":true,"down":false},"apply":{"model":"forestry:auto_generated/maple_planks"}},{"when":{"west":true,"up":false,"south":false,"north":false,"east":true,"down":false},"apply":{"model":"forestry:auto_generated/nut_tree_log"}},{"when":{"west":false,"up":true,"south":false,"north":false,"east":true,"down":false},"apply":{"model":"forestry:auto_generated/nut_planks"}},{"when":{"west":true,"up":true,"south":false,"north":false,"east":true,"down":false},"apply":{"model":"forestry:auto_generated/olive_tree_log"}},{"when":{"west":false,"up":false,"south":true,"north":false,"east":true,"down":false},"apply":{"model":"forestry:auto_generated/olive_planks"}},{"when":{"west":true,"up":false,"south":true,"north":false,"east":true,"down":false},"apply":{"model":"forestry:auto_generated/orange_tree_log"}},{"when":{"west":false,"up":true,"south":true,"north":false,"east":true,"down":false},"apply":{"model":"forestry:auto_generated/orange_planks"}},{"when":{"west":true,"up":true,"south":true,"north":false,"east":true,"down":false},"apply":{"model":"forestry:auto_generated/palm_tree_log"}},{"when":{"west":false,"up":false,"south":false,"north":true,"east":true,"down":false},"apply":{"model":"forestry:auto_generated/palm_planks"}},{"when":{"west":true,"up":false,"south":false,"north":true,"east":true,"down":false},"apply":{"model":"forestry:auto_generated/passionfruit_tree_log"}},{"when":{"west":false,"up":true,"south":false,"north":true,"east":true,"down":false},"apply":{"model":"forestry:auto_generated/passionfruit_planks"}},{"when":{"west":true,"up":true,"south":false,"north":true,"east":true,"down":false},"apply":{"model":"forestry:auto_generated/peach_tree_log"}},{"when":{"west":false,"up":false,"south":true,"north":true,"east":true,"down":false},"apply":{"model":"forestry:auto_generated/peach_planks"}},{"when":{"west":true,"up":false,"south":true,"north":true,"east":true,"down":false},"apply":{"model":"forestry:auto_generated/plum_tree_log"}},{"when":{"west":false,"up":true,"south":true,"north":true,"east":true,"down":false},"apply":{"model":"forestry:auto_generated/plum_planks"}},{"when":{"west":true,"up":true,"south":true,"north":true,"east":true,"down":false},"apply":{"model":"forestry:auto_generated/prune_tree_log"}},{"when":{"west":false,"up":false,"south":false,"north":false,"east":false,"down":true},"apply":{"model":"forestry:auto_generated/prune_planks"}},{"when":{"west":true,"up":false,"south":false,"north":false,"east":false,"down":true},"apply":{"model":"forestry:auto_generated/avocado_stripped_log"}},{"when":{"west":false,"up":true,"south":false,"north":false,"east":false,"down":true},"apply":{"model":"forestry:auto_generated/banana_stripped_log"}},{"when":{"west":true,"up":true,"south":false,"north":false,"east":false,"down":true},"apply":{"model":"forestry:auto_generated/cherry_stripped_log"}},{"when":{"west":false,"up":false,"south":true,"north":false,"east":false,"down":true},"apply":{"model":"forestry:auto_generated/decaying_stripped_log"}},{"when":{"west":true,"up":false,"south":true,"north":false,"east":false,"down":true},"apply":{"model":"forestry:auto_generated/dragonfruit_stripped_log"}},{"when":{"west":false,"up":true,"south":true,"north":false,"east":false,"down":true},"apply":{"model":"forestry:auto_generated/guava_stripped_log"}},{"when":{"west":true,"up":true,"south":true,"north":false,"east":false,"down":true},"apply":{"model":"forestry:auto_generated/lemon_stripped_log"}},{"when":{"west":false,"up":false,"south":false,"north":true,"east":false,"down":true},"apply":{"model":"forestry:auto_generated/lime_stripped_log"}},{"when":{"west":true,"up":false,"south":false,"north":true,"east":false,"down":true},"apply":{"model":"forestry:auto_generated/mango_stripped_log"}},{"when":{"west":false,"up":true,"south":false,"north":true,"east":false,"down":true},"apply":{"model":"forestry:auto_generated/maple_stripped_log"}},{"when":{"west":true,"up":true,"south":false,"north":true,"east":false,"down":true},"apply":{"model":"forestry:auto_generated/nut_stripped_log"}},{"when":{"west":false,"up":false,"south":true,"north":true,"east":false,"down":true},"apply":{"model":"forestry:auto_generated/olive_stripped_log"}},{"when":{"west":true,"up":false,"south":true,"north":true,"east":false,"down":true},"apply":{"model":"forestry:auto_generated/orange_stripped_log"}},{"when":{"west":false,"up":true,"south":true,"north":true,"east":false,"down":true},"apply":{"model":"forestry:auto_generated/palm_stripped_log"}},{"when":{"west":true,"up":true,"south":true,"north":true,"east":false,"down":true},"apply":{"model":"forestry:auto_generated/passionfruit_stripped_log"}},{"when":{"west":false,"up":false,"south":false,"north":false,"east":true,"down":true},"apply":{"model":"forestry:auto_generated/peach_stripped_log"}},{"when":{"west":true,"up":false,"south":false,"north":false,"east":true,"down":true},"apply":{"model":"forestry:auto_generated/plum_stripped_log"}},{"when":{"west":false,"up":true,"south":false,"north":false,"east":true,"down":true},"apply":{"model":"forestry:auto_generated/prune_stripped_log"}},{"when":{"west":true,"up":true,"south":false,"north":false,"east":true,"down":true},"apply":{"model":"minecraft:block/original/mushroom_stem_true"}},{"when":{"west":false,"up":false,"south":true,"north":false,"east":true,"down":true},"apply":{"model":"minecraft:block/original/mushroom_stem_true"}},{"when":{"west":true,"up":false,"south":true,"north":false,"east":true,"down":true},"apply":{"model":"minecraft:block/original/mushroom_stem_true"}},{"when":{"west":false,"up":true,"south":true,"north":false,"east":true,"down":true},"apply":{"model":"minecraft:block/original/mushroom_stem_true"}},{"when":{"west":true,"up":true,"south":true,"north":false,"east":true,"down":true},"apply":{"model":"minecraft:block/original/mushroom_stem_true"}},{"when":{"west":false,"up":false,"south":false,"north":true,"east":true,"down":true},"apply":{"model":"minecraft:block/original/mushroom_stem_true"}},{"when":{"west":true,"up":false,"south":false,"north":true,"east":true,"down":true},"apply":{"model":"minecraft:block/original/mushroom_stem_true"}},{"when":{"west":false,"up":true,"south":false,"north":true,"east":true,"down":true},"apply":{"model":"minecraft:block/original/mushroom_stem_true"}},{"when":{"west":true,"up":true,"south":false,"north":true,"east":true,"down":true},"apply":{"model":"minecraft:block/original/mushroom_stem_true"}},{"when":{"west":false,"up":false,"south":true,"north":true,"east":true,"down":true},"apply":{"model":"minecraft:block/original/mushroom_stem_true"}},{"when":{"west":true,"up":false,"south":true,"north":true,"east":true,"down":true},"apply":{"model":"minecraft:block/original/mushroom_stem_true"}},{"when":{"west":false,"up":true,"south":true,"north":true,"east":true,"down":true},"apply":{"model":"minecraft:block/original/mushroom_stem_true"}}]}