{
	"__comment": "Designed by Sixfootblue with Cubik Studio - https://cubik.studio",
	"textures": {
		"particle": "./sofa_crimsoner_green",
		"texture": "./sofa_crimsoner_green"
	},
	"elements": [
		{
			"__comment": "Box1",
			"from": [ 0, 8, 0 ],
			"to": [ 16, 16, 5 ],
			"faces": {
				"down": { "uv": [ 4, 1.375, 6, 2 ], "texture": "#texture" },
				"up": { "uv": [ 2, 0, 4, 0.625 ], "texture": "#texture" },
				"north": { "uv": [ 6, 2, 8, 3 ], "texture": "#texture" },
				"south": { "uv": [ 2, 2, 4, 3 ], "texture": "#texture" },
				"west": { "uv": [ 0, 2, 0.625, 3 ], "texture": "#texture" },
				"east": { "uv": [ 5.375, 2, 6, 3 ], "texture": "#texture" }
			}
		},
		{
			"__comment": "Box2",
			"from": [ 0, 3, 0 ],
			"to": [ 16, 8, 16 ],
			"faces": {
				"down": { "uv": [ 4, 0, 6, 2 ], "texture": "#texture" },
				"up": { "uv": [ 2, 0, 4, 2 ], "texture": "#texture" },
				"north": { "uv": [ 6, 3, 8, 3.625 ], "texture": "#texture" },
				"south": { "uv": [ 2, 3, 4, 3.625 ], "texture": "#texture" },
				"west": { "uv": [ 0, 3, 2, 3.625 ], "texture": "#texture" },
				"east": { "uv": [ 4, 3, 6, 3.625 ], "texture": "#texture" }
			}
		},
		{
			"__comment": "Box3",
			"from": [ 0, 16, 0 ],
			"to": [ 16, 18, 2 ],
			"faces": {
				"down": { "uv": [ 2, 0, 4, 0.25 ], "texture": "#texture" },
				"up": { "uv": [ 2, 0, 4, 0.25 ], "texture": "#texture" },
				"north": { "uv": [ 2, 0, 4, 0.25 ], "texture": "#texture" },
				"south": { "uv": [ 2, 0, 4, 0.25 ], "texture": "#texture" },
				"west": { "uv": [ 2, 0, 2.25, 0.25 ], "texture": "#texture" },
				"east": { "uv": [ 3.75, 0, 4, 0.25 ], "texture": "#texture" }
			}
		},
		{
			"__comment": "Box4",
			"from": [ 0, 0, 0 ],
			"to": [ 3, 3, 3 ],
			"faces": {
				"down": { "uv": [ 2, 4.375, 2.375, 4.75 ], "texture": "#texture" },
				"up": { "uv": [ 1.625, 4.375, 2, 4.75 ], "texture": "#texture" },
				"north": { "uv": [ 2.375, 4.75, 2.75, 5.125 ], "texture": "#texture" },
				"south": { "uv": [ 1.625, 4.75, 2, 5.125 ], "texture": "#texture" },
				"west": { "uv": [ 1.25, 4.75, 1.625, 5.125 ], "texture": "#texture" },
				"east": { "uv": [ 2, 4.75, 2.375, 5.125 ], "texture": "#texture" }
			}
		},
		{
			"__comment": "Box4",
			"from": [ 0, 0, 13 ],
			"to": [ 3, 3, 16 ],
			"faces": {
				"down": { "uv": [ 2, 4.375, 2.375, 4.75 ], "texture": "#texture" },
				"up": { "uv": [ 1.625, 4.375, 2, 4.75 ], "texture": "#texture" },
				"north": { "uv": [ 2.375, 4.75, 2.75, 5.125 ], "texture": "#texture" },
				"south": { "uv": [ 1.625, 4.75, 2, 5.125 ], "texture": "#texture" },
				"west": { "uv": [ 1.25, 4.75, 1.625, 5.125 ], "texture": "#texture" },
				"east": { "uv": [ 2, 4.75, 2.375, 5.125 ], "texture": "#texture" }
			}
		},
		{
			"__comment": "Box4",
			"from": [ 13, 0, 13 ],
			"to": [ 16, 3, 16 ],
			"faces": {
				"down": { "uv": [ 2, 4.375, 2.375, 4.75 ], "texture": "#texture" },
				"up": { "uv": [ 1.625, 4.375, 2, 4.75 ], "texture": "#texture" },
				"north": { "uv": [ 2.375, 4.75, 2.75, 5.125 ], "texture": "#texture" },
				"south": { "uv": [ 1.625, 4.75, 2, 5.125 ], "texture": "#texture" },
				"west": { "uv": [ 1.25, 4.75, 1.625, 5.125 ], "texture": "#texture" },
				"east": { "uv": [ 2, 4.75, 2.375, 5.125 ], "texture": "#texture" }
			}
		},
		{
			"__comment": "Box4",
			"from": [ 13, 0, 0 ],
			"to": [ 16, 3, 3 ],
			"faces": {
				"down": { "uv": [ 2, 4.375, 2.375, 4.75 ], "texture": "#texture" },
				"up": { "uv": [ 1.625, 4.375, 2, 4.75 ], "texture": "#texture" },
				"north": { "uv": [ 2.375, 4.75, 2.75, 5.125 ], "texture": "#texture" },
				"south": { "uv": [ 1.625, 4.75, 2, 5.125 ], "texture": "#texture" },
				"west": { "uv": [ 1.25, 4.75, 1.625, 5.125 ], "texture": "#texture" },
				"east": { "uv": [ 2, 4.75, 2.375, 5.125 ], "texture": "#texture" }
			}
		},
		{
			"__comment": "arml1",
			"from": [ 15, 10, 5 ],
			"to": [ 16, 12, 16 ],
			"faces": {
				"down": { "uv": [ 10, 0, 10.125, 1.375 ], "texture": "#texture" },
				"up": { "uv": [ 9.875, 0, 10, 1.375 ], "texture": "#texture" },
				"north": { "uv": [ 11.375, 1.375, 11.5, 1.625 ], "texture": "#texture" },
				"south": { "uv": [ 9.875001, 1.375, 10, 1.625 ], "texture": "#texture" },
				"west": { "uv": [ 8.5, 1.375, 9.875, 1.625 ], "texture": "#texture" },
				"east": { "uv": [ 10, 1.375, 11.375, 1.625 ], "texture": "#texture" }
			}
		},
		{
			"__comment": "arml2",
			"from": [ 15, 8, 13 ],
			"to": [ 16, 10, 16 ],
			"faces": {
				"down": { "uv": [ 10, 1, 10.125, 1.375 ], "texture": "#texture" },
				"up": { "uv": [ 9.875, 1, 10, 1.375 ], "texture": "#texture" },
				"north": { "uv": [ 11.375, 1.625, 11.5, 1.875 ], "texture": "#texture" },
				"south": { "uv": [ 9.875, 1.625, 10, 1.875 ], "texture": "#texture" },
				"west": { "uv": [ 9.5, 1.625, 9.875, 1.875 ], "texture": "#texture" },
				"east": { "uv": [ 10, 1.625, 10.375, 1.875 ], "texture": "#texture" }
			}
		},
		{
			"__comment": "armr2",
			"from": [ 0, 8, 13 ],
			"to": [ 1, 10, 16 ],
			"faces": {
				"down": { "uv": [ 10, 1, 10.125, 1.375 ], "texture": "#texture" },
				"up": { "uv": [ 9.875, 1, 10, 1.375 ], "texture": "#texture" },
				"north": { "uv": [ 11.375, 1.625, 11.5, 1.875 ], "texture": "#texture" },
				"south": { "uv": [ 9.875, 1.625, 10, 1.875 ], "texture": "#texture" },
				"west": { "uv": [ 9.5, 1.625, 9.875, 1.875 ], "texture": "#texture" },
				"east": { "uv": [ 10, 1.625, 10.375, 1.875 ], "texture": "#texture" }
			}
		},
		{
			"__comment": "armr1",
			"from": [ 0, 10, 5 ],
			"to": [ 1, 12, 16 ],
			"faces": {
				"down": { "uv": [ 10, 0, 10.125, 1.375 ], "texture": "#texture" },
				"up": { "uv": [ 9.875, 0, 10, 1.375 ], "texture": "#texture" },
				"north": { "uv": [ 11.375, 1.375, 11.5, 1.625 ], "texture": "#texture" },
				"south": { "uv": [ 9.875001, 1.375, 10, 1.625 ], "texture": "#texture" },
				"west": { "uv": [ 8.5, 1.375, 9.875, 1.625 ], "texture": "#texture" },
				"east": { "uv": [ 10, 1.375, 11.375, 1.625 ], "texture": "#texture" }
			}
		}
	],
	"display": {
		"thirdperson_righthand": {
			"rotation":  [ 75, 45, 0 ],
			"translation":  [ 0, 2.5, 0 ],
			"scale":  [ 0.375, 0.375, 0.375 ]
		},
		"thirdperson_lefthand": {
			"rotation":  [ 75, 45, 0 ],
			"translation":  [ 0, 2.5, 0 ],
			"scale":  [ 0.375, 0.375, 0.375 ]
		},
		"firstperson_righthand": {
			"rotation":  [ 0, 45, 0 ],
			"scale":  [ 0.4, 0.4, 0.4 ]
		},
		"firstperson_lefthand": {
			"rotation":  [ 0, 45, 0 ],
			"scale":  [ 0.4, 0.4, 0.4 ]
		},
		"gui": {
			"rotation":  [ 30, 45, 0 ],
			"scale":  [ 0.625, 0.625, 0.625 ]
		},
		"head": {
			"rotation":  [ 0, 180, 0 ]
		},
		"ground": {
			"translation":  [ 0, 2, 0 ],
			"scale":  [ 0.5, 0.5, 0.5 ]
		},
		"fixed": {
			"rotation":  [ 270, 180, 0 ],
			"translation":  [ 0, 0, -14 ],
			"scale":  [ 2.01, 2.01, 2.01 ]
		}
	}
}