{
	"parent": "item/generated",
	"textures": {
		"layer0": "item/carrot_on_a_stick"
	},
	
	"overrides": [
		{"predicate": {"custom_model_data":1}, "model": "item/zylinder"},
		{"predicate": {"custom_model_data":2}, "model": "item/hut"},
		{"predicate": {"custom_model_data":3}, "model": "item/kappe"},
		{"predicate": {"custom_model_data":4}, "model": "item/zauberhut"},
		{"predicate": {"custom_model_data":5}, "model": "item/gauntlet"},
		{"predicate": {"custom_model_data":6}, "model": "item/hasenohren"},
		{"predicate": {"custom_model_data":7}, "model": "item/engelring"},
		{"predicate": {"custom_model_data":8}, "model": "item/maske"},
		{"predicate": {"custom_model_data":9}, "model": "item/bart"},
		{"predicate": {"custom_model_data":10}, "model": "item/uhr"},
		{"predicate": {"custom_model_data":11}, "model": "item/minerhelm"},
		{"predicate": {"custom_model_data":12}, "model": "item/brille"}
	]
}