{
    "__comment": "Model generated using MrCrayfish's Model Creator (https://mrcrayfish.com/tools?id=mc)",
    "textures": {
        "white_terracotta": "minecraft:block/white_terracotta",
        "brown_terracotta": "minecraft:block/brown_terracotta"
    },
    "display": {
        "gui": {
            "rotation": [ 0, 0, 0 ],
            "translation": [ 0, 2, 0 ],
            "scale": [ 0.625, 0.625, 0.625 ]
        },
        "ground": {
            "rotation": [ 0, 0, 0 ],
            "translation": [ 0, 3, 0 ],
            "scale": [ 0.25, 0.25, 0.25 ]
        },
        "fixed": {
            "rotation": [ 0, 180, 0 ],
            "translation": [ 0, 3, 0 ],
            "scale": [ 1, 1, 1 ]
        },
        "head": {
            "rotation": [ 0, 180, 0 ],
            "translation": [ 0, 14, 0 ],
            "scale": [ 1, 1, 1 ]
        },
        "firstperson_righthand": {
            "rotation": [ 0, 315, 0 ],
            "translation": [ 0, 2.5, 0 ],
            "scale": [ 0.4, 0.4, 0.4 ]
        },
        "thirdperson_righthand": {
            "rotation": [ 0, 177, 0 ],
            "translation": [ 0, -0.5, 0 ],
            "scale": [ 0.375, 0.375, 0.375 ]
        }
    },
    "elements": [
        {
            "name": "Ohr1",
            "from": [ 4, 0, 8 ], 
            "to": [ 7, 8, 9 ], 
            "faces": {
                "north": { "texture": "#brown_terracotta", "uv": [ 0, 0, 3, 8 ] },
                "east": { "texture": "#brown_terracotta", "uv": [ 0, 0, 1, 8 ] },
                "south": { "texture": "#brown_terracotta", "uv": [ 0, 0, 3, 8 ] },
                "west": { "texture": "#brown_terracotta", "uv": [ 0, 0, 1, 8 ] },
                "up": { "texture": "#brown_terracotta", "uv": [ 0, 0, 3, 1 ] },
                "down": { "texture": "#brown_terracotta", "uv": [ 0, 0, 3, 1 ] }
            }
        },
        {
            "name": "Ohr2",
            "from": [ 9, 0, 8 ], 
            "to": [ 12, 8, 9 ], 
            "faces": {
                "north": { "texture": "#brown_terracotta", "uv": [ 0, 0, 3, 8 ] },
                "east": { "texture": "#brown_terracotta", "uv": [ 0, 0, 1, 8 ] },
                "south": { "texture": "#brown_terracotta", "uv": [ 0, 0, 3, 8 ] },
                "west": { "texture": "#brown_terracotta", "uv": [ 0, 0, 1, 8 ] },
                "up": { "texture": "#brown_terracotta", "uv": [ 0, 0, 3, 1 ] },
                "down": { "texture": "#brown_terracotta", "uv": [ 0, 0, 3, 1 ] }
            }
        },
        {
            "name": "innenOhr",
            "from": [ 10, 0, 9 ], 
            "to": [ 11, 7, 9.1 ], 
            "faces": {
                "east": { "texture": "#white_terracotta", "uv": [ 0, 0, 0.1, 7 ] },
                "south": { "texture": "#white_terracotta", "uv": [ 0, 0, 1, 7 ] },
                "west": { "texture": "#white_terracotta", "uv": [ 0, 0, 0.1, 7 ] },
                "up": { "texture": "#white_terracotta", "uv": [ 0, 0, 1, 0.1 ] },
                "down": { "texture": "#white_terracotta", "uv": [ 0, 0, 1, 0.1 ] }
            }
        },
        {
            "name": "innenOhr",
            "from": [ 5, 0, 9 ], 
            "to": [ 6, 7, 9.1 ], 
            "faces": {
                "east": { "texture": "#white_terracotta", "uv": [ 0, 0, 0.1, 7 ] },
                "south": { "texture": "#white_terracotta", "uv": [ 0, 0, 1, 7 ] },
                "west": { "texture": "#white_terracotta", "uv": [ 0, 0, 0.1, 7 ] },
                "up": { "texture": "#white_terracotta", "uv": [ 0, 0, 1, 0.1 ] },
                "down": { "texture": "#white_terracotta", "uv": [ 0, 0, 1, 0.1 ] }
            }
        }
    ]
}