{
    "__comment": "Model generated using MrCrayfish's Model Creator (https://mrcrayfish.com/tools?id=mc)",
    "textures": {
        "particle": "minecraft:block/black_terracotta",
        "texture": "minecraft:block/black_terracotta"
    },
    "display": {
        "gui": {
            "rotation": [ 0, 0, 0 ],
            "translation": [ 0, -1.391, 0 ],
            "scale": [ 0.5, 0.5, 0.5 ]
        },
        "ground": {
            "rotation": [ 0, 0, 0 ],
            "translation": [ 0, 6.261, 0 ],
            "scale": [ 0.5, 0.5, 0.5 ]
        },
        "fixed": {
            "rotation": [ 0, 0, 0 ],
            "translation": [ 0, -2, 0 ],
            "scale": [ 0.5, 0.5, 0.5 ]
        },
        "head": {
            "rotation": [ 0, 0, 0 ],
            "translation": [ 0, 13.8, 0 ],
            "scale": [ 0.7, 0.7, 0.7 ]
        },
        "firstperson_righthand": {
            "rotation": [ 0, 0, 0 ],
            "translation": [ 0, 2.783, 0 ],
            "scale": [ 0.2, 0.2, 0.2 ]
        },
        "thirdperson_righthand": {
            "rotation": [ 0, 0, 0 ],
            "translation": [ 0, 0, 0 ],
            "scale": [ 0.2, 0.2, 0.2 ]
        }
    },
    "elements": [
        {
            "name": "Element",
            "from": [ -4, -2.5, -4 ], 
            "to": [ 20.5, -0.5, 20.5 ], 
            "faces": {
                "north": { "texture": "#texture", "uv": [ 0, 16, 16, 16 ] },
                "east": { "texture": "#texture", "uv": [ 0, 16, 16, 16 ] },
                "south": { "texture": "#texture", "uv": [ 0, 16, 16, 16 ] },
                "west": { "texture": "#texture", "uv": [ 0, 16, 16, 16 ] },
                "up": { "texture": "#texture", "uv": [ 0, 0, 16, 16 ] },
                "down": { "texture": "#texture", "uv": [ 0, 0, 16, 16 ] }
            }
        },
        {
            "name": "Element",
            "from": [ -0.5, -1.5, 0 ], 
            "to": [ 16.5, 8, 17 ], 
            "faces": {
                "north": { "texture": "#texture", "uv": [ 0, 8, 16, 16 ] },
                "east": { "texture": "#texture", "uv": [ 0, 8, 16, 16 ] },
                "south": { "texture": "#texture", "uv": [ 0, 8, 16, 16 ] },
                "west": { "texture": "#texture", "uv": [ 0, 8, 16, 16 ] },
                "up": { "texture": "#texture", "uv": [ 0, 0, 16, 16 ] }
            }
        }
    ]
}