{
	"credit": "Made with Blockbench",
	"textures": {
		"white_terracotta": "block/white_terracotta",
		"hut": "block/hut",
		"grau": "block/grau"
	},
	"elements": [
		{
			"name": "Filterlinks",
			"from": [3, 0, 8],
			"to": [6, 4, 8.1],
			"faces": {
				"north": {"uv": [15, 12, 16, 16], "texture": "#grau"},
				"south": {"uv": [15, 12, 16, 16], "texture": "#grau"},
				"west": {"uv": [0, 0, 0.1, 4], "texture": "#grau"},
				"up": {"uv": [0, 0, 3, 0.1], "texture": "#grau"},
				"down": {"uv": [2, 0, 5, 0.1], "texture": "#grau"}
			}
		},
		{
			"name": "1",
			"from": [2, 3, 10],
			"to": [4, 3.4, 10.4],
			"rotation": {"angle": -45, "axis": "y", "origin": [6, 2, 8]},
			"faces": {
				"north": {"uv": [0, 0, 2, 0.3], "texture": "#white_terracotta"},
				"east": {"uv": [0, 0, 0.3, 0.3], "texture": "#white_terracotta"},
				"south": {"uv": [0, 0, 2, 0.3], "texture": "#white_terracotta"},
				"west": {"uv": [0, 0, 0.3, 0.3], "texture": "#white_terracotta"},
				"up": {"uv": [0, 0, 2, 0.3], "texture": "#white_terracotta"},
				"down": {"uv": [0, 0, 2, 0.3], "texture": "#white_terracotta"}
			}
		},
		{
			"name": "2",
			"from": [2, 1, 10],
			"to": [4, 1.4, 10.4],
			"rotation": {"angle": -45, "axis": "y", "origin": [6, 2, 8]},
			"faces": {
				"north": {"uv": [0, 0, 2, 0.3], "texture": "#white_terracotta"},
				"east": {"uv": [0, 0, 0.3, 0.3], "texture": "#white_terracotta"},
				"south": {"uv": [0, 0, 2, 0.3], "texture": "#white_terracotta"},
				"west": {"uv": [0, 0, 0.3, 0.3], "texture": "#white_terracotta"},
				"up": {"uv": [0, 0, 2, 0.3], "texture": "#white_terracotta"},
				"down": {"uv": [0, 0, 2, 0.3], "texture": "#white_terracotta"}
			}
		},
		{
			"name": "3",
			"from": [10.8, 3, 12.8],
			"to": [12.8, 3.4, 13.2],
			"rotation": {"angle": 45, "axis": "y", "origin": [6, 2, 8]},
			"faces": {
				"north": {"uv": [0, 0, 2, 0.3], "texture": "#white_terracotta"},
				"east": {"uv": [0, 0, 0.3, 0.3], "texture": "#white_terracotta"},
				"south": {"uv": [0, 0, 2, 0.3], "texture": "#white_terracotta"},
				"west": {"uv": [0, 0, 0.3, 0.3], "texture": "#white_terracotta"},
				"up": {"uv": [0, 0, 2, 0.3], "texture": "#white_terracotta"},
				"down": {"uv": [0, 0, 2, 0.3], "texture": "#white_terracotta"}
			}
		},
		{
			"name": "4",
			"from": [10.8, 1, 12.8],
			"to": [12.8, 1.4, 13.2],
			"rotation": {"angle": 45, "axis": "y", "origin": [6, 2, 8]},
			"faces": {
				"north": {"uv": [0, 0, 2, 0.3], "texture": "#white_terracotta"},
				"east": {"uv": [0, 0, 0.3, 0.3], "texture": "#white_terracotta"},
				"south": {"uv": [0, 0, 2, 0.3], "texture": "#white_terracotta"},
				"west": {"uv": [0, 0, 0.3, 0.3], "texture": "#white_terracotta"},
				"up": {"uv": [0, 0, 2, 0.3], "texture": "#white_terracotta"},
				"down": {"uv": [0, 0, 2, 0.3], "texture": "#white_terracotta"}
			}
		},
		{
			"name": "band2",
			"from": [14.12, 3, 4.6],
			"to": [14.52, 3.4, 6.8],
			"faces": {
				"north": {"uv": [0, 0, 0.3, 0.3], "texture": "#white_terracotta"},
				"east": {"uv": [0, 0, 2.2, 0.3], "texture": "#white_terracotta"},
				"south": {"uv": [0, 0, 0.3, 0.3], "texture": "#white_terracotta"},
				"west": {"uv": [0, 0, 2.2, 0.3], "texture": "#white_terracotta"},
				"up": {"uv": [0, 0, 0.3, 2.2], "texture": "#white_terracotta"},
				"down": {"uv": [0, 0, 0.3, 2.2], "texture": "#white_terracotta"}
			}
		},
		{
			"name": "band3",
			"from": [14.12, 1, 4.6],
			"to": [14.52, 1.4, 6.8],
			"faces": {
				"north": {"uv": [0, 0, 0.3, 0.3], "texture": "#white_terracotta"},
				"east": {"uv": [0, 0, 2.2, 0.3], "texture": "#white_terracotta"},
				"south": {"uv": [0, 0, 0.3, 0.3], "texture": "#white_terracotta"},
				"west": {"uv": [0, 0, 2.2, 0.3], "texture": "#white_terracotta"},
				"up": {"uv": [0, 0, 0.3, 2.2], "texture": "#white_terracotta"},
				"down": {"uv": [0, 0, 0.3, 2.2], "texture": "#white_terracotta"}
			}
		},
		{
			"name": "band4",
			"from": [1.52, 3, 4.6],
			"to": [1.92, 3.4, 6.8],
			"faces": {
				"north": {"uv": [0, 0, 0.3, 0.3], "texture": "#white_terracotta"},
				"east": {"uv": [0, 0, 2.2, 0.3], "texture": "#white_terracotta"},
				"south": {"uv": [0, 0, 0.3, 0.3], "texture": "#white_terracotta"},
				"west": {"uv": [0, 0, 2.2, 0.3], "texture": "#white_terracotta"},
				"up": {"uv": [0, 0, 0.3, 2.2], "texture": "#white_terracotta"},
				"down": {"uv": [0, 0, 0.3, 2.2], "texture": "#white_terracotta"}
			}
		},
		{
			"name": "band5",
			"from": [1.52, 1, 4.6],
			"to": [1.92, 1.4, 6.8],
			"faces": {
				"north": {"uv": [0, 0, 0.3, 0.3], "texture": "#white_terracotta"},
				"east": {"uv": [0, 0, 2.2, 0.3], "texture": "#white_terracotta"},
				"south": {"uv": [0, 0, 0.3, 0.3], "texture": "#white_terracotta"},
				"west": {"uv": [0, 0, 2.2, 0.3], "texture": "#white_terracotta"},
				"up": {"uv": [0, 0, 0.3, 2.2], "texture": "#white_terracotta"},
				"down": {"uv": [0, 0, 0.3, 2.2], "texture": "#white_terracotta"}
			}
		},
		{
			"name": "FilterLogo",
			"from": [6, 0, 8],
			"to": [10, 4, 8.1],
			"faces": {
				"north": {"uv": [15, 12, 16, 16], "texture": "#grau"},
				"south": {"uv": [0, 0, 16, 16], "texture": "#hut"},
				"up": {"uv": [0, 0, 4, 0.1], "texture": "#grau"},
				"down": {"uv": [2, 0, 6, 0.1], "texture": "#grau"}
			}
		},
		{
			"name": "Filterrechts",
			"from": [10, 0, 8],
			"to": [13, 4, 8.1],
			"faces": {
				"north": {"uv": [15, 12, 16, 16], "texture": "#grau"},
				"east": {"uv": [0, 0, 0.1, 3], "texture": "#grau"},
				"south": {"uv": [15, 12, 16, 16], "texture": "#grau"},
				"up": {"uv": [0, 0, 3, 0.1], "texture": "#grau"},
				"down": {"uv": [2, 0, 5, 0.1], "texture": "#grau"}
			}
		}
	],
	"display": {
		"thirdperson_righthand": {
			"rotation": [0, 180, 0],
			"translation": [0, 2, 0],
			"scale": [0.55, 0.55, 0.55]
		},
		"firstperson_righthand": {
			"rotation": [0, 0, 25],
			"translation": [1.13, 3.2, 1.13],
			"scale": [0.68, 0.68, 0.68]
		},
		"ground": {
			"translation": [0, 2, 0],
			"scale": [0.5, 0.5, 0.5]
		},
		"gui": {
			"translation": [0, 6, 0]
		},
		"head": {
			"rotation": [0, 180, 0],
			"translation": [0, 1, -8],
			"scale": [1.04, 1, 1]
		},
		"fixed": {
			"rotation": [0, 180, 0]
		}
	}
}