{
	"parent": "item/handheld",
	"textures": {
		"layer0": "item/wooden_sword"
	},
	
	"overrides": [
		{"predicate": {"custom_model_data":1}, "model": "new_wooden_sword/1"},
		{"predicate": {"custom_model_data":2}, "model": "new_wooden_sword/2"},
		{"predicate": {"custom_model_data":3}, "model": "new_wooden_sword/3"},
		{"predicate": {"custom_model_data":4}, "model": "new_wooden_sword/4"},
		{"predicate": {"custom_model_data":5}, "model": "new_wooden_sword/5"},
		{"predicate": {"custom_model_data":6}, "model": "new_wooden_sword/6"},
		{"predicate": {"custom_model_data":7}, "model": "new_wooden_sword/7"},
		{"predicate": {"custom_model_data":8}, "model": "new_wooden_sword/8"},
		{"predicate": {"custom_model_data":9}, "model": "new_wooden_sword/9"},
		{"predicate": {"custom_model_data":10}, "model": "new_wooden_sword/10"},
		{"predicate": {"custom_model_data":11}, "model": "new_wooden_sword/11"},
		{"predicate": {"custom_model_data":12}, "model": "new_wooden_sword/12"},
		{"predicate": {"custom_model_data":13}, "model": "new_wooden_sword/13"},
		{"predicate": {"custom_model_data":14}, "model": "new_wooden_sword/14"},
		{"predicate": {"custom_model_data":15}, "model": "new_wooden_sword/15"},
		{"predicate": {"custom_model_data":16}, "model": "new_wooden_sword/16"},
		{"predicate": {"custom_model_data":17}, "model": "new_wooden_sword/17"},
		{"predicate": {"custom_model_data":18}, "model": "new_wooden_sword/18"},
		{"predicate": {"custom_model_data":19}, "model": "new_wooden_sword/19"},
		{"predicate": {"custom_model_data":20}, "model": "new_wooden_sword/20"},
		{"predicate": {"custom_model_data":21}, "model": "new_wooden_sword/21"},
		{"predicate": {"custom_model_data":22}, "model": "new_wooden_sword/22"},
		{"predicate": {"custom_model_data":23}, "model": "new_wooden_sword/23"},
		{"predicate": {"custom_model_data":24}, "model": "new_wooden_sword/24"},
		{"predicate": {"custom_model_data":25}, "model": "new_wooden_sword/25"},
		{"predicate": {"custom_model_data":26}, "model": "new_wooden_sword/26"},
		{"predicate": {"custom_model_data":27}, "model": "new_wooden_sword/27"},
		{"predicate": {"custom_model_data":28}, "model": "new_wooden_sword/28"},
		{"predicate": {"custom_model_data":29}, "model": "new_wooden_sword/29"},
		{"predicate": {"custom_model_data":30}, "model": "new_wooden_sword/30"},
		{"predicate": {"custom_model_data":31}, "model": "new_wooden_sword/31"},
		{"predicate": {"custom_model_data":32}, "model": "new_wooden_sword/32"},
		{"predicate": {"custom_model_data":33}, "model": "new_wooden_sword/33"},
		{"predicate": {"custom_model_data":34}, "model": "new_wooden_sword/34"},
		{"predicate": {"custom_model_data":35}, "model": "new_wooden_sword/35"},
		{"predicate": {"custom_model_data":36}, "model": "new_wooden_sword/36"},
		{"predicate": {"custom_model_data":37}, "model": "new_wooden_sword/37"},
		{"predicate": {"custom_model_data":38}, "model": "new_wooden_sword/38"},
		{"predicate": {"custom_model_data":39}, "model": "new_wooden_sword/39"},
		{"predicate": {"custom_model_data":40}, "model": "new_wooden_sword/40"},
		{"predicate": {"custom_model_data":41}, "model": "new_wooden_sword/41"},
		{"predicate": {"custom_model_data":42}, "model": "new_wooden_sword/42"},
		{"predicate": {"custom_model_data":43}, "model": "new_wooden_sword/43"},
		{"predicate": {"custom_model_data":44}, "model": "new_wooden_sword/44"},
		{"predicate": {"custom_model_data":45}, "model": "new_wooden_sword/45"},
		{"predicate": {"custom_model_data":46}, "model": "new_wooden_sword/46"},
		{"predicate": {"custom_model_data":47}, "model": "new_wooden_sword/47"},
		{"predicate": {"custom_model_data":48}, "model": "new_wooden_sword/48"},
		{"predicate": {"custom_model_data":49}, "model": "new_wooden_sword/49"},
		{"predicate": {"custom_model_data":50}, "model": "new_wooden_sword/50"},
		{"predicate": {"custom_model_data":51}, "model": "new_wooden_sword/51"},
		{"predicate": {"custom_model_data":52}, "model": "new_wooden_sword/52"},
		{"predicate": {"custom_model_data":53}, "model": "new_wooden_sword/53"},
		{"predicate": {"custom_model_data":54}, "model": "new_wooden_sword/54"},
		{"predicate": {"custom_model_data":55}, "model": "new_wooden_sword/55"},
		{"predicate": {"custom_model_data":56}, "model": "new_wooden_sword/56"},
		{"predicate": {"custom_model_data":57}, "model": "new_wooden_sword/57"},
		{"predicate": {"custom_model_data":58}, "model": "new_wooden_sword/58"},
		{"predicate": {"custom_model_data":59}, "model": "new_wooden_sword/59"},
		{"predicate": {"custom_model_data":60}, "model": "new_wooden_sword/60"},
		{"predicate": {"custom_model_data":61}, "model": "new_wooden_sword/61"},
		{"predicate": {"custom_model_data":62}, "model": "new_wooden_sword/62"},
		{"predicate": {"custom_model_data":63}, "model": "new_wooden_sword/63"},
		{"predicate": {"custom_model_data":64}, "model": "new_wooden_sword/64"},
		{"predicate": {"custom_model_data":65}, "model": "new_wooden_sword/65"},
		{"predicate": {"custom_model_data":66}, "model": "new_wooden_sword/66"},
		{"predicate": {"custom_model_data":67}, "model": "new_wooden_sword/67"},
		{"predicate": {"custom_model_data":68}, "model": "new_wooden_sword/68"},
		{"predicate": {"custom_model_data":69}, "model": "new_wooden_sword/69"},
		{"predicate": {"custom_model_data":70}, "model": "new_wooden_sword/70"},
		{"predicate": {"custom_model_data":71}, "model": "new_wooden_sword/71"},
		{"predicate": {"custom_model_data":72}, "model": "new_wooden_sword/72"},
		{"predicate": {"custom_model_data":73}, "model": "new_wooden_sword/73"},
		{"predicate": {"custom_model_data":74}, "model": "new_wooden_sword/74"},
		{"predicate": {"custom_model_data":75}, "model": "new_wooden_sword/75"},
		{"predicate": {"custom_model_data":76}, "model": "new_wooden_sword/76"},
		{"predicate": {"custom_model_data":77}, "model": "new_wooden_sword/77"},
		{"predicate": {"custom_model_data":78}, "model": "new_wooden_sword/78"},
		{"predicate": {"custom_model_data":79}, "model": "new_wooden_sword/79"},
		{"predicate": {"custom_model_data":80}, "model": "new_wooden_sword/80"},
		{"predicate": {"custom_model_data":81}, "model": "new_wooden_sword/81"},
		{"predicate": {"custom_model_data":82}, "model": "new_wooden_sword/82"},
		{"predicate": {"custom_model_data":83}, "model": "new_wooden_sword/83"},
		{"predicate": {"custom_model_data":84}, "model": "new_wooden_sword/84"},
		{"predicate": {"custom_model_data":85}, "model": "new_wooden_sword/85"},
		{"predicate": {"custom_model_data":86}, "model": "new_wooden_sword/86"},
		{"predicate": {"custom_model_data":87}, "model": "new_wooden_sword/87"},
		{"predicate": {"custom_model_data":88}, "model": "new_wooden_sword/88"},
		{"predicate": {"custom_model_data":89}, "model": "new_wooden_sword/89"},
		{"predicate": {"custom_model_data":90}, "model": "new_wooden_sword/90"},
		{"predicate": {"custom_model_data":91}, "model": "new_wooden_sword/91"},
		{"predicate": {"custom_model_data":92}, "model": "new_wooden_sword/92"},
		{"predicate": {"custom_model_data":93}, "model": "new_wooden_sword/93"},
		{"predicate": {"custom_model_data":94}, "model": "new_wooden_sword/94"},
		{"predicate": {"custom_model_data":95}, "model": "new_wooden_sword/95"},
		{"predicate": {"custom_model_data":96}, "model": "new_wooden_sword/96"},
		{"predicate": {"custom_model_data":97}, "model": "new_wooden_sword/97"},
		{"predicate": {"custom_model_data":98}, "model": "new_wooden_sword/98"},
		{"predicate": {"custom_model_data":99}, "model": "new_wooden_sword/99"},
		{"predicate": {"custom_model_data":100}, "model": "new_wooden_sword/100"},
		{"predicate": {"custom_model_data":101}, "model": "new_wooden_sword/101"},
		{"predicate": {"custom_model_data":102}, "model": "new_wooden_sword/102"},
		{"predicate": {"custom_model_data":103}, "model": "new_wooden_sword/103"},
		{"predicate": {"custom_model_data":104}, "model": "new_wooden_sword/104"},
		{"predicate": {"custom_model_data":105}, "model": "new_wooden_sword/105"},
		{"predicate": {"custom_model_data":106}, "model": "new_wooden_sword/106"},
		{"predicate": {"custom_model_data":107}, "model": "new_wooden_sword/107"},
		{"predicate": {"custom_model_data":108}, "model": "new_wooden_sword/108"},
		{"predicate": {"custom_model_data":109}, "model": "new_wooden_sword/109"},
		{"predicate": {"custom_model_data":110}, "model": "new_wooden_sword/110"},
		{"predicate": {"custom_model_data":111}, "model": "new_wooden_sword/111"},
		{"predicate": {"custom_model_data":112}, "model": "new_wooden_sword/112"},
		{"predicate": {"custom_model_data":113}, "model": "new_wooden_sword/113"},
		{"predicate": {"custom_model_data":114}, "model": "new_wooden_sword/114"},
		{"predicate": {"custom_model_data":115}, "model": "new_wooden_sword/115"},
		{"predicate": {"custom_model_data":116}, "model": "new_wooden_sword/116"},
		{"predicate": {"custom_model_data":117}, "model": "new_wooden_sword/117"},
		{"predicate": {"custom_model_data":118}, "model": "new_wooden_sword/118"},
		{"predicate": {"custom_model_data":119}, "model": "new_wooden_sword/119"},
		{"predicate": {"custom_model_data":120}, "model": "new_wooden_sword/120"},
		{"predicate": {"custom_model_data":121}, "model": "new_wooden_sword/121"},
		{"predicate": {"custom_model_data":122}, "model": "new_wooden_sword/122"},
		{"predicate": {"custom_model_data":123}, "model": "new_wooden_sword/123"},
		{"predicate": {"custom_model_data":124}, "model": "new_wooden_sword/124"},
		{"predicate": {"custom_model_data":125}, "model": "new_wooden_sword/125"},
		{"predicate": {"custom_model_data":126}, "model": "new_wooden_sword/126"},
		{"predicate": {"custom_model_data":127}, "model": "new_wooden_sword/127"},
		{"predicate": {"custom_model_data":128}, "model": "new_wooden_sword/128"},
		{"predicate": {"custom_model_data":129}, "model": "new_wooden_sword/129"},
		{"predicate": {"custom_model_data":130}, "model": "new_wooden_sword/130"},
		{"predicate": {"custom_model_data":131}, "model": "new_wooden_sword/131"},
		{"predicate": {"custom_model_data":132}, "model": "new_wooden_sword/132"},
		{"predicate": {"custom_model_data":133}, "model": "new_wooden_sword/133"},
		{"predicate": {"custom_model_data":134}, "model": "new_wooden_sword/134"},
		{"predicate": {"custom_model_data":135}, "model": "new_wooden_sword/135"},
		{"predicate": {"custom_model_data":136}, "model": "new_wooden_sword/136"},
		{"predicate": {"custom_model_data":137}, "model": "new_wooden_sword/137"},
		{"predicate": {"custom_model_data":138}, "model": "new_wooden_sword/138"},
		{"predicate": {"custom_model_data":139}, "model": "new_wooden_sword/139"},
		{"predicate": {"custom_model_data":140}, "model": "new_wooden_sword/140"},
		{"predicate": {"custom_model_data":141}, "model": "new_wooden_sword/141"},
		{"predicate": {"custom_model_data":142}, "model": "new_wooden_sword/142"},
		{"predicate": {"custom_model_data":143}, "model": "new_wooden_sword/143"},
		{"predicate": {"custom_model_data":144}, "model": "new_wooden_sword/144"},
		{"predicate": {"custom_model_data":145}, "model": "new_wooden_sword/145"},
		{"predicate": {"custom_model_data":146}, "model": "new_wooden_sword/146"},
		{"predicate": {"custom_model_data":147}, "model": "new_wooden_sword/147"},
		{"predicate": {"custom_model_data":148}, "model": "new_wooden_sword/148"},
		{"predicate": {"custom_model_data":149}, "model": "new_wooden_sword/149"},
		{"predicate": {"custom_model_data":150}, "model": "new_wooden_sword/150"},
		{"predicate": {"custom_model_data":151}, "model": "new_wooden_sword/151"},
		{"predicate": {"custom_model_data":152}, "model": "new_wooden_sword/152"},
		{"predicate": {"custom_model_data":153}, "model": "new_wooden_sword/153"},
		{"predicate": {"custom_model_data":154}, "model": "new_wooden_sword/154"},
		{"predicate": {"custom_model_data":155}, "model": "new_wooden_sword/155"},
		{"predicate": {"custom_model_data":156}, "model": "new_wooden_sword/156"},
		{"predicate": {"custom_model_data":157}, "model": "new_wooden_sword/157"},
		{"predicate": {"custom_model_data":158}, "model": "new_wooden_sword/158"},
		{"predicate": {"custom_model_data":159}, "model": "new_wooden_sword/159"},
		{"predicate": {"custom_model_data":160}, "model": "new_wooden_sword/160"},
		{"predicate": {"custom_model_data":161}, "model": "new_wooden_sword/161"},
		{"predicate": {"custom_model_data":162}, "model": "new_wooden_sword/162"},
		{"predicate": {"custom_model_data":163}, "model": "new_wooden_sword/163"},
		{"predicate": {"custom_model_data":164}, "model": "new_wooden_sword/164"},
		{"predicate": {"custom_model_data":165}, "model": "new_wooden_sword/165"},
		{"predicate": {"custom_model_data":166}, "model": "new_wooden_sword/166"},
		{"predicate": {"custom_model_data":167}, "model": "new_wooden_sword/167"},
		{"predicate": {"custom_model_data":168}, "model": "new_wooden_sword/168"},
		{"predicate": {"custom_model_data":169}, "model": "new_wooden_sword/169"},
		{"predicate": {"custom_model_data":170}, "model": "new_wooden_sword/170"},
		{"predicate": {"custom_model_data":171}, "model": "new_wooden_sword/171"},
		{"predicate": {"custom_model_data":172}, "model": "new_wooden_sword/172"},
		{"predicate": {"custom_model_data":173}, "model": "new_wooden_sword/173"},
		{"predicate": {"custom_model_data":174}, "model": "new_wooden_sword/174"},
		{"predicate": {"custom_model_data":175}, "model": "new_wooden_sword/175"},
		{"predicate": {"custom_model_data":176}, "model": "new_wooden_sword/176"},
		{"predicate": {"custom_model_data":177}, "model": "new_wooden_sword/177"},
		{"predicate": {"custom_model_data":178}, "model": "new_wooden_sword/178"},
		{"predicate": {"custom_model_data":179}, "model": "new_wooden_sword/179"},
		{"predicate": {"custom_model_data":180}, "model": "new_wooden_sword/180"},
		{"predicate": {"custom_model_data":181}, "model": "new_wooden_sword/181"},
		{"predicate": {"custom_model_data":182}, "model": "new_wooden_sword/182"},
		{"predicate": {"custom_model_data":183}, "model": "new_wooden_sword/183"},
		{"predicate": {"custom_model_data":184}, "model": "new_wooden_sword/184"},
		{"predicate": {"custom_model_data":185}, "model": "new_wooden_sword/185"},
		{"predicate": {"custom_model_data":186}, "model": "new_wooden_sword/186"},
		{"predicate": {"custom_model_data":187}, "model": "new_wooden_sword/187"},
		{"predicate": {"custom_model_data":188}, "model": "new_wooden_sword/188"},
		{"predicate": {"custom_model_data":189}, "model": "new_wooden_sword/189"},
		{"predicate": {"custom_model_data":190}, "model": "new_wooden_sword/190"},
		{"predicate": {"custom_model_data":191}, "model": "new_wooden_sword/191"},
		{"predicate": {"custom_model_data":192}, "model": "new_wooden_sword/192"},
		{"predicate": {"custom_model_data":193}, "model": "new_wooden_sword/193"},
		{"predicate": {"custom_model_data":194}, "model": "new_wooden_sword/194"},
		{"predicate": {"custom_model_data":195}, "model": "new_wooden_sword/195"},
		{"predicate": {"custom_model_data":196}, "model": "new_wooden_sword/196"},
		{"predicate": {"custom_model_data":197}, "model": "new_wooden_sword/197"},
		{"predicate": {"custom_model_data":198}, "model": "new_wooden_sword/198"},
		{"predicate": {"custom_model_data":199}, "model": "new_wooden_sword/199"},
		{"predicate": {"custom_model_data":200}, "model": "new_wooden_sword/200"},
		{"predicate": {"custom_model_data":201}, "model": "new_wooden_sword/201"},
		{"predicate": {"custom_model_data":202}, "model": "new_wooden_sword/202"},
		{"predicate": {"custom_model_data":203}, "model": "new_wooden_sword/203"},
		{"predicate": {"custom_model_data":204}, "model": "new_wooden_sword/204"},
		{"predicate": {"custom_model_data":205}, "model": "new_wooden_sword/205"},
		{"predicate": {"custom_model_data":206}, "model": "new_wooden_sword/206"},
		{"predicate": {"custom_model_data":207}, "model": "new_wooden_sword/207"},
		{"predicate": {"custom_model_data":208}, "model": "new_wooden_sword/208"},
		{"predicate": {"custom_model_data":209}, "model": "new_wooden_sword/209"},
		{"predicate": {"custom_model_data":210}, "model": "new_wooden_sword/210"},
		{"predicate": {"custom_model_data":211}, "model": "new_wooden_sword/211"},
		{"predicate": {"custom_model_data":212}, "model": "new_wooden_sword/212"},
		{"predicate": {"custom_model_data":213}, "model": "new_wooden_sword/213"},
		{"predicate": {"custom_model_data":214}, "model": "new_wooden_sword/214"},
		{"predicate": {"custom_model_data":215}, "model": "new_wooden_sword/215"},
		{"predicate": {"custom_model_data":216}, "model": "new_wooden_sword/216"},
		{"predicate": {"custom_model_data":217}, "model": "new_wooden_sword/217"},
		{"predicate": {"custom_model_data":218}, "model": "new_wooden_sword/218"},
		{"predicate": {"custom_model_data":219}, "model": "new_wooden_sword/219"},
		{"predicate": {"custom_model_data":220}, "model": "new_wooden_sword/220"},
		{"predicate": {"custom_model_data":221}, "model": "new_wooden_sword/221"},
		{"predicate": {"custom_model_data":222}, "model": "new_wooden_sword/222"},
		{"predicate": {"custom_model_data":223}, "model": "new_wooden_sword/223"},
		{"predicate": {"custom_model_data":224}, "model": "new_wooden_sword/224"},
		{"predicate": {"custom_model_data":225}, "model": "new_wooden_sword/225"},
		{"predicate": {"custom_model_data":226}, "model": "new_wooden_sword/226"},
		{"predicate": {"custom_model_data":227}, "model": "new_wooden_sword/227"},
		{"predicate": {"custom_model_data":228}, "model": "new_wooden_sword/228"},
		{"predicate": {"custom_model_data":229}, "model": "new_wooden_sword/229"},
		{"predicate": {"custom_model_data":230}, "model": "new_wooden_sword/230"},
		{"predicate": {"custom_model_data":231}, "model": "new_wooden_sword/231"},
		{"predicate": {"custom_model_data":232}, "model": "new_wooden_sword/232"},
		{"predicate": {"custom_model_data":233}, "model": "new_wooden_sword/233"},
		{"predicate": {"custom_model_data":234}, "model": "new_wooden_sword/234"},
		{"predicate": {"custom_model_data":235}, "model": "new_wooden_sword/235"},
		{"predicate": {"custom_model_data":236}, "model": "new_wooden_sword/236"},
		{"predicate": {"custom_model_data":237}, "model": "new_wooden_sword/237"},
		{"predicate": {"custom_model_data":238}, "model": "new_wooden_sword/238"},
		{"predicate": {"custom_model_data":239}, "model": "new_wooden_sword/239"},
		{"predicate": {"custom_model_data":240}, "model": "new_wooden_sword/240"},
		{"predicate": {"custom_model_data":241}, "model": "new_wooden_sword/241"},
		{"predicate": {"custom_model_data":242}, "model": "new_wooden_sword/242"},
		{"predicate": {"custom_model_data":243}, "model": "new_wooden_sword/243"},
		{"predicate": {"custom_model_data":244}, "model": "new_wooden_sword/244"},
		{"predicate": {"custom_model_data":245}, "model": "new_wooden_sword/245"},
		{"predicate": {"custom_model_data":246}, "model": "new_wooden_sword/246"},
		{"predicate": {"custom_model_data":247}, "model": "new_wooden_sword/247"},
		{"predicate": {"custom_model_data":248}, "model": "new_wooden_sword/248"},
		{"predicate": {"custom_model_data":249}, "model": "new_wooden_sword/249"},
		{"predicate": {"custom_model_data":250}, "model": "new_wooden_sword/250"},
		{"predicate": {"custom_model_data":251}, "model": "new_wooden_sword/251"},
		{"predicate": {"custom_model_data":252}, "model": "new_wooden_sword/252"},
		{"predicate": {"custom_model_data":253}, "model": "new_wooden_sword/253"},
		{"predicate": {"custom_model_data":254}, "model": "new_wooden_sword/254"},
		{"predicate": {"custom_model_data":255}, "model": "new_wooden_sword/255"},
		{"predicate": {"custom_model_data":256}, "model": "new_wooden_sword/256"},
		{"predicate": {"custom_model_data":257}, "model": "new_wooden_sword/257"},
		{"predicate": {"custom_model_data":258}, "model": "new_wooden_sword/258"},
		{"predicate": {"custom_model_data":259}, "model": "new_wooden_sword/259"},
		{"predicate": {"custom_model_data":260}, "model": "new_wooden_sword/260"},
		{"predicate": {"custom_model_data":261}, "model": "new_wooden_sword/261"},
		{"predicate": {"custom_model_data":262}, "model": "new_wooden_sword/262"},
		{"predicate": {"custom_model_data":263}, "model": "new_wooden_sword/263"},
		{"predicate": {"custom_model_data":264}, "model": "new_wooden_sword/264"},
		{"predicate": {"custom_model_data":265}, "model": "new_wooden_sword/265"},
		{"predicate": {"custom_model_data":266}, "model": "new_wooden_sword/266"},
		{"predicate": {"custom_model_data":267}, "model": "new_wooden_sword/267"},
		{"predicate": {"custom_model_data":268}, "model": "new_wooden_sword/268"},
		{"predicate": {"custom_model_data":269}, "model": "new_wooden_sword/269"},
		{"predicate": {"custom_model_data":270}, "model": "new_wooden_sword/270"},
		{"predicate": {"custom_model_data":271}, "model": "new_wooden_sword/271"},
		{"predicate": {"custom_model_data":272}, "model": "new_wooden_sword/272"},
		{"predicate": {"custom_model_data":273}, "model": "new_wooden_sword/273"},
		{"predicate": {"custom_model_data":274}, "model": "new_wooden_sword/274"},
		{"predicate": {"custom_model_data":275}, "model": "new_wooden_sword/275"},
		{"predicate": {"custom_model_data":276}, "model": "new_wooden_sword/276"},
		{"predicate": {"custom_model_data":277}, "model": "new_wooden_sword/277"},
		{"predicate": {"custom_model_data":278}, "model": "new_wooden_sword/278"},
		{"predicate": {"custom_model_data":279}, "model": "new_wooden_sword/279"},
		{"predicate": {"custom_model_data":280}, "model": "new_wooden_sword/280"},
		{"predicate": {"custom_model_data":281}, "model": "new_wooden_sword/281"},
		{"predicate": {"custom_model_data":282}, "model": "new_wooden_sword/282"},
		{"predicate": {"custom_model_data":283}, "model": "new_wooden_sword/283"},
		{"predicate": {"custom_model_data":284}, "model": "new_wooden_sword/284"},
		{"predicate": {"custom_model_data":285}, "model": "new_wooden_sword/285"},
		{"predicate": {"custom_model_data":286}, "model": "new_wooden_sword/286"},
		{"predicate": {"custom_model_data":287}, "model": "new_wooden_sword/287"},
		{"predicate": {"custom_model_data":288}, "model": "new_wooden_sword/288"},
		{"predicate": {"custom_model_data":289}, "model": "new_wooden_sword/289"},
		{"predicate": {"custom_model_data":290}, "model": "new_wooden_sword/290"},
		{"predicate": {"custom_model_data":291}, "model": "new_wooden_sword/291"},
		{"predicate": {"custom_model_data":292}, "model": "new_wooden_sword/292"},
		{"predicate": {"custom_model_data":293}, "model": "new_wooden_sword/293"},
		{"predicate": {"custom_model_data":294}, "model": "new_wooden_sword/294"},
		{"predicate": {"custom_model_data":295}, "model": "new_wooden_sword/295"},
		{"predicate": {"custom_model_data":296}, "model": "new_wooden_sword/296"},
		{"predicate": {"custom_model_data":297}, "model": "new_wooden_sword/297"},
		{"predicate": {"custom_model_data":298}, "model": "new_wooden_sword/298"},
		{"predicate": {"custom_model_data":299}, "model": "new_wooden_sword/299"},
		{"predicate": {"custom_model_data":300}, "model": "new_wooden_sword/300"},
		{"predicate": {"custom_model_data":301}, "model": "new_wooden_sword/301"},
		{"predicate": {"custom_model_data":302}, "model": "new_wooden_sword/302"},
		{"predicate": {"custom_model_data":303}, "model": "new_wooden_sword/303"},
		{"predicate": {"custom_model_data":304}, "model": "new_wooden_sword/304"},
		{"predicate": {"custom_model_data":305}, "model": "new_wooden_sword/305"},
		{"predicate": {"custom_model_data":306}, "model": "new_wooden_sword/306"},
		{"predicate": {"custom_model_data":307}, "model": "new_wooden_sword/307"},
		{"predicate": {"custom_model_data":308}, "model": "new_wooden_sword/308"},
		{"predicate": {"custom_model_data":309}, "model": "new_wooden_sword/309"},
		{"predicate": {"custom_model_data":310}, "model": "new_wooden_sword/310"},
		{"predicate": {"custom_model_data":311}, "model": "new_wooden_sword/311"},
		{"predicate": {"custom_model_data":312}, "model": "new_wooden_sword/312"},
		{"predicate": {"custom_model_data":313}, "model": "new_wooden_sword/313"},
		{"predicate": {"custom_model_data":314}, "model": "new_wooden_sword/314"},
		{"predicate": {"custom_model_data":315}, "model": "new_wooden_sword/315"},
		{"predicate": {"custom_model_data":316}, "model": "new_wooden_sword/316"},
		{"predicate": {"custom_model_data":317}, "model": "new_wooden_sword/317"},
		{"predicate": {"custom_model_data":318}, "model": "new_wooden_sword/318"},
		{"predicate": {"custom_model_data":319}, "model": "new_wooden_sword/319"},
		{"predicate": {"custom_model_data":320}, "model": "new_wooden_sword/320"},
		{"predicate": {"custom_model_data":321}, "model": "new_wooden_sword/321"},
		{"predicate": {"custom_model_data":322}, "model": "new_wooden_sword/322"},
		{"predicate": {"custom_model_data":323}, "model": "new_wooden_sword/323"},
		{"predicate": {"custom_model_data":324}, "model": "new_wooden_sword/324"},
		{"predicate": {"custom_model_data":325}, "model": "new_wooden_sword/325"},
		{"predicate": {"custom_model_data":326}, "model": "new_wooden_sword/326"},
		{"predicate": {"custom_model_data":327}, "model": "new_wooden_sword/327"},
		{"predicate": {"custom_model_data":328}, "model": "new_wooden_sword/328"},
		{"predicate": {"custom_model_data":329}, "model": "new_wooden_sword/329"},
		{"predicate": {"custom_model_data":330}, "model": "new_wooden_sword/330"},
		{"predicate": {"custom_model_data":331}, "model": "new_wooden_sword/331"},
		{"predicate": {"custom_model_data":332}, "model": "new_wooden_sword/332"},
		{"predicate": {"custom_model_data":333}, "model": "new_wooden_sword/333"},
		{"predicate": {"custom_model_data":334}, "model": "new_wooden_sword/334"},
		{"predicate": {"custom_model_data":335}, "model": "new_wooden_sword/335"},
		{"predicate": {"custom_model_data":336}, "model": "new_wooden_sword/336"},
		{"predicate": {"custom_model_data":337}, "model": "new_wooden_sword/337"},
		{"predicate": {"custom_model_data":338}, "model": "new_wooden_sword/338"},
		{"predicate": {"custom_model_data":339}, "model": "new_wooden_sword/339"},
		{"predicate": {"custom_model_data":340}, "model": "new_wooden_sword/340"},
		{"predicate": {"custom_model_data":341}, "model": "new_wooden_sword/341"},
		{"predicate": {"custom_model_data":342}, "model": "new_wooden_sword/342"},
		{"predicate": {"custom_model_data":343}, "model": "new_wooden_sword/343"},
		{"predicate": {"custom_model_data":344}, "model": "new_wooden_sword/344"},
		{"predicate": {"custom_model_data":345}, "model": "new_wooden_sword/345"},
		{"predicate": {"custom_model_data":346}, "model": "new_wooden_sword/346"},
		{"predicate": {"custom_model_data":347}, "model": "new_wooden_sword/347"},
		{"predicate": {"custom_model_data":348}, "model": "new_wooden_sword/348"},
		{"predicate": {"custom_model_data":349}, "model": "new_wooden_sword/349"},
		{"predicate": {"custom_model_data":350}, "model": "new_wooden_sword/350"},
		{"predicate": {"custom_model_data":351}, "model": "new_wooden_sword/351"},
		{"predicate": {"custom_model_data":352}, "model": "new_wooden_sword/352"},
		{"predicate": {"custom_model_data":353}, "model": "new_wooden_sword/353"},
		{"predicate": {"custom_model_data":354}, "model": "new_wooden_sword/354"},
		{"predicate": {"custom_model_data":355}, "model": "new_wooden_sword/355"},
		{"predicate": {"custom_model_data":356}, "model": "new_wooden_sword/356"},
		{"predicate": {"custom_model_data":357}, "model": "new_wooden_sword/357"},
		{"predicate": {"custom_model_data":358}, "model": "new_wooden_sword/358"},
		{"predicate": {"custom_model_data":359}, "model": "new_wooden_sword/359"},
		{"predicate": {"custom_model_data":360}, "model": "new_wooden_sword/360"},
		{"predicate": {"custom_model_data":361}, "model": "new_wooden_sword/361"},
		{"predicate": {"custom_model_data":362}, "model": "new_wooden_sword/362"},
		{"predicate": {"custom_model_data":363}, "model": "new_wooden_sword/363"},
		{"predicate": {"custom_model_data":364}, "model": "new_wooden_sword/364"},
		{"predicate": {"custom_model_data":365}, "model": "new_wooden_sword/365"},
		{"predicate": {"custom_model_data":366}, "model": "new_wooden_sword/366"},
		{"predicate": {"custom_model_data":367}, "model": "new_wooden_sword/367"},
		{"predicate": {"custom_model_data":368}, "model": "new_wooden_sword/368"},
		{"predicate": {"custom_model_data":369}, "model": "new_wooden_sword/369"},
		{"predicate": {"custom_model_data":370}, "model": "new_wooden_sword/370"},
		{"predicate": {"custom_model_data":371}, "model": "new_wooden_sword/371"},
		{"predicate": {"custom_model_data":372}, "model": "new_wooden_sword/372"},
		{"predicate": {"custom_model_data":373}, "model": "new_wooden_sword/373"},
		{"predicate": {"custom_model_data":374}, "model": "new_wooden_sword/374"},
		{"predicate": {"custom_model_data":375}, "model": "new_wooden_sword/375"},
		{"predicate": {"custom_model_data":376}, "model": "new_wooden_sword/376"},
		{"predicate": {"custom_model_data":377}, "model": "new_wooden_sword/377"},
		{"predicate": {"custom_model_data":378}, "model": "new_wooden_sword/378"},
		{"predicate": {"custom_model_data":379}, "model": "new_wooden_sword/379"},
		{"predicate": {"custom_model_data":380}, "model": "new_wooden_sword/380"},
		{"predicate": {"custom_model_data":381}, "model": "new_wooden_sword/381"},
		{"predicate": {"custom_model_data":382}, "model": "new_wooden_sword/382"},
		{"predicate": {"custom_model_data":383}, "model": "new_wooden_sword/383"},
		{"predicate": {"custom_model_data":384}, "model": "new_wooden_sword/384"},
		{"predicate": {"custom_model_data":385}, "model": "new_wooden_sword/385"},
		{"predicate": {"custom_model_data":386}, "model": "new_wooden_sword/386"},
		{"predicate": {"custom_model_data":387}, "model": "new_wooden_sword/387"},
		{"predicate": {"custom_model_data":388}, "model": "new_wooden_sword/388"},
		{"predicate": {"custom_model_data":389}, "model": "new_wooden_sword/389"},
		{"predicate": {"custom_model_data":390}, "model": "new_wooden_sword/390"},
		{"predicate": {"custom_model_data":391}, "model": "new_wooden_sword/391"},
		{"predicate": {"custom_model_data":392}, "model": "new_wooden_sword/392"},
		{"predicate": {"custom_model_data":393}, "model": "new_wooden_sword/393"},
		{"predicate": {"custom_model_data":394}, "model": "new_wooden_sword/394"},
		{"predicate": {"custom_model_data":395}, "model": "new_wooden_sword/395"},
		{"predicate": {"custom_model_data":396}, "model": "new_wooden_sword/396"},
		{"predicate": {"custom_model_data":397}, "model": "new_wooden_sword/397"},
		{"predicate": {"custom_model_data":398}, "model": "new_wooden_sword/398"},
		{"predicate": {"custom_model_data":399}, "model": "new_wooden_sword/399"},
		{"predicate": {"custom_model_data":400}, "model": "new_wooden_sword/400"},
		{"predicate": {"custom_model_data":401}, "model": "new_wooden_sword/401"},
		{"predicate": {"custom_model_data":402}, "model": "new_wooden_sword/402"},
		{"predicate": {"custom_model_data":403}, "model": "new_wooden_sword/403"},
		{"predicate": {"custom_model_data":404}, "model": "new_wooden_sword/404"},
		{"predicate": {"custom_model_data":405}, "model": "new_wooden_sword/405"},
		{"predicate": {"custom_model_data":406}, "model": "new_wooden_sword/406"},
		{"predicate": {"custom_model_data":407}, "model": "new_wooden_sword/407"},
		{"predicate": {"custom_model_data":408}, "model": "new_wooden_sword/408"},
		{"predicate": {"custom_model_data":409}, "model": "new_wooden_sword/409"},
		{"predicate": {"custom_model_data":410}, "model": "new_wooden_sword/410"},
		{"predicate": {"custom_model_data":411}, "model": "new_wooden_sword/411"},
		{"predicate": {"custom_model_data":412}, "model": "new_wooden_sword/412"},
		{"predicate": {"custom_model_data":413}, "model": "new_wooden_sword/413"},
		{"predicate": {"custom_model_data":414}, "model": "new_wooden_sword/414"},
		{"predicate": {"custom_model_data":415}, "model": "new_wooden_sword/415"},
		{"predicate": {"custom_model_data":416}, "model": "new_wooden_sword/416"},
		{"predicate": {"custom_model_data":417}, "model": "new_wooden_sword/417"},
		{"predicate": {"custom_model_data":418}, "model": "new_wooden_sword/418"},
		{"predicate": {"custom_model_data":419}, "model": "new_wooden_sword/419"},
		{"predicate": {"custom_model_data":420}, "model": "new_wooden_sword/420"},
		{"predicate": {"custom_model_data":421}, "model": "new_wooden_sword/421"},
		{"predicate": {"custom_model_data":422}, "model": "new_wooden_sword/422"},
		{"predicate": {"custom_model_data":423}, "model": "new_wooden_sword/423"},
		{"predicate": {"custom_model_data":424}, "model": "new_wooden_sword/424"},
		{"predicate": {"custom_model_data":425}, "model": "new_wooden_sword/425"},
		{"predicate": {"custom_model_data":426}, "model": "new_wooden_sword/426"},
		{"predicate": {"custom_model_data":427}, "model": "new_wooden_sword/427"},
		{"predicate": {"custom_model_data":428}, "model": "new_wooden_sword/428"},
		{"predicate": {"custom_model_data":429}, "model": "new_wooden_sword/429"},
		{"predicate": {"custom_model_data":430}, "model": "new_wooden_sword/430"},
		{"predicate": {"custom_model_data":431}, "model": "new_wooden_sword/431"},
		{"predicate": {"custom_model_data":432}, "model": "new_wooden_sword/432"},
		{"predicate": {"custom_model_data":433}, "model": "new_wooden_sword/433"},
		{"predicate": {"custom_model_data":434}, "model": "new_wooden_sword/434"},
		{"predicate": {"custom_model_data":435}, "model": "new_wooden_sword/435"},
		{"predicate": {"custom_model_data":436}, "model": "new_wooden_sword/436"},
		{"predicate": {"custom_model_data":437}, "model": "new_wooden_sword/437"},
		{"predicate": {"custom_model_data":438}, "model": "new_wooden_sword/438"},
		{"predicate": {"custom_model_data":439}, "model": "new_wooden_sword/439"},
		{"predicate": {"custom_model_data":440}, "model": "new_wooden_sword/440"},
		{"predicate": {"custom_model_data":441}, "model": "new_wooden_sword/441"},
		{"predicate": {"custom_model_data":442}, "model": "new_wooden_sword/442"},
		{"predicate": {"custom_model_data":443}, "model": "new_wooden_sword/443"},
		{"predicate": {"custom_model_data":444}, "model": "new_wooden_sword/444"},
		{"predicate": {"custom_model_data":445}, "model": "new_wooden_sword/445"},
		{"predicate": {"custom_model_data":446}, "model": "new_wooden_sword/446"},
		{"predicate": {"custom_model_data":447}, "model": "new_wooden_sword/447"},
		{"predicate": {"custom_model_data":448}, "model": "new_wooden_sword/448"},
		{"predicate": {"custom_model_data":449}, "model": "new_wooden_sword/449"},
		{"predicate": {"custom_model_data":450}, "model": "new_wooden_sword/450"},
		{"predicate": {"custom_model_data":451}, "model": "new_wooden_sword/451"},
		{"predicate": {"custom_model_data":452}, "model": "new_wooden_sword/452"},
		{"predicate": {"custom_model_data":453}, "model": "new_wooden_sword/453"},
		{"predicate": {"custom_model_data":454}, "model": "new_wooden_sword/454"},
		{"predicate": {"custom_model_data":455}, "model": "new_wooden_sword/455"},
		{"predicate": {"custom_model_data":456}, "model": "new_wooden_sword/456"},
		{"predicate": {"custom_model_data":457}, "model": "new_wooden_sword/457"},
		{"predicate": {"custom_model_data":458}, "model": "new_wooden_sword/458"},
		{"predicate": {"custom_model_data":459}, "model": "new_wooden_sword/459"},
		{"predicate": {"custom_model_data":460}, "model": "new_wooden_sword/460"},
		{"predicate": {"custom_model_data":461}, "model": "new_wooden_sword/461"},
		{"predicate": {"custom_model_data":462}, "model": "new_wooden_sword/462"},
		{"predicate": {"custom_model_data":463}, "model": "new_wooden_sword/463"},
		{"predicate": {"custom_model_data":464}, "model": "new_wooden_sword/464"},
		{"predicate": {"custom_model_data":465}, "model": "new_wooden_sword/465"},
		{"predicate": {"custom_model_data":466}, "model": "new_wooden_sword/466"},
		{"predicate": {"custom_model_data":467}, "model": "new_wooden_sword/467"},
		{"predicate": {"custom_model_data":468}, "model": "new_wooden_sword/468"},
		{"predicate": {"custom_model_data":469}, "model": "new_wooden_sword/469"},
		{"predicate": {"custom_model_data":470}, "model": "new_wooden_sword/470"},
		{"predicate": {"custom_model_data":471}, "model": "new_wooden_sword/471"},
		{"predicate": {"custom_model_data":472}, "model": "new_wooden_sword/472"},
		{"predicate": {"custom_model_data":473}, "model": "new_wooden_sword/473"},
		{"predicate": {"custom_model_data":474}, "model": "new_wooden_sword/474"},
		{"predicate": {"custom_model_data":475}, "model": "new_wooden_sword/475"},
		{"predicate": {"custom_model_data":476}, "model": "new_wooden_sword/476"},
		{"predicate": {"custom_model_data":477}, "model": "new_wooden_sword/477"},
		{"predicate": {"custom_model_data":478}, "model": "new_wooden_sword/478"},
		{"predicate": {"custom_model_data":479}, "model": "new_wooden_sword/479"},
		{"predicate": {"custom_model_data":480}, "model": "new_wooden_sword/480"},
		{"predicate": {"custom_model_data":481}, "model": "new_wooden_sword/481"},
		{"predicate": {"custom_model_data":482}, "model": "new_wooden_sword/482"},
		{"predicate": {"custom_model_data":483}, "model": "new_wooden_sword/483"},
		{"predicate": {"custom_model_data":484}, "model": "new_wooden_sword/484"},
		{"predicate": {"custom_model_data":485}, "model": "new_wooden_sword/485"},
		{"predicate": {"custom_model_data":486}, "model": "new_wooden_sword/486"},
		{"predicate": {"custom_model_data":487}, "model": "new_wooden_sword/487"},
		{"predicate": {"custom_model_data":488}, "model": "new_wooden_sword/488"},
		{"predicate": {"custom_model_data":489}, "model": "new_wooden_sword/489"},
		{"predicate": {"custom_model_data":490}, "model": "new_wooden_sword/490"},
		{"predicate": {"custom_model_data":491}, "model": "new_wooden_sword/491"},
		{"predicate": {"custom_model_data":492}, "model": "new_wooden_sword/492"},
		{"predicate": {"custom_model_data":493}, "model": "new_wooden_sword/493"},
		{"predicate": {"custom_model_data":494}, "model": "new_wooden_sword/494"},
		{"predicate": {"custom_model_data":495}, "model": "new_wooden_sword/495"},
		{"predicate": {"custom_model_data":496}, "model": "new_wooden_sword/496"},
		{"predicate": {"custom_model_data":497}, "model": "new_wooden_sword/497"},
		{"predicate": {"custom_model_data":498}, "model": "new_wooden_sword/498"},
		{"predicate": {"custom_model_data":499}, "model": "new_wooden_sword/499"}
	]
}