{
    "__comment": "Model generated using MrCrayfish's Model Creator (https://mrcrayfish.com/tools?id=mc)",
    "textures": {
        "gold_block": "minecraft:block/gold_block",
        "purple_terracotta": "minecraft:block/purple_terracotta",
        "black_terracotta": "minecraft:block/black_terracotta"
    },
    "display": {
        "gui": {
            "rotation": [ 0, 90, 0 ],
            "translation": [ 0, -1, 0 ],
            "scale": [ 0.7, 0.7, 0.7 ]
        },
        "ground": {
            "rotation": [ 0, 0, 0 ],
            "translation": [ 0, 3, 0 ],
            "scale": [ 0.25, 0.25, 0.25 ]
        },
        "fixed": {
            "rotation": [ 0, 270, 0 ],
            "translation": [ 0, 2, 0 ],
            "scale": [ 0.6, 0.6, 0.6 ]
        },
        "head": {
            "rotation": [ 0, 270, 0 ],
            "translation": [ 0, 13.9, 0 ],
            "scale": [ 1.21, 1.21, 1.21 ]
        },
        "firstperson_righthand": {
            "rotation": [ 0, 315, 0 ],
            "translation": [ 0, 2.5, 0 ],
            "scale": [ 0.4, 0.4, 0.4 ]
        },
        "thirdperson_righthand": {
            "rotation": [ 75, 315, 0 ],
            "translation": [ 0, 2.5, 0 ],
            "scale": [ 0.375, 0.375, 0.375 ]
        }
    },
    "elements": [
        {
            "name": "1",
            "from": [ 0, 0, 0 ], 
            "to": [ 16, 1, 16 ], 
            "faces": {
                "north": { "texture": "#black_terracotta", "uv": [ 0, 0, 16, 1 ] },
                "east": { "texture": "#black_terracotta", "uv": [ 0, 0, 16, 1 ] },
                "south": { "texture": "#black_terracotta", "uv": [ 0, 0, 16, 1 ] },
                "west": { "texture": "#black_terracotta", "uv": [ 0, 0, 16, 1 ] },
                "up": { "texture": "#black_terracotta", "uv": [ 0, 0, 16, 16 ] },
                "down": { "texture": "#black_terracotta", "uv": [ 0, 0, 16, 16 ] }
            }
        },
        {
            "name": "2",
            "from": [ 2, 1, 2 ], 
            "to": [ 14, 3, 14 ], 
            "faces": {
                "north": { "texture": "#black_terracotta", "uv": [ 0, 0, 12, 2 ] },
                "east": { "texture": "#black_terracotta", "uv": [ 0, 0, 12, 2 ] },
                "south": { "texture": "#black_terracotta", "uv": [ 0, 0, 12, 2 ] },
                "west": { "texture": "#black_terracotta", "uv": [ 0, 0, 12, 2 ] },
                "up": { "texture": "#black_terracotta", "uv": [ 0, 0, 12, 12 ] }
            }
        },
        {
            "name": "3",
            "from": [ 3, 3, 3 ], 
            "to": [ 13, 5, 13 ], 
            "faces": {
                "north": { "texture": "#purple_terracotta", "uv": [ 0, 0, 10, 2 ] },
                "east": { "texture": "#purple_terracotta", "uv": [ 0, 0, 10, 2 ] },
                "south": { "texture": "#purple_terracotta", "uv": [ 0, 0, 10, 2 ] },
                "west": { "texture": "#purple_terracotta", "uv": [ 0, 0, 10, 2 ] },
                "up": { "texture": "#purple_terracotta", "uv": [ 0, 0, 10, 10 ] }
            }
        },
        {
            "name": "4",
            "from": [ 4, 5, 4 ], 
            "to": [ 12, 7, 12 ], 
            "faces": {
                "north": { "texture": "#black_terracotta", "uv": [ 0, 0, 8, 2 ] },
                "east": { "texture": "#black_terracotta", "uv": [ 0, 0, 8, 2 ] },
                "south": { "texture": "#black_terracotta", "uv": [ 0, 0, 8, 2 ] },
                "west": { "texture": "#black_terracotta", "uv": [ 0, 0, 8, 2 ] },
                "up": { "texture": "#black_terracotta", "uv": [ 0, 0, 8, 8 ] }
            }
        },
        {
            "name": "5",
            "from": [ 5, 7, 5 ], 
            "to": [ 11, 9, 11 ], 
            "faces": {
                "north": { "texture": "#black_terracotta", "uv": [ 0, 0, 6, 2 ] },
                "east": { "texture": "#black_terracotta", "uv": [ 0, 0, 6, 2 ] },
                "south": { "texture": "#black_terracotta", "uv": [ 0, 0, 6, 2 ] },
                "west": { "texture": "#black_terracotta", "uv": [ 0, 0, 6, 2 ] },
                "up": { "texture": "#black_terracotta", "uv": [ 0, 0, 6, 6 ] }
            }
        },
        {
            "name": "6",
            "from": [ 6, 9, 6 ], 
            "to": [ 10, 11, 10 ], 
            "faces": {
                "north": { "texture": "#black_terracotta", "uv": [ 0, 0, 4, 2 ] },
                "east": { "texture": "#black_terracotta", "uv": [ 0, 0, 4, 2 ] },
                "south": { "texture": "#black_terracotta", "uv": [ 0, 0, 4, 2 ] },
                "west": { "texture": "#black_terracotta", "uv": [ 0, 0, 4, 2 ] },
                "up": { "texture": "#black_terracotta", "uv": [ 0, 0, 4, 4 ] }
            }
        },
        {
            "name": "7",
            "from": [ 7, 11, 7 ], 
            "to": [ 9, 13, 9 ], 
            "faces": {
                "north": { "texture": "#black_terracotta", "uv": [ 0, 0, 2, 2 ] },
                "east": { "texture": "#black_terracotta", "uv": [ 0, 0, 2, 2 ] },
                "south": { "texture": "#black_terracotta", "uv": [ 0, 0, 2, 2 ] },
                "west": { "texture": "#black_terracotta", "uv": [ 0, 0, 2, 2 ] },
                "up": { "texture": "#black_terracotta", "uv": [ 0, 0, 2, 2 ] }
            }
        },
        {
            "name": "detail",
            "from": [ 2.99, 3, 7 ], 
            "to": [ 3, 5, 9 ], 
            "faces": {
                "north": { "texture": "#gold_block", "uv": [ 0, 0, 0.01, 2 ] },
                "south": { "texture": "#gold_block", "uv": [ 0, 0, 0.01, 2 ] },
                "west": { "texture": "#gold_block", "uv": [ 0, 0, 2, 2 ] },
                "up": { "texture": "#gold_block", "uv": [ 0, 0, 0.01, 2 ] }
            }
        }
    ]
}