{
	"credit": "Made with Blockbench",
	"textures": {
		"0": "new_crossbow/1/1",
		"particle": "new_crossbow/1/1"
	},
	"elements": [
		{
			"name": "a_0",
			"from": [6.4825, 9.24286, 1.15518],
			"to": [8.8825, 10.04286, 11.55518],
			"rotation": {"angle": 0, "axis": "y", "origin": [7.68509, 8.20322, 10.84027]},
			"faces": {
				"north": {"uv": [0, 0, 0.4, 0.8], "texture": "#0"},
				"east": {"uv": [0, 0.8, 10.4, 0], "rotation": 180, "texture": "#0"},
				"south": {"uv": [10, 0, 10.4, 0.8], "texture": "#0"},
				"west": {"uv": [0, 0, 10.4, 0.8], "texture": "#0"},
				"up": {"uv": [10.4, 0, 0, 0.4], "rotation": 270, "texture": "#0"},
				"down": {"uv": [0, 0.4, 10.4, 0.8], "rotation": 270, "texture": "#0"}
			}
		},
		{
			"name": "a_1",
			"from": [6.4825, 8.04286, 11.55518],
			"to": [8.8825, 9.64286, 12.75518],
			"rotation": {"angle": 0, "axis": "y", "origin": [7.68509, 8.20322, 10.84027]},
			"faces": {
				"north": {"uv": [10.4, 0.4, 10.8, 2], "texture": "#0"},
				"east": {"uv": [10.4, 2, 11.6, 0.4], "rotation": 180, "texture": "#0"},
				"south": {"uv": [11.2, 0.4, 11.6, 2], "texture": "#0"},
				"west": {"uv": [10.4, 0.4, 11.6, 2], "texture": "#0"},
				"up": {"uv": [11.6, 0.4, 10.4, 0.8], "rotation": 270, "texture": "#0"},
				"down": {"uv": [10.4, 1.6, 11.6, 2], "rotation": 270, "texture": "#0"}
			}
		},
		{
			"name": "a_2",
			"from": [6.4825, 8.84286, 1.55518],
			"to": [8.8825, 9.24286, 11.55518],
			"rotation": {"angle": 0, "axis": "y", "origin": [7.68509, 8.20322, 10.84027]},
			"faces": {
				"north": {"uv": [0.4, 0.8, 0.8, 1.2], "texture": "#0"},
				"east": {"uv": [0.4, 1.2, 10.4, 0.8], "rotation": 180, "texture": "#0"},
				"south": {"uv": [10, 0.8, 10.4, 1.2], "texture": "#0"},
				"west": {"uv": [0.4, 0.8, 10.4, 1.2], "texture": "#0"},
				"up": {"uv": [10.4, 0.8, 0.4, 1.2], "rotation": 270, "texture": "#0"},
				"down": {"uv": [0.4, 0.8, 10.4, 1.2], "rotation": 270, "texture": "#0"}
			}
		},
		{
			"name": "a_3",
			"from": [6.4825, 7.24286, 12.75518],
			"to": [8.8825, 9.24286, 13.55518],
			"rotation": {"angle": 0, "axis": "y", "origin": [7.68509, 8.20322, 10.84027]},
			"faces": {
				"north": {"uv": [11.6, 0.8, 12, 2.8], "texture": "#0"},
				"east": {"uv": [11.6, 2.8, 12.4, 0.8], "rotation": 180, "texture": "#0"},
				"south": {"uv": [12, 0.8, 12.4, 2.8], "texture": "#0"},
				"west": {"uv": [11.6, 0.8, 12.4, 2.8], "texture": "#0"},
				"up": {"uv": [12.4, 0.8, 11.6, 1.2], "rotation": 270, "texture": "#0"},
				"down": {"uv": [11.6, 2.4, 12.4, 2.8], "rotation": 270, "texture": "#0"}
			}
		},
		{
			"name": "a_4",
			"from": [6.9825, 8.44286, 2.35518],
			"to": [8.3825, 8.84286, 6.35518],
			"rotation": {"angle": 0, "axis": "y", "origin": [7.68509, 8.20322, 10.84027]},
			"faces": {
				"north": {"uv": [1.2, 1.2, 1.6, 1.6], "texture": "#0"},
				"east": {"uv": [1.2, 1.6, 5.2, 1.2], "rotation": 180, "texture": "#0"},
				"south": {"uv": [4.8, 1.2, 5.2, 1.6], "texture": "#0"},
				"west": {"uv": [1.2, 1.2, 5.2, 1.6], "texture": "#0"},
				"up": {"uv": [5.2, 1.2, 1.2, 1.6], "rotation": 270, "texture": "#0"},
				"down": {"uv": [1.2, 1.2, 5.2, 1.6], "rotation": 270, "texture": "#0"}
			}
		},
		{
			"name": "a_5",
			"from": [6.4825, 8.44286, 9.55518],
			"to": [8.8825, 8.84286, 11.55518],
			"rotation": {"angle": 0, "axis": "y", "origin": [7.68509, 8.20322, 10.84027]},
			"faces": {
				"north": {"uv": [8.4, 1.2, 8.8, 1.6], "texture": "#0"},
				"east": {"uv": [8.4, 1.6, 10.4, 1.2], "rotation": 180, "texture": "#0"},
				"south": {"uv": [10, 1.2, 10.4, 1.6], "texture": "#0"},
				"west": {"uv": [8.4, 1.2, 10.4, 1.6], "texture": "#0"},
				"up": {"uv": [10.4, 1.2, 8.4, 1.6], "rotation": 270, "texture": "#0"},
				"down": {"uv": [8.4, 1.2, 10.4, 1.6], "rotation": 270, "texture": "#0"}
			}
		},
		{
			"name": "a_6",
			"from": [6.4825, 6.84286, 13.55518],
			"to": [8.8825, 8.84286, 14.35518],
			"rotation": {"angle": 0, "axis": "y", "origin": [7.68509, 8.20322, 10.84027]},
			"faces": {
				"north": {"uv": [12.4, 1.2, 12.8, 3.2], "texture": "#0"},
				"east": {"uv": [12.4, 3.2, 13.2, 1.2], "rotation": 180, "texture": "#0"},
				"south": {"uv": [12.8, 1.2, 13.2, 3.2], "texture": "#0"},
				"west": {"uv": [12.4, 1.2, 13.2, 3.2], "texture": "#0"},
				"up": {"uv": [13.2, 1.2, 12.4, 1.6], "rotation": 270, "texture": "#0"},
				"down": {"uv": [12.4, 2.8, 13.2, 3.2], "rotation": 270, "texture": "#0"}
			}
		},
		{
			"name": "a_7",
			"from": [6.9825, 7.64286, 10.35518],
			"to": [8.3825, 8.44286, 10.75518],
			"rotation": {"angle": 0, "axis": "y", "origin": [7.68509, 8.20322, 10.84027]},
			"faces": {
				"north": {"uv": [9.2, 1.6, 9.6, 2.4], "texture": "#0"},
				"east": {"uv": [9.2, 2.4, 9.6, 1.6], "rotation": 180, "texture": "#0"},
				"south": {"uv": [9.2, 1.6, 9.6, 2.4], "texture": "#0"},
				"west": {"uv": [9.2, 1.6, 9.6, 2.4], "texture": "#0"},
				"up": {"uv": [9.6, 1.6, 9.2, 2], "rotation": 270, "texture": "#0"},
				"down": {"uv": [9.2, 2, 9.6, 2.4], "rotation": 270, "texture": "#0"}
			}
		},
		{
			"name": "a_8",
			"from": [6.4825, 8.04286, 11.15518],
			"to": [8.8825, 8.44286, 11.55518],
			"rotation": {"angle": 0, "axis": "y", "origin": [7.68509, 8.20322, 10.84027]},
			"faces": {
				"north": {"uv": [10, 1.6, 10.4, 2], "texture": "#0"},
				"east": {"uv": [10, 2, 10.4, 1.6], "rotation": 180, "texture": "#0"},
				"south": {"uv": [10, 1.6, 10.4, 2], "texture": "#0"},
				"west": {"uv": [10, 1.6, 10.4, 2], "texture": "#0"},
				"up": {"uv": [10.4, 1.6, 10, 2], "rotation": 270, "texture": "#0"},
				"down": {"uv": [10, 1.6, 10.4, 2], "rotation": 270, "texture": "#0"}
			}
		},
		{
			"name": "a_9",
			"from": [6.4825, 6.84286, 14.35518],
			"to": [8.8825, 8.44286, 14.75518],
			"rotation": {"angle": 0, "axis": "y", "origin": [7.68509, 8.20322, 10.84027]},
			"faces": {
				"north": {"uv": [13.2, 1.6, 13.6, 3.2], "texture": "#0"},
				"east": {"uv": [13.2, 3.2, 13.6, 1.6], "rotation": 180, "texture": "#0"},
				"south": {"uv": [13.2, 1.6, 13.6, 3.2], "texture": "#0"},
				"west": {"uv": [13.2, 1.6, 13.6, 3.2], "texture": "#0"},
				"up": {"uv": [13.6, 1.6, 13.2, 2], "rotation": 270, "texture": "#0"},
				"down": {"uv": [13.2, 2.8, 13.6, 3.2], "rotation": 270, "texture": "#0"}
			}
		},
		{
			"name": "a_10",
			"from": [6.9825, 7.24286, 10.75518],
			"to": [8.3825, 8.04286, 11.15518],
			"rotation": {"angle": 0, "axis": "y", "origin": [7.68509, 8.20322, 10.84027]},
			"faces": {
				"north": {"uv": [9.6, 2, 10, 2.8], "texture": "#0"},
				"east": {"uv": [9.6, 2.8, 10, 2], "rotation": 180, "texture": "#0"},
				"south": {"uv": [9.6, 2, 10, 2.8], "texture": "#0"},
				"west": {"uv": [9.6, 2, 10, 2.8], "texture": "#0"},
				"up": {"uv": [10, 2, 9.6, 2.4], "rotation": 270, "texture": "#0"},
				"down": {"uv": [9.6, 2.4, 10, 2.8], "rotation": 270, "texture": "#0"}
			}
		},
		{
			"name": "a_11",
			"from": [6.4825, 7.64286, 11.95518],
			"to": [8.8825, 8.04286, 12.75518],
			"rotation": {"angle": 0, "axis": "y", "origin": [7.68509, 8.20322, 10.84027]},
			"faces": {
				"north": {"uv": [10.8, 2, 11.2, 2.4], "texture": "#0"},
				"east": {"uv": [10.8, 2.4, 11.6, 2], "rotation": 180, "texture": "#0"},
				"south": {"uv": [11.2, 2, 11.6, 2.4], "texture": "#0"},
				"west": {"uv": [10.8, 2, 11.6, 2.4], "texture": "#0"},
				"up": {"uv": [11.6, 2, 10.8, 2.4], "rotation": 270, "texture": "#0"},
				"down": {"uv": [10.8, 2, 11.6, 2.4], "rotation": 270, "texture": "#0"}
			}
		},
		{
			"name": "a_12",
			"from": [6.9825, 7.24286, 11.15518],
			"to": [8.3825, 7.64286, 11.95518],
			"rotation": {"angle": 0, "axis": "y", "origin": [7.68509, 8.20322, 10.84027]},
			"faces": {
				"north": {"uv": [10, 2.4, 10.4, 2.8], "texture": "#0"},
				"east": {"uv": [10, 2.8, 10.8, 2.4], "rotation": 180, "texture": "#0"},
				"south": {"uv": [10.4, 2.4, 10.8, 2.8], "texture": "#0"},
				"west": {"uv": [10, 2.4, 10.8, 2.8], "texture": "#0"},
				"up": {"uv": [10.8, 2.4, 10, 2.8], "rotation": 270, "texture": "#0"},
				"down": {"uv": [10, 2.4, 10.8, 2.8], "rotation": 270, "texture": "#0"}
			}
		},
		{
			"name": "a_13",
			"from": [6.4825, 6.84286, 13.15518],
			"to": [8.8825, 7.24286, 13.55518],
			"rotation": {"angle": 0, "axis": "y", "origin": [7.68509, 8.20322, 10.84027]},
			"faces": {
				"north": {"uv": [12, 2.8, 12.4, 3.2], "texture": "#0"},
				"east": {"uv": [12, 3.2, 12.4, 2.8], "rotation": 180, "texture": "#0"},
				"south": {"uv": [12, 2.8, 12.4, 3.2], "texture": "#0"},
				"west": {"uv": [12, 2.8, 12.4, 3.2], "texture": "#0"},
				"up": {"uv": [12.4, 2.8, 12, 3.2], "rotation": 270, "texture": "#0"},
				"down": {"uv": [12, 2.8, 12.4, 3.2], "rotation": 270, "texture": "#0"}
			}
		}
	],
	"display": {
		"thirdperson_righthand": {
			"translation": [0.25, 0, -5.5]
		},
		"firstperson_righthand": {
			"translation": [2.25, 2.75, -0.75]
		},
		"ground": {
			"translation": [0, 2, 0],
			"scale": [0.7, 0.7, 0.7]
		},
		"gui": {
			"rotation": [-90, -126, -90],
			"translation": [0.75, -0.5, 0],
			"scale": [1.51, 1.51, 1.51]
		},
		"head": {
			"rotation": [0, 90, 0],
			"translation": [0, 9.25, 0]
		},
		"fixed": {
			"rotation": [0, 90, 0],
			"translation": [0, -0.5, -1.5],
			"scale": [1.3, 1.3, 1.3]
		}
	},
	"groups": [
		{
			"name": "a",
			"origin": [8, 8, 8],
			"children": [0, 1, 2, 3, 4, 5, 6, 7, 8, 9, 10, 11, 12, 13]
		}
	]
}