{"__comment":"DesignedbySixfootbluewithCubikStudio-https://cubik.studio","textures":{"particle":"itembound:planters/planter_oak","texture":"itembound:planters/planter_oak"},"elements":[{"name":"Box1","from":[0,0,-2],"to":[16,18,0],"faces":{"north":{"uv":[0,7,8,16],"texture":"#texture"},"east":{"uv":[7,7,8,16],"texture":"#texture"},"south":{"uv":[0,7,8,16],"texture":"#texture"},"west":{"uv":[0,7,1,16],"texture":"#texture"},"up":{"uv":[0,1,8,2],"texture":"#texture"},"down":{"uv":[0,2,8,3],"texture":"#texture"}}},{"name":"Box1","from":[16,0,0],"to":[18,18,16],"faces":{"north":{"uv":[8,7,9,16],"texture":"#texture"},"east":{"uv":[8,7,16,16],"texture":"#texture"},"south":{"uv":[15,7,16,16],"texture":"#texture"},"west":{"uv":[8,7,16,16],"texture":"#texture"},"up":{"uv":[8,1,16,2],"rotation":90,"texture":"#texture"},"down":{"uv":[8,2,16,3],"rotation":270,"texture":"#texture"}}},{"name":"Box1","from":[0,0,16],"to":[16,18,18],"faces":{"north":{"uv":[0,7,8,16],"texture":"#texture"},"east":{"uv":[7,7,8,16],"texture":"#texture"},"south":{"uv":[0,7,8,16],"texture":"#texture"},"west":{"uv":[0,7,1,16],"texture":"#texture"},"up":{"uv":[0,1,8,2],"texture":"#texture"},"down":{"uv":[0,2,8,3],"texture":"#texture"}}},{"name":"Box1","from":[-2,0,0],"to":[0,18,16],"faces":{"north":{"uv":[8,7,9,16],"texture":"#texture"},"east":{"uv":[8,7,16,16],"texture":"#texture"},"south":{"uv":[15,7,16,16],"texture":"#texture"},"west":{"uv":[8,7,16,16],"texture":"#texture"},"up":{"uv":[8,1,16,2],"rotation":90,"texture":"#texture"},"down":{"uv":[8,2,16,3],"rotation":270,"texture":"#texture"}}}],"display":{"thirdperson_righthand":{"rotation":[75,45,0],"translation":[0,2.5,0],"scale":[0.375,0.375,0.375]},"thirdperson_lefthand":{"rotation":[75,45,0],"translation":[0,2.5,0],"scale":[0.375,0.375,0.375]},"firstperson_righthand":{"rotation":[0,45,0],"scale":[0.4,0.4,0.4]},"firstperson_lefthand":{"rotation":[0,45,0],"scale":[0.4,0.4,0.4]},"ground":{"translation":[0,2,0],"scale":[0.5,0.5,0.5]},"gui":{"rotation":[30,225,0],"scale":[0.5,0.5,0.5]},"head":{"translation":[0,-30.4,-25.7],"scale":[1.6,1.6,1.6]},"fixed":{"translation":[0,0,18],"scale":[1.99,1.99,1.99]}}}