{
"ambientocclusion": false,
    "textures": {
        "particle": "blocks/trip_wire",
        "0": "blocks/tripwire"
    },
    "elements": [
        {
            "name": "Cube",
            "from": [ 13.399999991059303, 3.19999997317791, 2.199999988079071 ], 
            "to": [ 13.999999985098839, 3.7999999672174454, 13.799999967217445 ], 
            "rotation": { "origin": [ 8.0, 8.0, 8.0 ], "axis": "y", "angle": 45.0 },
            "faces": {
                "north": { "texture": "#0", "uv": [ 0.0, 1.0, 0.3999999910593033, 1.3999999910593033 ] },
                "east": { "texture": "#0", "uv": [ 0.0, 0.8, 15.999999976158138, 2.799999991059302 ] },
                "south": { "texture": "#0", "uv": [ 0.0, 1.0, 0.3999999910593033, 1.3999999910593033 ] },
                "west": { "texture": "#0", "uv": [ 0.0, 0.7999999999999999, 15.999999976158138, 2.7999999910593036 ] },
                "up": { "texture": "#0", "uv": [ 0.0, 6.0, 15.9999999910593, 4.99999997615814 ] },
                "down": { "texture": "#0", "uv": [ 0.0, 6.0, 15.9999999910593, 4.9999999761581435 ] }
            }
        }
    ]
}
