{
"ambientocclusion": false,
    "textures": {
        "particle": "blocks/trip_wire",
        "0": "blocks/tripwire"
    },
    "elements": [
        {
            "name": "Cube",
            "from": [ 7.700000010430813, 3.2000000029802322, 0.0 ], 
            "to": [ 8.300000004470348, 3.7999999970197678, 16.0 ], 
            "faces": {
                "north": { "texture": "#0", "uv": [ 0.0, 0.0, 0.3999999910593033, 0.3999999910593033 ] },
                "east": { "texture": "#0", "uv": [ 0.0, 0.0, 16.0, 0.3999999910593033 ] },
                "south": { "texture": "#0", "uv": [ 0.0, 0.0, 0.3999999910593033, 0.3999999910593033 ] },
                "west": { "texture": "#0", "uv": [ 0.0, 0.0, 16.0, 0.3999999910593033 ] },
                "up": { "texture": "#0", "uv": [ 0.0, 0.0, 0.3999999910593033, 16.0 ] },
                "down": { "texture": "#0", "uv": [ 0.0, 0.0, 0.3999999910593033, 16.0 ] }
            }
        }
    ]
}
