{
"ambientocclusion": false,
    "textures": {
        "particle": "blocks/trip_wire",
        "0": "blocks/tripwire"
    },
    "elements": [
        {
            "name": "Cube",
            "from": [ 7.700000010430813, 3.2000000029802322, 0.0 ], 
            "to": [ 8.300000004470348, 3.7999999970197678, 16.0 ], 
            "faces": {
                "north": { "texture": "#0", "uv": [ 0.0, 0.0, 0.5999999940395355, 0.5999999940395355 ] },
                "east": { "texture": "#0", "uv": [ 0.0, 0.0, 16.0, 0.5999999940395355 ] },
                "south": { "texture": "#0", "uv": [ 0.0, 0.0, 0.5999999940395355, 0.5999999940395355 ] },
                "west": { "texture": "#0", "uv": [ 0.0, 0.0, 16.0, 0.5999999940395355 ] },
                "up": { "texture": "#0", "uv": [ 0.0, 0.0, 0.5999999940395355, 16.0 ] },
                "down": { "texture": "#0", "uv": [ 0.0, 0.0, 0.5999999940395355, 16.0 ] }
            }
        },
        {
            "name": "Cube",
            "from": [ 0.0, 3.199999988079071, 7.699999995529652 ], 
            "to": [ 15.999999985098839, 3.7999999821186066, 8.299999989569187 ], 
            "faces": {
                "north": { "texture": "#0", "uv": [ 0.0, 0.0, 15.999999985098839, 0.5999999940395355 ] },
                "east": { "texture": "#0", "uv": [ 0.0, 0.0, 0.5999999940395355, 0.5999999940395355 ] },
                "south": { "texture": "#0", "uv": [ 0.0, 0.0, 15.999999985098839, 0.5999999940395355 ] },
                "west": { "texture": "#0", "uv": [ 0.0, 0.0, 0.5999999940395355, 0.5999999940395355 ] },
                "up": { "texture": "#0", "uv": [ 0.0, 0.0, 15.999999985098839, 0.5999999940395355 ] },
                "down": { "texture": "#0", "uv": [ 0.0, 0.0, 15.999999985098839, 0.5999999940395355 ] }
            }
        }
    ]
}
