{"parent":"minecraft:item/handheld","textures":{"layer0":"minecraft:item/diamond_shovel"},"overrides":[{"predicate":{"custom_model_data":1},"model":"itemsadder:auto_generated/ruby_shovel"},{"predicate":{"custom_model_data":2},"model":"itemsadder:auto_generated/spinel_shovel"},{"predicate":{"custom_model_data":3},"model":"itemsadder:auto_generated/turquoise_shovel"},{"predicate":{"custom_model_data":4},"model":"itemsadder:auto_generated/aqua_aura_shovel"},{"predicate":{"custom_model_data":5},"model":"itemsadder:auto_generated/amethyst_shovel"},{"predicate":{"custom_model_data":6},"model":"itemsadder:auto_generated/bronze_shovel"},{"predicate":{"custom_model_data":7},"model":"minecraft:item/diamond_shovel"}]}