{"parent":"item/handheld_rod","textures":{"layer0":"item/fishing_rod"},"overrides":[{"predicate":{"cast":1},"model":"item/fishing_rod_cast"},{"predicate":{"custom_model_data":1},"model":"itemsadder:auto_generated/black_fishing_rod"},{"predicate":{"cast":1,"custom_model_data":1},"model":"itemsadder:auto_generated/black_fishing_rod_cast"},{"predicate":{"custom_model_data":2},"model":"itemsadder:auto_generated/red_fishing_rod"},{"predicate":{"cast":1,"custom_model_data":2},"model":"itemsadder:auto_generated/red_fishing_rod_cast"},{"predicate":{"custom_model_data":3},"model":"itemsadder:auto_generated/green_fishing_rod"},{"predicate":{"cast":1,"custom_model_data":3},"model":"itemsadder:auto_generated/green_fishing_rod_cast"},{"predicate":{"custom_model_data":4},"model":"itemsadder:auto_generated/blue_fishing_rod"},{"predicate":{"cast":1,"custom_model_data":4},"model":"itemsadder:auto_generated/blue_fishing_rod_cast"},{"predicate":{"custom_model_data":5},"model":"itemsadder:auto_generated/purple_fishing_rod"},{"predicate":{"cast":1,"custom_model_data":5},"model":"itemsadder:auto_generated/purple_fishing_rod_cast"},{"predicate":{"custom_model_data":6},"model":"itemsadder:auto_generated/cyan_fishing_rod"},{"predicate":{"cast":1,"custom_model_data":6},"model":"itemsadder:auto_generated/cyan_fishing_rod_cast"},{"predicate":{"custom_model_data":7},"model":"minecraft:item/fishing_rod"}]}