{"parent":"minecraft:item/handheld","textures":{"layer0":"minecraft:item/iron_sword"},"overrides":[{"predicate":{"custom_model_data":1},"model":"itemsadder:auto_generated/philosopher_stone"},{"predicate":{"custom_model_data":2},"model":"itemsadder:auto_generated/sweet_berries_jam_jar"},{"predicate":{"custom_model_data":3},"model":"itemsadder:auto_generated/pear_jam_jar"},{"predicate":{"custom_model_data":4},"model":"itemsadder:auto_generated/apple_jam_jar"},{"predicate":{"custom_model_data":5},"model":"itemsadder:auto_generated/healing_crystals"},{"predicate":{"custom_model_data":6},"model":"minecraft:item/iron_sword"}]}