{"parent":"minecraft:block/oak_planks","overrides":[{"predicate":{"custom_model_data":1},"model":"forestry:auto_generated/avocado_planks"},{"predicate":{"custom_model_data":2},"model":"forestry:auto_generated/banana_planks"},{"predicate":{"custom_model_data":3},"model":"forestry:auto_generated/cherry_planks"},{"predicate":{"custom_model_data":4},"model":"forestry:auto_generated/decaying_planks"},{"predicate":{"custom_model_data":5},"model":"forestry:auto_generated/dragonfruit_planks"},{"predicate":{"custom_model_data":6},"model":"forestry:auto_generated/guava_planks"},{"predicate":{"custom_model_data":7},"model":"forestry:auto_generated/lemon_planks"},{"predicate":{"custom_model_data":8},"model":"forestry:auto_generated/lime_planks"},{"predicate":{"custom_model_data":9},"model":"forestry:auto_generated/mango_planks"},{"predicate":{"custom_model_data":10},"model":"forestry:auto_generated/maple_planks"},{"predicate":{"custom_model_data":11},"model":"forestry:auto_generated/nut_planks"},{"predicate":{"custom_model_data":12},"model":"forestry:auto_generated/olive_planks"},{"predicate":{"custom_model_data":13},"model":"forestry:auto_generated/orange_planks"},{"predicate":{"custom_model_data":14},"model":"forestry:auto_generated/palm_planks"},{"predicate":{"custom_model_data":15},"model":"forestry:auto_generated/passionfruit_planks"},{"predicate":{"custom_model_data":16},"model":"forestry:auto_generated/peach_planks"},{"predicate":{"custom_model_data":17},"model":"forestry:auto_generated/plum_planks"},{"predicate":{"custom_model_data":18},"model":"forestry:auto_generated/prune_planks"},{"predicate":{"custom_model_data":19},"model":"blockus:auto_generated/bamboo_planks"},{"predicate":{"custom_model_data":20},"model":"blockus:auto_generated/charred_planks"},{"predicate":{"custom_model_data":21},"model":"blockus:auto_generated/white_oak_planks"},{"predicate":{"custom_model_data":22},"model":"blockus:auto_generated/acacia_barrel"},{"predicate":{"custom_model_data":23},"model":"blockus:auto_generated/bamboo_barrel"},{"predicate":{"custom_model_data":24},"model":"blockus:auto_generated/birch_barrel"},{"predicate":{"custom_model_data":25},"model":"blockus:auto_generated/charred_barrel"},{"predicate":{"custom_model_data":26},"model":"blockus:auto_generated/crimson_barrel"},{"predicate":{"custom_model_data":27},"model":"blockus:auto_generated/dark_oak_barrel"},{"predicate":{"custom_model_data":28},"model":"blockus:auto_generated/jungle_barrel"},{"predicate":{"custom_model_data":29},"model":"blockus:auto_generated/oak_barrel"},{"predicate":{"custom_model_data":30},"model":"blockus:auto_generated/warped_barrel"},{"predicate":{"custom_model_data":31},"model":"blockus:auto_generated/white_oak_barrel"},{"predicate":{"custom_model_data":32},"model":"blockus:auto_generated/acacia_timber_frame"},{"predicate":{"custom_model_data":33},"model":"blockus:auto_generated/bamboo_timber_frame"},{"predicate":{"custom_model_data":34},"model":"blockus:auto_generated/birch_timber_frame"},{"predicate":{"custom_model_data":35},"model":"blockus:auto_generated/charred_timber_frame"},{"predicate":{"custom_model_data":36},"model":"blockus:auto_generated/crimson_timber_frame"},{"predicate":{"custom_model_data":37},"model":"blockus:auto_generated/dark_oak_timber_frame"},{"predicate":{"custom_model_data":38},"model":"blockus:auto_generated/jungle_timber_frame"},{"predicate":{"custom_model_data":39},"model":"blockus:auto_generated/oak_timber_frame"},{"predicate":{"custom_model_data":40},"model":"blockus:auto_generated/spruce_timber_frame"},{"predicate":{"custom_model_data":41},"model":"blockus:auto_generated/white_oak_timber_frame"},{"predicate":{"custom_model_data":42},"model":"blockus:auto_generated/warped_timber_frame"},{"predicate":{"custom_model_data":43},"model":"blockus:auto_generated/wooden_frame"},{"predicate":{"custom_model_data":44},"model":"blockus:auto_generated/apple_crate"},{"predicate":{"custom_model_data":45},"model":"blockus:auto_generated/beetroot_crate"},{"predicate":{"custom_model_data":46},"model":"blockus:auto_generated/carrot_crate"},{"predicate":{"custom_model_data":47},"model":"blockus:auto_generated/sweet_berries_crate"},{"predicate":{"custom_model_data":48},"model":"blockus:auto_generated/cod_crate"},{"predicate":{"custom_model_data":49},"model":"blockus:auto_generated/golden_apple_crate"},{"predicate":{"custom_model_data":50},"model":"blockus:auto_generated/golden_carrot_crate"},{"predicate":{"custom_model_data":51},"model":"blockus:auto_generated/potato_crate"},{"predicate":{"custom_model_data":52},"model":"blockus:auto_generated/tropical_fish_crate"},{"predicate":{"custom_model_data":53},"model":"blockus:auto_generated/salmon_crate"},{"predicate":{"custom_model_data":54},"model":"blockus:auto_generated/pufferfish_crate"},{"predicate":{"custom_model_data":55},"model":"blockus:auto_generated/acacia_small_logs"},{"predicate":{"custom_model_data":56},"model":"blockus:auto_generated/birch_small_logs"},{"predicate":{"custom_model_data":57},"model":"blockus:auto_generated/crimson_small_stems"},{"predicate":{"custom_model_data":58},"model":"blockus:auto_generated/dark_oak_small_logs"},{"predicate":{"custom_model_data":59},"model":"blockus:auto_generated/jungle_small_logs"},{"predicate":{"custom_model_data":60},"model":"blockus:auto_generated/oak_small_logs"},{"predicate":{"custom_model_data":61},"model":"blockus:auto_generated/spruce_small_logs"},{"predicate":{"custom_model_data":62},"model":"blockus:auto_generated/warped_small_stems"},{"predicate":{"custom_model_data":63},"model":"blockus:auto_generated/white_oak_small_logs"},{"predicate":{"custom_model_data":64},"model":"blockus:auto_generated/blaze_pillar"},{"predicate":{"custom_model_data":65},"model":"blockus:auto_generated/blue_glazed_terracotta_pillar"},{"predicate":{"custom_model_data":66},"model":"blockus:auto_generated/bluestone_pillar"},{"predicate":{"custom_model_data":67},"model":"blockus:auto_generated/brown_glazed_terracotta_pillar"},{"predicate":{"custom_model_data":68},"model":"blockus:auto_generated/charred_nether_pillar"},{"predicate":{"custom_model_data":69},"model":"blockus:auto_generated/cyan_glazed_terracotta_pillar"},{"predicate":{"custom_model_data":70},"model":"blockus:auto_generated/end_stone_pillar"},{"predicate":{"custom_model_data":71},"model":"blockus:auto_generated/gray_glazed_terracotta_pillar"},{"predicate":{"custom_model_data":72},"model":"blockus:auto_generated/green_glazed_terracotta_pillar"},{"predicate":{"custom_model_data":73},"model":"blockus:auto_generated/light_blue_glazed_terracotta_pillar"},{"predicate":{"custom_model_data":74},"model":"blockus:auto_generated/light_gray_glazed_terracotta_pillar"},{"predicate":{"custom_model_data":75},"model":"blockus:auto_generated/lime_glazed_terracotta_pillar"},{"predicate":{"custom_model_data":76},"model":"blockus:auto_generated/limestone_pillar"},{"predicate":{"custom_model_data":77},"model":"blockus:auto_generated/magenta_glazed_terracotta_pillar"},{"predicate":{"custom_model_data":78},"model":"blockus:auto_generated/marble_pillar"},{"predicate":{"custom_model_data":79},"model":"blockus:auto_generated/nether_pillar"},{"predicate":{"custom_model_data":80},"model":"blockus:auto_generated/obsidian_pillar"},{"predicate":{"custom_model_data":81},"model":"blockus:auto_generated/orange_glazed_terracotta_pillar"},{"predicate":{"custom_model_data":82},"model":"blockus:auto_generated/pink_glazed_terracotta_pillar"},{"predicate":{"custom_model_data":83},"model":"blockus:auto_generated/polished_andesite_pillar"},{"predicate":{"custom_model_data":84},"model":"blockus:auto_generated/polished_blackstone_pillar"},{"predicate":{"custom_model_data":85},"model":"blockus:auto_generated/polished_diorite_pillar"},{"predicate":{"custom_model_data":86},"model":"blockus:auto_generated/polished_granite_pillar"},{"predicate":{"custom_model_data":87},"model":"blockus:auto_generated/purpleglazedterracottapillar"},{"predicate":{"custom_model_data":88},"model":"blockus:auto_generated/red_glazed_terracotta_pillar"},{"predicate":{"custom_model_data":89},"model":"blockus:auto_generated/red_nether_pillar"},{"predicate":{"custom_model_data":90},"model":"blockus:auto_generated/stone_bricks_pillar"},{"predicate":{"custom_model_data":91},"model":"blockus:auto_generated/teal_nether_pillar"},{"predicate":{"custom_model_data":92},"model":"blockus:auto_generated/white_glazed_terracotta_pillar"},{"predicate":{"custom_model_data":93},"model":"blockus:auto_generated/yellow_glazed_terracotta_pillar"},{"predicate":{"custom_model_data":94},"model":"blockus:auto_generated/asphalt"},{"predicate":{"custom_model_data":95},"model":"blockus:auto_generated/blue_asphalt"},{"predicate":{"custom_model_data":96},"model":"blockus:auto_generated/brown_asphalt"},{"predicate":{"custom_model_data":97},"model":"blockus:auto_generated/cyan_asphalt"},{"predicate":{"custom_model_data":98},"model":"blockus:auto_generated/gray_asphalt"},{"predicate":{"custom_model_data":99},"model":"blockus:auto_generated/green_asphalt"},{"predicate":{"custom_model_data":100},"model":"blockus:auto_generated/light_blue_asphalt"},{"predicate":{"custom_model_data":101},"model":"blockus:auto_generated/light_gray_asphalt"},{"predicate":{"custom_model_data":102},"model":"blockus:auto_generated/lime_asphalt"},{"predicate":{"custom_model_data":103},"model":"blockus:auto_generated/magenta_asphalt"},{"predicate":{"custom_model_data":104},"model":"blockus:auto_generated/orange_asphalt"},{"predicate":{"custom_model_data":105},"model":"blockus:auto_generated/pink_asphalt"},{"predicate":{"custom_model_data":106},"model":"blockus:auto_generated/purple_asphalt"},{"predicate":{"custom_model_data":107},"model":"blockus:auto_generated/red_asphalt"},{"predicate":{"custom_model_data":108},"model":"blockus:auto_generated/white_asphalt"},{"predicate":{"custom_model_data":109},"model":"blockus:auto_generated/yellow_asphalt"},{"predicate":{"custom_model_data":110},"model":"blockus:auto_generated/black_futurneo_block"},{"predicate":{"custom_model_data":111},"model":"blockus:auto_generated/blue_futurneo_block"},{"predicate":{"custom_model_data":112},"model":"blockus:auto_generated/brown_futurneo_block"},{"predicate":{"custom_model_data":113},"model":"blockus:auto_generated/cyan_futurneo_block"},{"predicate":{"custom_model_data":114},"model":"blockus:auto_generated/gray_bright_futurneo_block"},{"predicate":{"custom_model_data":115},"model":"blockus:auto_generated/gray_futurneo_block"},{"predicate":{"custom_model_data":116},"model":"blockus:auto_generated/green_futurneo_block"},{"predicate":{"custom_model_data":117},"model":"blockus:auto_generated/light_blue_futurneo_block"},{"predicate":{"custom_model_data":118},"model":"blockus:auto_generated/light_gray_futurneo_block"},{"predicate":{"custom_model_data":119},"model":"blockus:auto_generated/lime_futurneo_block"},{"predicate":{"custom_model_data":120},"model":"blockus:auto_generated/magenta_futurneo_block"},{"predicate":{"custom_model_data":121},"model":"blockus:auto_generated/orange_futurneo_block"},{"predicate":{"custom_model_data":122},"model":"blockus:auto_generated/pink_futurneo_block"},{"predicate":{"custom_model_data":123},"model":"blockus:auto_generated/purple_futurneo_block"},{"predicate":{"custom_model_data":124},"model":"blockus:auto_generated/red_futurneo_block"},{"predicate":{"custom_model_data":125},"model":"blockus:auto_generated/white_futurneo_block"},{"predicate":{"custom_model_data":126},"model":"blockus:auto_generated/yellow_futurneo_block"},{"predicate":{"custom_model_data":127},"model":"blockus:auto_generated/black_blue_colored_tiles"},{"predicate":{"custom_model_data":128},"model":"blockus:auto_generated/black_gray_colored_tiles"},{"predicate":{"custom_model_data":129},"model":"blockus:auto_generated/black_red_colored_tiles"},{"predicate":{"custom_model_data":130},"model":"blockus:auto_generated/black_white_colored_tiles"},{"predicate":{"custom_model_data":131},"model":"blockus:auto_generated/blue_cyan_colored_tiles"},{"predicate":{"custom_model_data":132},"model":"blockus:auto_generated/bluestone_tiles"},{"predicate":{"custom_model_data":133},"model":"blockus:auto_generated/green_brown_colored_tiles"},{"predicate":{"custom_model_data":134},"model":"blockus:auto_generated/green_orange_colored_tiles"},{"predicate":{"custom_model_data":135},"model":"blockus:auto_generated/light_blue_white_colored_tiles"},{"predicate":{"custom_model_data":136},"model":"blockus:auto_generated/light_blue_yellow_colored_tiles"},{"predicate":{"custom_model_data":137},"model":"blockus:auto_generated/lime_yellow_colored_tiles"},{"predicate":{"custom_model_data":138},"model":"blockus:auto_generated/magenta_black_colored_tiles"},{"predicate":{"custom_model_data":139},"model":"blockus:auto_generated/pink_magenta_colored_tiles"},{"predicate":{"custom_model_data":140},"model":"blockus:auto_generated/purple_blue_colored_tiles"},{"predicate":{"custom_model_data":141},"model":"blockus:auto_generated/purple_orange_colored_tiles"},{"predicate":{"custom_model_data":142},"model":"blockus:auto_generated/red_blue_colored_tiles"},{"predicate":{"custom_model_data":143},"model":"blockus:auto_generated/red_white_colored_tiles"},{"predicate":{"custom_model_data":144},"model":"blockus:auto_generated/zigzagged_andesite"},{"predicate":{"custom_model_data":145},"model":"blockus:auto_generated/zigzagged_bricks"},{"predicate":{"custom_model_data":146},"model":"blockus:auto_generated/zigzagged_charred_nether_bricks"},{"predicate":{"custom_model_data":147},"model":"blockus:auto_generated/zigzagged_diorite"},{"predicate":{"custom_model_data":148},"model":"blockus:auto_generated/zigzagged_end_stone_bricks"},{"predicate":{"custom_model_data":149},"model":"blockus:auto_generated/zigzagged_granite"},{"predicate":{"custom_model_data":150},"model":"blockus:auto_generated/zigzagged_nether_bricks"},{"predicate":{"custom_model_data":151},"model":"blockus:auto_generated/zigzagged_polished_blackstone"},{"predicate":{"custom_model_data":152},"model":"blockus:auto_generated/zigzagged_red_nether_bricks"},{"predicate":{"custom_model_data":153},"model":"blockus:auto_generated/zigzagged_stone_bricks"},{"predicate":{"custom_model_data":154},"model":"blockus:auto_generated/zigzagged_teal_nether_bricks"},{"predicate":{"custom_model_data":155},"model":"blockus:auto_generated/chiseled_andesite_bricks"},{"predicate":{"custom_model_data":156},"model":"blockus:auto_generated/chiseled_bluestone"},{"predicate":{"custom_model_data":157},"model":"blockus:auto_generated/chiseled_diorite_bricks"},{"predicate":{"custom_model_data":158},"model":"blockus:auto_generated/chiseled_end_stone_bricks"},{"predicate":{"custom_model_data":159},"model":"blockus:auto_generated/chiseled_granite_bricks"},{"predicate":{"custom_model_data":160},"model":"blockus:auto_generated/chiseled_limestone"},{"predicate":{"custom_model_data":161},"model":"blockus:auto_generated/chiseled_marble"},{"predicate":{"custom_model_data":162},"model":"blockus:auto_generated/chiseled_marble_pillar"},{"predicate":{"custom_model_data":163},"model":"blockus:auto_generated/chiseled_purpur"},{"predicate":{"custom_model_data":164},"model":"blockus:auto_generated/chiseled_soul_sandstone"},{"predicate":{"custom_model_data":165},"model":"blockus:auto_generated/black_stone_bricks"},{"predicate":{"custom_model_data":166},"model":"blockus:auto_generated/blue_stone_bricks"},{"predicate":{"custom_model_data":167},"model":"blockus:auto_generated/brown_stone_bricks"},{"predicate":{"custom_model_data":168},"model":"blockus:auto_generated/cracked_end_stone_bricks"},{"predicate":{"custom_model_data":169},"model":"blockus:auto_generated/cyan_stone_bricks"},{"predicate":{"custom_model_data":170},"model":"blockus:auto_generated/gray_stone_bricks"},{"predicate":{"custom_model_data":171},"model":"blockus:auto_generated/green_stone_bricks"},{"predicate":{"custom_model_data":172},"model":"blockus:auto_generated/light_blue_stone_bricks"},{"predicate":{"custom_model_data":173},"model":"blockus:auto_generated/lime_stone_bricks"},{"predicate":{"custom_model_data":174},"model":"blockus:auto_generated/magenta_stone_bricks"},{"predicate":{"custom_model_data":175},"model":"blockus:auto_generated/orange_stone_bricks"},{"predicate":{"custom_model_data":176},"model":"blockus:auto_generated/pink_stone_bricks"},{"predicate":{"custom_model_data":177},"model":"blockus:auto_generated/purple_stone_bricks"},{"predicate":{"custom_model_data":178},"model":"blockus:auto_generated/red_stone_bricks"},{"predicate":{"custom_model_data":179},"model":"blockus:auto_generated/white_stone_bricks"},{"predicate":{"custom_model_data":180},"model":"blockus:auto_generated/yellow_stone_bricks"},{"predicate":{"custom_model_data":181},"model":"blockus:auto_generated/andesite_bricks"},{"predicate":{"custom_model_data":182},"model":"blockus:auto_generated/bluestone_bricks"},{"predicate":{"custom_model_data":183},"model":"blockus:auto_generated/bluestone_little_bricks"},{"predicate":{"custom_model_data":184},"model":"blockus:auto_generated/charred_bricks"},{"predicate":{"custom_model_data":185},"model":"blockus:auto_generated/charred_nether_bricks"},{"predicate":{"custom_model_data":186},"model":"blockus:auto_generated/cracked_andesite_bricks"},{"predicate":{"custom_model_data":187},"model":"blockus:auto_generated/cracked_diorite_bricks"},{"predicate":{"custom_model_data":188},"model":"blockus:auto_generated/cracked_granite_bricks"},{"predicate":{"custom_model_data":189},"model":"blockus:auto_generated/crimson_warty_blackstone_bricks"},{"predicate":{"custom_model_data":190},"model":"blockus:auto_generated/diorite_bricks"},{"predicate":{"custom_model_data":191},"model":"blockus:auto_generated/granite_bricks"},{"predicate":{"custom_model_data":192},"model":"blockus:auto_generated/honeycomb_bricks"},{"predicate":{"custom_model_data":193},"model":"blockus:auto_generated/large_bricks"},{"predicate":{"custom_model_data":194},"model":"blockus:auto_generated/limestone_bricks"},{"predicate":{"custom_model_data":195},"model":"blockus:auto_generated/marble_bricks"},{"predicate":{"custom_model_data":196},"model":"blockus:auto_generated/obsidian_bricks"},{"predicate":{"custom_model_data":197},"model":"blockus:auto_generated/purpur_bricks"},{"predicate":{"custom_model_data":198},"model":"blockus:auto_generated/purpur_little_bricks"},{"predicate":{"custom_model_data":199},"model":"blockus:auto_generated/quartz_bricks"},{"predicate":{"custom_model_data":200},"model":"blockus:auto_generated/red_nether_bricks"},{"predicate":{"custom_model_data":201},"model":"blockus:auto_generated/red_sandstone_bricks"},{"predicate":{"custom_model_data":202},"model":"blockus:auto_generated/sandstone_bricks"},{"predicate":{"custom_model_data":203},"model":"blockus:auto_generated/sandy_bricks"},{"predicate":{"custom_model_data":204},"model":"blockus:auto_generated/small_red_sandstone_bricks"},{"predicate":{"custom_model_data":205},"model":"blockus:auto_generated/small_sandstone_bricks"},{"predicate":{"custom_model_data":206},"model":"blockus:auto_generated/small_soul_sandstone_bricks"},{"predicate":{"custom_model_data":207},"model":"blockus:auto_generated/smooth_charred_nether_bricks"},{"predicate":{"custom_model_data":208},"model":"blockus:auto_generated/smooth_nether_bricks"},{"predicate":{"custom_model_data":209},"model":"blockus:auto_generated/smooth_red_nether_bricks"},{"predicate":{"custom_model_data":210},"model":"blockus:auto_generated/smooth_teal_nether_bricks"},{"predicate":{"custom_model_data":211},"model":"blockus:auto_generated/soaked_bricks"},{"predicate":{"custom_model_data":212},"model":"blockus:auto_generated/soul_sandstone_bricks"},{"predicate":{"custom_model_data":213},"model":"blockus:auto_generated/teal_nether_bricks"},{"predicate":{"custom_model_data":214},"model":"blockus:auto_generated/warped_warty_blackstone_bricks"},{"predicate":{"custom_model_data":215},"model":"blockus:auto_generated/andesite_circle_pavement"},{"predicate":{"custom_model_data":216},"model":"blockus:auto_generated/diorite_circle_pavement"},{"predicate":{"custom_model_data":217},"model":"blockus:auto_generated/granite_circle_pavement"},{"predicate":{"custom_model_data":218},"model":"blockus:auto_generated/limestone_circle_pavement"},{"predicate":{"custom_model_data":219},"model":"blockus:auto_generated/marble_circle_pavement"},{"predicate":{"custom_model_data":220},"model":"blockus:auto_generated/netherrack_circle_pavement"},{"predicate":{"custom_model_data":221},"model":"blockus:auto_generated/obsidian_circle_pavement"},{"predicate":{"custom_model_data":222},"model":"blockus:auto_generated/polished_blackstone_circle_pavement"},{"predicate":{"custom_model_data":223},"model":"blockus:auto_generated/prismarine_circle_pavement"},{"predicate":{"custom_model_data":224},"model":"blockus:auto_generated/quartz_circle_pavement"},{"predicate":{"custom_model_data":225},"model":"blockus:auto_generated/stone_circle_pavement"},{"predicate":{"custom_model_data":226},"model":"blockus:auto_generated/black_shingles"},{"predicate":{"custom_model_data":227},"model":"blockus:auto_generated/blue_shingles"},{"predicate":{"custom_model_data":228},"model":"blockus:auto_generated/brown_shingles"},{"predicate":{"custom_model_data":229},"model":"blockus:auto_generated/cyan_shingles"},{"predicate":{"custom_model_data":230},"model":"blockus:auto_generated/gray_shingles"},{"predicate":{"custom_model_data":231},"model":"blockus:auto_generated/green_shingles"},{"predicate":{"custom_model_data":232},"model":"blockus:auto_generated/light_blue_shingles"},{"predicate":{"custom_model_data":233},"model":"blockus:auto_generated/light_gray_shingles"},{"predicate":{"custom_model_data":234},"model":"blockus:auto_generated/lime_shingles"},{"predicate":{"custom_model_data":235},"model":"blockus:auto_generated/magenta_shingles"},{"predicate":{"custom_model_data":236},"model":"blockus:auto_generated/orange_shingles"},{"predicate":{"custom_model_data":237},"model":"blockus:auto_generated/pink_shingles"},{"predicate":{"custom_model_data":238},"model":"blockus:auto_generated/purple_shingles"},{"predicate":{"custom_model_data":239},"model":"blockus:auto_generated/red_shingles"},{"predicate":{"custom_model_data":240},"model":"blockus:auto_generated/white_shingles"},{"predicate":{"custom_model_data":241},"model":"blockus:auto_generated/yellow_shingles"},{"predicate":{"custom_model_data":242},"model":"blockus:auto_generated/shingles"},{"predicate":{"custom_model_data":243},"model":"blockus:auto_generated/bluestone_lines"},{"predicate":{"custom_model_data":244},"model":"blockus:auto_generated/bluestone_squares"},{"predicate":{"custom_model_data":245},"model":"blockus:auto_generated/burned_paper_block"},{"predicate":{"custom_model_data":246},"model":"blockus:auto_generated/caution_block"},{"predicate":{"custom_model_data":247},"model":"blockus:auto_generated/companion_cube"},{"predicate":{"custom_model_data":248},"model":"blockus:auto_generated/cookie_block"},{"predicate":{"custom_model_data":249},"model":"blockus:auto_generated/cut_soul_sandstone"},{"predicate":{"custom_model_data":250},"model":"blockus:auto_generated/ender_block"},{"predicate":{"custom_model_data":251},"model":"blockus:auto_generated/iron_plating"},{"predicate":{"custom_model_data":252},"model":"blockus:auto_generated/love_block"},{"predicate":{"custom_model_data":253},"model":"blockus:auto_generated/membrane_block"},{"predicate":{"custom_model_data":254},"model":"blockus:auto_generated/paper_block"},{"predicate":{"custom_model_data":255},"model":"blockus:auto_generated/paper_wall"},{"predicate":{"custom_model_data":256},"model":"blockus:auto_generated/polished_end_stone"},{"predicate":{"custom_model_data":257},"model":"blockus:auto_generated/polished_netherrack"},{"predicate":{"custom_model_data":258},"model":"blockus:auto_generated/purpur_lines"},{"predicate":{"custom_model_data":259},"model":"blockus:auto_generated/purpur_squares"},{"predicate":{"custom_model_data":260},"model":"blockus:auto_generated/redstone_sand"},{"predicate":{"custom_model_data":261},"model":"blockus:auto_generated/road_barrier"},{"predicate":{"custom_model_data":262},"model":"blockus:auto_generated/rotten_flesh_block"},{"predicate":{"custom_model_data":263},"model":"blockus:auto_generated/smooth_bluestone"},{"predicate":{"custom_model_data":264},"model":"blockus:auto_generated/smoothpurpur"},{"predicate":{"custom_model_data":265},"model":"blockus:auto_generated/sugar_block"},{"predicate":{"custom_model_data":266},"model":"blockus:auto_generated/thatch"},{"predicate":{"custom_model_data":267},"model":"blockus:auto_generated/weight_storage_cube"},{"predicate":{"custom_model_data":268},"model":"blockus:auto_generated/white_oak_leaves"},{"predicate":{"custom_model_data":269},"model":"blockus:auto_generated/bread_box"},{"predicate":{"custom_model_data":270},"model":"blockus:auto_generated/chorus_block"},{"predicate":{"custom_model_data":271},"model":"blockus:auto_generated/soul_sandstone"},{"predicate":{"custom_model_data":272},"model":"blockus:auto_generated/white_oak_log"},{"predicate":{"custom_model_data":273},"model":"blockus:auto_generated/stripped_white_oak_log"},{"predicate":{"custom_model_data":274},"model":"blockus:auto_generated/blaze_bricks"},{"predicate":{"custom_model_data":275},"model":"blockus:auto_generated/chiseled_lava_bricks"},{"predicate":{"custom_model_data":276},"model":"blockus:auto_generated/chiseled_lava_polished_blackstone"},{"predicate":{"custom_model_data":277},"model":"blockus:auto_generated/chiseled_water_bricks"},{"predicate":{"custom_model_data":278},"model":"blockus:auto_generated/lava_bricks"},{"predicate":{"custom_model_data":279},"model":"blockus:auto_generated/lava_polished_blackstone_bricks"},{"predicate":{"custom_model_data":280},"model":"blockus:auto_generated/magma_bricks"},{"predicate":{"custom_model_data":281},"model":"blockus:auto_generated/nether_stars_block"},{"predicate":{"custom_model_data":282},"model":"blockus:auto_generated/rainbow_block"},{"predicate":{"custom_model_data":283},"model":"blockus:auto_generated/rainbow_bricks"},{"predicate":{"custom_model_data":284},"model":"blockus:auto_generated/rainbow_colored_tiles"},{"predicate":{"custom_model_data":285},"model":"blockus:auto_generated/stars_block"},{"predicate":{"custom_model_data":286},"model":"blockus:auto_generated/water_bricks"},{"predicate":{"custom_model_data":287},"model":"minecraft:item/oak_planks"}]}