{"parent":"minecraft:block/oak_wood","overrides":[{"predicate":{"custom_model_data":1},"model":"summer:item/beach_umbrella"},{"predicate":{"custom_model_data":2},"model":"halloweenie:item/appletraycaramelgreen"},{"predicate":{"custom_model_data":3},"model":"halloweenie:item/appletraycaramelred"},{"predicate":{"custom_model_data":4},"model":"halloweenie:item/bag_pumpkin"},{"predicate":{"custom_model_data":5},"model":"halloweenie:item/bitdatclosed"},{"predicate":{"custom_model_data":6},"model":"halloweenie:item/bitdatopened"},{"predicate":{"custom_model_data":7},"model":"halloweenie:item/cake_halloween"},{"predicate":{"custom_model_data":8},"model":"halloweenie:item/cake_halloweenpurple"},{"predicate":{"custom_model_data":9},"model":"halloweenie:item/cake_halloweenred"},{"predicate":{"custom_model_data":10},"model":"halloweenie:item/cakepop_galaxy"},{"predicate":{"custom_model_data":11},"model":"halloweenie:item/candelabra_table"},{"predicate":{"custom_model_data":12},"model":"halloweenie:item/candlehanging"},{"predicate":{"custom_model_data":13},"model":"halloweenie:item/candlestanding"},{"predicate":{"custom_model_data":14},"model":"halloweenie:item/candybowl"},{"predicate":{"custom_model_data":15},"model":"halloweenie:item/candyboxclosed"},{"predicate":{"custom_model_data":16},"model":"halloweenie:item/candyboxopened"},{"predicate":{"custom_model_data":17},"model":"halloweenie:item/ceiling_lantern1"},{"predicate":{"custom_model_data":18},"model":"halloweenie:item/ceiling_lantern2"},{"predicate":{"custom_model_data":19},"model":"halloweenie:item/coffin_closed"},{"predicate":{"custom_model_data":20},"model":"halloweenie:item/coffin_cracked"},{"predicate":{"custom_model_data":21},"model":"halloweenie:item/coffin_open"},{"predicate":{"custom_model_data":22},"model":"halloweenie:item/cookies_spidertray"},{"predicate":{"custom_model_data":23},"model":"halloweenie:item/cup_solo"},{"predicate":{"custom_model_data":24},"model":"halloweenie:item/cup_stacked"},{"predicate":{"custom_model_data":25},"model":"halloweenie:item/cupcake_halloween"},{"predicate":{"custom_model_data":26},"model":"halloweenie:item/gate_double"},{"predicate":{"custom_model_data":27},"model":"halloweenie:item/gate_fence"},{"predicate":{"custom_model_data":28},"model":"halloweenie:item/gate_single"},{"predicate":{"custom_model_data":29},"model":"halloweenie:item/guillotine_bed"},{"predicate":{"custom_model_data":30},"model":"halloweenie:item/guillotine"},{"predicate":{"custom_model_data":31},"model":"halloweenie:item/hanging_ghost"},{"predicate":{"custom_model_data":32},"model":"halloweenie:item/hangingcage"},{"predicate":{"custom_model_data":33},"model":"halloweenie:item/jack_big"},{"predicate":{"custom_model_data":34},"model":"halloweenie:item/jack_group"},{"predicate":{"custom_model_data":35},"model":"halloweenie:item/krunchbarclosed"},{"predicate":{"custom_model_data":36},"model":"halloweenie:item/krunchbaropened"},{"predicate":{"custom_model_data":37},"model":"halloweenie:item/large_cage"},{"predicate":{"custom_model_data":38},"model":"halloweenie:item/lights_bat"},{"predicate":{"custom_model_data":39},"model":"halloweenie:item/lights_pumpkin"},{"predicate":{"custom_model_data":40},"model":"halloweenie:item/opengrave"},{"predicate":{"custom_model_data":41},"model":"halloweenie:item/pillory"},{"predicate":{"custom_model_data":42},"model":"halloweenie:item/pinata_spider"},{"predicate":{"custom_model_data":43},"model":"halloweenie:item/pumpkinbig"},{"predicate":{"custom_model_data":44},"model":"halloweenie:item/pumpkingroup"},{"predicate":{"custom_model_data":45},"model":"halloweenie:item/punchbowl_green"},{"predicate":{"custom_model_data":46},"model":"halloweenie:item/skull1"},{"predicate":{"custom_model_data":47},"model":"halloweenie:item/tomb_closed"},{"predicate":{"custom_model_data":48},"model":"halloweenie:item/tomb_open"},{"predicate":{"custom_model_data":49},"model":"halloweenie:item/tomb_propped"},{"predicate":{"custom_model_data":50},"model":"halloweenie:item/tombstone_big"},{"predicate":{"custom_model_data":51},"model":"halloweenie:item/tombstone_cracked"},{"predicate":{"custom_model_data":52},"model":"halloweenie:item/tombstone_cross"},{"predicate":{"custom_model_data":53},"model":"halloweenie:item/tombstone_small"},{"predicate":{"custom_model_data":54},"model":"halloweenie:item/tombstone_squared"},{"predicate":{"custom_model_data":55},"model":"halloweenie:item/vampirehunterkit"},{"predicate":{"custom_model_data":56},"model":"halloweenie:item/wall_lantern2"},{"predicate":{"custom_model_data":57},"model":"halloweenie:item/windowboard1"},{"predicate":{"custom_model_data":58},"model":"halloweenie:item/windowboard2"},{"predicate":{"custom_model_data":59},"model":"halloweenie:item/windowboard3"},{"predicate":{"custom_model_data":60},"model":"halloweenie:item/woodenpost"},{"predicate":{"custom_model_data":61},"model":"halloweenie:item/zeesescupsclosed"},{"predicate":{"custom_model_data":62},"model":"halloweenie:item/zeesescupsopened"},{"predicate":{"custom_model_data":63},"model":"halloweenie:item/wall_lantern1"},{"predicate":{"custom_model_data":64},"model":"minecraft:item/oak_wood"}]}