{"parent":"minecraft:item/generated","textures":{"layer0":"minecraft:item/paper"},"overrides":[{"predicate":{"custom_model_data":1},"model":"itemsadder:item/old_clock"},{"predicate":{"custom_model_data":2},"model":"itemsadder:item/opened_chest"},{"predicate":{"custom_model_data":3},"model":"itemsadder:item/computer_desk"},{"predicate":{"custom_model_data":4},"model":"itemsadder:item/table"},{"predicate":{"custom_model_data":5},"model":"itemsadder:item/lamp"},{"predicate":{"custom_model_data":6},"model":"itemsadder:item/simple_chair"},{"predicate":{"custom_model_data":7},"model":"itemsadder:item/lava_lamp"},{"predicate":{"custom_model_data":8},"model":"itemsadder:item/white_chair"},{"predicate":{"custom_model_data":9},"model":"itemsadder:item/glass_table"},{"predicate":{"custom_model_data":10},"model":"itemsadder:item/computer_chair"},{"predicate":{"custom_model_data":11},"model":"itemsadder:item/monitor"},{"predicate":{"custom_model_data":12},"model":"itemsadder:item/tv"},{"predicate":{"custom_model_data":13},"model":"itemsadder:item/mini_fridge"},{"predicate":{"custom_model_data":14},"model":"itemsadder:item/energy_extractor"},{"predicate":{"custom_model_data":15},"model":"itemsadder:item/energy_converter"},{"predicate":{"custom_model_data":16},"model":"itemsadder:item/vending_machine"},{"predicate":{"custom_model_data":17},"model":"itemsadder:item/coffee_machine"},{"predicate":{"custom_model_data":18},"model":"itemsadder:item/mysterious_stone"},{"predicate":{"custom_model_data":19},"model":"itemsadder:item/alchemy_candles"},{"predicate":{"custom_model_data":20},"model":"itemsadder:item/painting_burst"},{"predicate":{"custom_model_data":21},"model":"itemsadder:item/painting_courbet"},{"predicate":{"custom_model_data":22},"model":"itemsadder:item/painting_graham"},{"predicate":{"custom_model_data":23},"model":"itemsadder:item/painting_match"},{"predicate":{"custom_model_data":24},"model":"itemsadder:item/painting_pool"},{"predicate":{"custom_model_data":25},"model":"itemsadder:item/painting_skull_and_roses"},{"predicate":{"custom_model_data":26},"model":"itemsadder:item/painting_stage"},{"predicate":{"custom_model_data":27},"model":"itemsadder:item/painting_void"},{"predicate":{"custom_model_data":28},"model":"itemsadder:item/painting_wanderer"},{"predicate":{"custom_model_data":29},"model":"itemsadder:item/white_bar_chair"},{"predicate":{"custom_model_data":30},"model":"itemsadder:item/orange_bar_chair"},{"predicate":{"custom_model_data":31},"model":"itemsadder:item/magenta_bar_chair"},{"predicate":{"custom_model_data":32},"model":"itemsadder:item/light_blue_bar_chair"},{"predicate":{"custom_model_data":33},"model":"itemsadder:item/yellow_bar_chair"},{"predicate":{"custom_model_data":34},"model":"itemsadder:item/lime_bar_chair"},{"predicate":{"custom_model_data":35},"model":"itemsadder:item/pink_bar_chair"},{"predicate":{"custom_model_data":36},"model":"itemsadder:item/gray_bar_chair"},{"predicate":{"custom_model_data":37},"model":"itemsadder:item/light_gray_bar_chair"},{"predicate":{"custom_model_data":38},"model":"itemsadder:item/cyan_bar_chair"},{"predicate":{"custom_model_data":39},"model":"itemsadder:item/purple_bar_chair"},{"predicate":{"custom_model_data":40},"model":"itemsadder:item/blue_bar_chair"},{"predicate":{"custom_model_data":41},"model":"itemsadder:item/brown_bar_chair"},{"predicate":{"custom_model_data":42},"model":"itemsadder:item/green_bar_chair"},{"predicate":{"custom_model_data":43},"model":"itemsadder:item/red_bar_chair"},{"predicate":{"custom_model_data":44},"model":"itemsadder:item/black_bar_chair"},{"predicate":{"custom_model_data":45},"model":"itemsadder:item/white_wood_chair"},{"predicate":{"custom_model_data":46},"model":"itemsadder:item/orange_wood_chair"},{"predicate":{"custom_model_data":47},"model":"itemsadder:item/magenta_wood_chair"},{"predicate":{"custom_model_data":48},"model":"itemsadder:item/light_blue_wood_chair"},{"predicate":{"custom_model_data":49},"model":"itemsadder:item/yellow_wood_chair"},{"predicate":{"custom_model_data":50},"model":"itemsadder:item/lime_wood_chair"},{"predicate":{"custom_model_data":51},"model":"itemsadder:item/pink_wood_chair"},{"predicate":{"custom_model_data":52},"model":"itemsadder:item/gray_wood_chair"},{"predicate":{"custom_model_data":53},"model":"itemsadder:item/light_gray_wood_chair"},{"predicate":{"custom_model_data":54},"model":"itemsadder:item/cyan_wood_chair"},{"predicate":{"custom_model_data":55},"model":"itemsadder:item/purple_wood_chair"},{"predicate":{"custom_model_data":56},"model":"itemsadder:item/blue_wood_chair"},{"predicate":{"custom_model_data":57},"model":"itemsadder:item/brown_wood_chair"},{"predicate":{"custom_model_data":58},"model":"itemsadder:item/green_wood_chair"},{"predicate":{"custom_model_data":59},"model":"itemsadder:item/red_wood_chair"},{"predicate":{"custom_model_data":60},"model":"itemsadder:item/black_wood_chair"},{"predicate":{"custom_model_data":61},"model":"itemsadder:item/dark_throne"},{"predicate":{"custom_model_data":62},"model":"itemsadder:item/school_chair"},{"predicate":{"custom_model_data":63},"model":"itemsadder:item/school_chair_lazy"},{"predicate":{"custom_model_data":64},"model":"itemsadder:item/white_chandeliers"},{"predicate":{"custom_model_data":65},"model":"itemsadder:item/black_chandeliers"},{"predicate":{"custom_model_data":66},"model":"itemsadder:item/black_and_red_chandeliers"},{"predicate":{"custom_model_data":67},"model":"itemsadder:item/small_fountain"},{"predicate":{"custom_model_data":68},"model":"itemsadder:item/lit_campfire"},{"predicate":{"custom_model_data":69},"model":"itemsadder:item/decorative_pumpkin"},{"predicate":{"custom_model_data":70},"model":"itemsadder:item/christmas_tree"},{"predicate":{"custom_model_data":71},"model":"itemsadder:item/christmas_candle"},{"predicate":{"custom_model_data":72},"model":"itemsadder:item/decorative_candy_cane"},{"predicate":{"custom_model_data":73},"model":"itemsadder:item/christmas_wreath"},{"predicate":{"custom_model_data":74},"model":"itemsadder:auto_generated/ruby_block"},{"predicate":{"custom_model_data":75},"model":"itemsadder:auto_generated/crystal_block"},{"predicate":{"custom_model_data":76},"model":"itemsadder:auto_generated/spinel_block"},{"predicate":{"custom_model_data":77},"model":"itemsadder:auto_generated/turquoise_block"},{"predicate":{"custom_model_data":78},"model":"itemsadder:auto_generated/aqua_aura_block"},{"predicate":{"custom_model_data":79},"model":"itemsadder:auto_generated/amethyst_block"},{"predicate":{"custom_model_data":80},"model":"itemsadder:auto_generated/amethyst_prism_block"},{"predicate":{"custom_model_data":81},"model":"itemsadder:auto_generated/crying_obsidian"},{"predicate":{"custom_model_data":82},"model":"itemsadder:auto_generated/nice_stone"},{"predicate":{"custom_model_data":83},"model":"itemsadder:auto_generated/nice_wood"},{"predicate":{"custom_model_data":84},"model":"itemsadder:auto_generated/modern_stone"},{"predicate":{"custom_model_data":85},"model":"itemsadder:auto_generated/modern_sandstone"},{"predicate":{"custom_model_data":86},"model":"itemsadder:auto_generated/modern_quartz"},{"predicate":{"custom_model_data":87},"model":"itemsadder:auto_generated/ruby_ore"},{"predicate":{"custom_model_data":88},"model":"itemsadder:auto_generated/spinel_ore"},{"predicate":{"custom_model_data":89},"model":"itemsadder:auto_generated/turquoise_ore"},{"predicate":{"custom_model_data":90},"model":"itemsadder:auto_generated/aqua_aura_ore"},{"predicate":{"custom_model_data":91},"model":"itemsadder:auto_generated/amethyst_ore"},{"predicate":{"custom_model_data":92},"model":"itemsadder:auto_generated/bronze_ore"},{"predicate":{"custom_model_data":93},"model":"itemsadder:auto_generated/mysterious_ore"},{"predicate":{"custom_model_data":94},"model":"itemsadder:auto_generated/end_ore"},{"predicate":{"custom_model_data":95},"model":"itemsadder:block/restoration_table"},{"predicate":{"custom_model_data":96},"model":"itemsadder:block/customization_table"},{"predicate":{"custom_model_data":97},"model":"itemsadder:auto_generated/iron_dirt_ore"},{"predicate":{"custom_model_data":98},"model":"itemsadder:auto_generated/gold_dirt_ore"},{"predicate":{"custom_model_data":99},"model":"itemsadder:auto_generated/coal_dirt_ore"},{"predicate":{"custom_model_data":100},"model":"itemsadder:auto_generated/blaze_powder_ore"},{"predicate":{"custom_model_data":101},"model":"itemsadder:auto_generated/nether_alchemy_ore"},{"predicate":{"custom_model_data":102},"model":"mcicons:auto_generated/icon_left_gray"},{"predicate":{"custom_model_data":103},"model":"mcicons:auto_generated/icon_left_blue"},{"predicate":{"custom_model_data":104},"model":"mcicons:auto_generated/icon_right_gray"},{"predicate":{"custom_model_data":105},"model":"mcicons:auto_generated/icon_right_blue"},{"predicate":{"custom_model_data":106},"model":"mcicons:auto_generated/icon_up_gray"},{"predicate":{"custom_model_data":107},"model":"mcicons:auto_generated/icon_up_blue"},{"predicate":{"custom_model_data":108},"model":"mcicons:auto_generated/icon_down_gray"},{"predicate":{"custom_model_data":109},"model":"mcicons:auto_generated/icon_down_blue"},{"predicate":{"custom_model_data":110},"model":"mcicons:auto_generated/icon_next_white"},{"predicate":{"custom_model_data":111},"model":"mcicons:auto_generated/icon_next_orange"},{"predicate":{"custom_model_data":112},"model":"mcicons:auto_generated/icon_back_white"},{"predicate":{"custom_model_data":113},"model":"mcicons:auto_generated/icon_back_orange"},{"predicate":{"custom_model_data":114},"model":"mcicons:auto_generated/icon_cancel"},{"predicate":{"custom_model_data":115},"model":"mcicons:auto_generated/icon_confirm"},{"predicate":{"custom_model_data":116},"model":"mcicons:auto_generated/icon_lock"},{"predicate":{"custom_model_data":117},"model":"mcicons:auto_generated/icon_unlock"},{"predicate":{"custom_model_data":118},"model":"mcicons:auto_generated/icon_web"},{"predicate":{"custom_model_data":119},"model":"mcicons:auto_generated/icon_ender_chest"},{"predicate":{"custom_model_data":120},"model":"mcicons:auto_generated/icon_refresh"},{"predicate":{"custom_model_data":121},"model":"mcicons:auto_generated/icon_time_day"},{"predicate":{"custom_model_data":122},"model":"mcicons:auto_generated/icon_time_midnight"},{"predicate":{"custom_model_data":123},"model":"mcicons:auto_generated/icon_time_night"},{"predicate":{"custom_model_data":124},"model":"mcicons:auto_generated/icon_time_noon"},{"predicate":{"custom_model_data":125},"model":"mcicons:auto_generated/icon_time_sunrise"},{"predicate":{"custom_model_data":126},"model":"mcicons:auto_generated/icon_time_sunset"},{"predicate":{"custom_model_data":127},"model":"mcicons:auto_generated/icon_toggle_off"},{"predicate":{"custom_model_data":128},"model":"mcicons:auto_generated/icon_toggle_on"},{"predicate":{"custom_model_data":129},"model":"mcicons:auto_generated/icon_arrow_chest"},{"predicate":{"custom_model_data":130},"model":"mcicons:auto_generated/icon_plus"},{"predicate":{"custom_model_data":131},"model":"mcicons:auto_generated/icon_color_picker"},{"predicate":{"custom_model_data":132},"model":"mcicons:auto_generated/icon_comment"},{"predicate":{"custom_model_data":133},"model":"mcicons:auto_generated/icon_search"},{"predicate":{"custom_model_data":134},"model":"itemsadder:item/shopping_cart"},{"predicate":{"custom_model_data":135},"model":"itemsadder:item/white_go_cart"},{"predicate":{"custom_model_data":136},"model":"itemsadder:item/orange_go_cart"},{"predicate":{"custom_model_data":137},"model":"itemsadder:item/magenta_go_cart"},{"predicate":{"custom_model_data":138},"model":"itemsadder:item/light_blue_go_cart"},{"predicate":{"custom_model_data":139},"model":"itemsadder:item/yellow_go_cart"},{"predicate":{"custom_model_data":140},"model":"itemsadder:item/lime_go_cart"},{"predicate":{"custom_model_data":141},"model":"itemsadder:item/pink_go_cart"},{"predicate":{"custom_model_data":142},"model":"itemsadder:item/gray_go_cart"},{"predicate":{"custom_model_data":143},"model":"itemsadder:item/light_gray_go_cart"},{"predicate":{"custom_model_data":144},"model":"itemsadder:item/cyan_go_cart"},{"predicate":{"custom_model_data":145},"model":"itemsadder:item/purple_go_cart"},{"predicate":{"custom_model_data":146},"model":"itemsadder:item/blue_go_cart"},{"predicate":{"custom_model_data":147},"model":"itemsadder:item/brown_go_cart"},{"predicate":{"custom_model_data":148},"model":"itemsadder:item/green_go_cart"},{"predicate":{"custom_model_data":149},"model":"itemsadder:item/red_go_cart"},{"predicate":{"custom_model_data":150},"model":"itemsadder:item/black_go_cart"},{"predicate":{"custom_model_data":151},"model":"itemsadder:item/oak_wood_plane"},{"predicate":{"custom_model_data":152},"model":"itemsadder:item/spruce_wood_plane"},{"predicate":{"custom_model_data":153},"model":"itemsadder:item/birch_wood_plane"},{"predicate":{"custom_model_data":154},"model":"itemsadder:item/jungle_wood_plane"},{"predicate":{"custom_model_data":155},"model":"itemsadder:item/acacia_wood_plane"},{"predicate":{"custom_model_data":156},"model":"itemsadder:item/dark_oak_wood_plane"},{"predicate":{"custom_model_data":157},"model":"itemsadder:item/ufo"},{"predicate":{"custom_model_data":158},"model":"itemsadder:item/broomstick"},{"predicate":{"custom_model_data":159},"model":"minecraft:item/paper"}]}