{
	"__comment": "Designed by Sixfootblue with Cubik Studio - https://cubik.studio",
	"textures": {
		"particle": "./stove_black",
		"texture": "./stove_black"
	},
	"elements": [
		{
			"__comment": "Box1",
			"from": [ 0, 0, 0 ],
			"to": [ 16, 16, 16 ],
			"faces": {
				"down": { "uv": [ 8, 8, 12, 12 ], "texture": "#texture" },
				"up": { "uv": [ 4, 8, 8, 12 ], "texture": "#texture" },
				"north": { "uv": [ 4, 12, 8, 16 ], "texture": "#texture" },
				"south": { "uv": [ 12, 12, 16, 16 ], "texture": "#texture" },
				"west": { "uv": [ 8, 12, 12, 16 ], "texture": "#texture" },
				"east": { "uv": [ 0, 12, 4, 16 ], "texture": "#texture" }
			}
		},
		{
			"__comment": "Box2",
			"from": [ 0, 16, 14 ],
			"to": [ 16, 20, 16 ],
			"faces": {
				"down": { "uv": [ 4.5, 0, 8.5, 0.5 ], "texture": "#texture" },
				"up": { "uv": [ 0.5, 0, 4.5, 0.5 ], "texture": "#texture" },
				"north": { "uv": [ 0.5, 0.5, 4.5, 1.5 ], "texture": "#texture" },
				"south": { "uv": [ 5, 0.5, 9, 1.5 ], "texture": "#texture" },
				"west": { "uv": [ 4.5, 0.5, 5, 1.5 ], "texture": "#texture" },
				"east": { "uv": [ 0, 0.5, 0.5, 1.5 ], "texture": "#texture" }
			}
		},
		{
			"__comment": "Box3",
			"from": [ 1, 1, -1 ],
			"to": [ 15, 15, 0 ],
			"faces": {
				"down": { "uv": [ 4.25, 15.5, 7.75, 15.75 ], "texture": "#texture" },
				"up": { "uv": [ 4.25, 12.25, 7.75, 12.5 ], "texture": "#texture" },
				"north": { "uv": [ 4.25, 12.25, 7.75, 15.75 ], "texture": "#texture" },
				"south": { "uv": [ 4.25, 12.25, 7.75, 15.75 ], "texture": "#texture" },
				"west": { "uv": [ 7.5, 12.25, 7.75, 15.75 ], "texture": "#texture" },
				"east": { "uv": [ 4.25, 12.25, 4.5, 15.75 ], "texture": "#texture" }
			}
		},
		{
			"__comment": "Box4",
			"from": [ 2, 13, -2 ],
			"to": [ 14, 14, -1 ],
			"faces": {
				"down": { "uv": [ 4.5, 12.5, 7.5, 12.75 ], "texture": "#texture" },
				"up": { "uv": [ 4.5, 12.5, 7.5, 12.75 ], "texture": "#texture" },
				"north": { "uv": [ 4.5, 12.5, 7.5, 12.75 ], "texture": "#texture" },
				"south": { "uv": [ 4.5, 12.5, 7.5, 12.75 ], "texture": "#texture" },
				"west": { "uv": [ 7.25, 12.5, 7.5, 12.75 ], "texture": "#texture" },
				"east": { "uv": [ 4.5, 12.5, 4.75, 12.75 ], "texture": "#texture" }
			}
		}
	],
	"display": {
		"thirdperson_righthand": {
			"rotation":  [ 75, 45, 0 ],
			"translation":  [ 0, 2.5, 0 ],
			"scale":  [ 0.375, 0.375, 0.375 ]
		},
		"thirdperson_lefthand": {
			"rotation":  [ 75, 45, 0 ],
			"translation":  [ 0, 2.5, 0 ],
			"scale":  [ 0.375, 0.375, 0.375 ]
		},
		"firstperson_righthand": {
			"rotation":  [ 0, 45, 0 ],
			"scale":  [ 0.4, 0.4, 0.4 ]
		},
		"firstperson_lefthand": {
			"rotation":  [ 0, 45, 0 ],
			"scale":  [ 0.4, 0.4, 0.4 ]
		},
		"gui": {
			"rotation":  [ 30, 225, 0 ],
			"scale":  [ 0.625, 0.625, 0.625 ]
		},
		"ground": {
			"translation":  [ 0, 2, 0 ],
			"scale":  [ 0.5, 0.5, 0.5 ]
		},
		"fixed": {
			"translation":  [ 0, 0, 18 ],
			"scale":  [ 2.01, 2.01, 2.01 ]
		}
	}
}