{
  "parent": "minecraft:item/generated",
  "textures": {
    "layer0": "minecraft:item/paper"
  },
  "overrides": [
    {
      "predicate": { "custom_model_data": 100 },
      "model": "item/default_vending_machine"
    },
    {
      "predicate": { "custom_model_data": 101 },
      "model": "item/wooden_vending_machine"
    },
    {
      "predicate": { "custom_model_data": 102 },
      "model": "item/stone_vending_machine"
    },
    {
      "predicate": { "custom_model_data": 103 },
      "model": "item/nether_vending_machine"
    },
    {
      "predicate": { "custom_model_data": 104 },
      "model": "item/sand_vending_machine"
    },
    {
      "predicate": { "custom_model_data": 105 },
      "model": "item/prismarine_vending_machine"
    },
    {
      "predicate": { "custom_model_data": 106 },
      "model": "item/ice_vending_machine"
    },
    {
      "predicate": { "custom_model_data": 107 },
      "model": "item/blackstone_vending_machine"
    },
    {
      "predicate": { "custom_model_data": 108 },
      "model": "item/copper_vending_machine"
    },
    {
      "predicate": { "custom_model_data": 109 },
      "model": "item/amethyst_vending_machine"
    },
    {
      "predicate": { "custom_model_data": 200 },
      "model": "item/default_briefcase"
    },
    {
      "predicate": { "custom_model_data": 201 },
      "model": "item/wooden_briefcase"
    },
    {
      "predicate": { "custom_model_data": 202 },
      "model": "item/stone_briefcase"
    },
    {
      "predicate": { "custom_model_data": 203 },
      "model": "item/nether_briefcase"
    },
    {
      "predicate": { "custom_model_data": 204 },
      "model": "item/sand_briefcase"
    },
    {
      "predicate": { "custom_model_data": 205 },
      "model": "item/prismarine_briefcase"
    },
    {
      "predicate": { "custom_model_data": 206 },
      "model": "item/ice_briefcase"
    },
    {
      "predicate": { "custom_model_data": 207 },
      "model": "item/blackstone_briefcase"
    },
    {
      "predicate": { "custom_model_data": 208 },
      "model": "item/copper_briefcase"
    },
    {
      "predicate": { "custom_model_data": 209 },
      "model": "item/amethyst_briefcase"
    }
  ]
}
